run_id,peer_count,block_id,serial_position,tx_id,timestamp,latency_ms,rbac_overhead_ms,host_id,session_id
PEER-04-R1,4,435954,0,4dd9f01a2be2c5f03df78270,2025-10-01T09:00:00+01:00,1142.0,319.8,bench-host-01,peer-scaling-2025-10
PEER-04-R1,4,435954,1,e64864600fc454c6a6408bf5,2025-10-01T09:00:00+01:00,1222.1,327.8,bench-host-01,peer-scaling-2025-10
PEER-04-R1,4,435954,2,afdf41fa3d6caf7bb88ab710,2025-10-01T09:00:01+01:00,1370.9,322.8,bench-host-01,peer-scaling-2025-10
PEER-04-R1,4,435954,3,dd15a24af46da8940da566c1,2025-10-01T09:00:01+01:00,1154.0,316.8,bench-host-01,peer-scaling-2025-10
PEER-04-R1,4,435954,4,c4f9ff16f99cf2303a838f94,2025-10-01T09:00:02+01:00,1137.2,316.2,bench-host-01,peer-scaling-2025-10
PEER-04-R1,4,435954,5,12f60f95f74de47cc3b2320d,2025-10-01T09:00:03+01:00,1264.4,323.9,bench-host-01,peer-scaling-2025-10
PEER-04-R1,4,435954,6,914a360959829585ee4c6aec,2025-10-01T09:00:03+01:00,1141.0,325.4,bench-host-01,peer-scaling-2025-10
PEER-04-R1,4,435954,7,c86229b7bdc2d1b472588424,2025-10-01T09:00:04+01:00,1150.1,320.4,bench-host-01,peer-scaling-2025-10
PEER-04-R1,4,435954,8,08fc9d4d8e4db80313534b57,2025-10-01T09:00:04+01:00,1250.9,317.6,bench-host-01,peer-scaling-2025-10
PEER-04-R1,4,435954,9,b9daff8b1e3c4aec9d3d3233,2025-10-01T09:00:05+01:00,1181.2,324.8,bench-host-01,peer-scaling-2025-10
PEER-04-R1,4,435955,10,03b237f9772c519ef419009f,2025-10-01T09:00:06+01:00,1241.3,319.9,bench-host-01,peer-scaling-2025-10
PEER-04-R1,4,435955,11,cc204c963f6046b0167bb484,2025-10-01T09:00:06+01:00,1112.5,309.8,bench-host-01,peer-scaling-2025-10
PEER-04-R1,4,435955,12,5206e1668b1b5c2e43c03a2e,2025-10-01T09:00:07+01:00,1185.5,312.4,bench-host-01,peer-scaling-2025-10
PEER-04-R1,4,435955,13,9e7209064c667237048f5f0a,2025-10-01T09:00:07+01:00,1214.2,319.5,bench-host-01,peer-scaling-2025-10
PEER-04-R1,4,435955,14,23405e2c7f7e7024f3e579c7,2025-10-01T09:00:08+01:00,1200.9,324.2,bench-host-01,peer-scaling-2025-10
PEER-04-R1,4,435955,15,e52b8e24cb9bfffa2ef4bbb3,2025-10-01T09:00:09+01:00,1193.2,311.4,bench-host-01,peer-scaling-2025-10
PEER-04-R1,4,435955,16,5fc3ce54dd0347bff187d523,2025-10-01T09:00:09+01:00,1244.0,322.5,bench-host-01,peer-scaling-2025-10
PEER-04-R1,4,435955,17,069b24c256b4b9ab04688866,2025-10-01T09:00:10+01:00,1202.3,321.4,bench-host-01,peer-scaling-2025-10
PEER-04-R1,4,435955,18,1e33d4209ccbc8c7e01a4088,2025-10-01T09:00:10+01:00,1190.1,323.1,bench-host-01,peer-scaling-2025-10
PEER-04-R1,4,435955,19,2935b2ad237c16c9b51d32a9,2025-10-01T09:00:11+01:00,1138.5,325.3,bench-host-01,peer-scaling-2025-10
PEER-04-R1,4,435956,20,1e9ad0b4bed79b7f66552217,2025-10-01T09:00:12+01:00,1233.6,323.5,bench-host-01,peer-scaling-2025-10
PEER-04-R1,4,435956,21,b4d366bf1d5c6ccd25e72d3b,2025-10-01T09:00:12+01:00,1094.7,314.6,bench-host-01,peer-scaling-2025-10
PEER-04-R1,4,435956,22,051740a5b44157ca96551037,2025-10-01T09:00:13+01:00,1224.3,326.8,bench-host-01,peer-scaling-2025-10
PEER-04-R1,4,435956,23,04bf3987112d8d6e7ef0c877,2025-10-01T09:00:13+01:00,1086.1,315.5,bench-host-01,peer-scaling-2025-10
PEER-04-R1,4,435956,24,fc21b3a9d521c5b4f2487950,2025-10-01T09:00:14+01:00,1205.3,326.3,bench-host-01,peer-scaling-2025-10
PEER-04-R1,4,435956,25,cabc93b3663e27db7a5d89dd,2025-10-01T09:00:15+01:00,1160.8,323.1,bench-host-01,peer-scaling-2025-10
PEER-04-R1,4,435956,26,7b2876ff4a2c191a725f06b5,2025-10-01T09:00:15+01:00,1119.6,318.9,bench-host-01,peer-scaling-2025-10
PEER-04-R1,4,435956,27,2ded900cd27c838a61bb0ec2,2025-10-01T09:00:16+01:00,1216.7,320.4,bench-host-01,peer-scaling-2025-10
PEER-04-R1,4,435956,28,529feb39168c164664b36e98,2025-10-01T09:00:16+01:00,1285.4,338.4,bench-host-01,peer-scaling-2025-10
PEER-04-R1,4,435956,29,62ca588f6120381d2fe21982,2025-10-01T09:00:17+01:00,1170.8,314.1,bench-host-01,peer-scaling-2025-10
PEER-04-R1,4,435957,30,82ab64039b1077733ae79c58,2025-10-01T09:00:18+01:00,1249.0,318.6,bench-host-01,peer-scaling-2025-10
PEER-04-R1,4,435957,31,fb9997537dcbbdbc53c21d15,2025-10-01T09:00:18+01:00,1203.8,324.2,bench-host-01,peer-scaling-2025-10
PEER-04-R1,4,435957,32,5753dbcce57b3cb462524099,2025-10-01T09:00:19+01:00,1220.2,329.5,bench-host-01,peer-scaling-2025-10
PEER-04-R1,4,435957,33,07772c51b5c0380c5bb8d462,2025-10-01T09:00:19+01:00,1195.3,319.0,bench-host-01,peer-scaling-2025-10
PEER-04-R1,4,435957,34,c04c778502c8d3403310f3cc,2025-10-01T09:00:20+01:00,1322.3,327.4,bench-host-01,peer-scaling-2025-10
PEER-04-R1,4,435957,35,20fafc94c1fbea03375294dc,2025-10-01T09:00:21+01:00,1237.7,319.0,bench-host-01,peer-scaling-2025-10
PEER-04-R1,4,435957,36,5d483de980b90d75f8f07eae,2025-10-01T09:00:21+01:00,1305.6,317.0,bench-host-01,peer-scaling-2025-10
PEER-04-R1,4,435957,37,c06e34b0fefaae4394695a5a,2025-10-01T09:00:22+01:00,1194.1,328.3,bench-host-01,peer-scaling-2025-10
PEER-04-R1,4,435957,38,01aca7b06284d232aa3a9239,2025-10-01T09:00:22+01:00,1201.4,330.7,bench-host-01,peer-scaling-2025-10
PEER-04-R1,4,435957,39,56daceb3514ec5364aaaf8de,2025-10-01T09:00:23+01:00,1214.5,316.9,bench-host-01,peer-scaling-2025-10
PEER-04-R1,4,435957,40,af41f50314dbfdf773abc646,2025-10-01T09:00:24+01:00,1309.7,330.5,bench-host-01,peer-scaling-2025-10
PEER-04-R1,4,435957,41,7e9de6a557a85a3c000ee33e,2025-10-01T09:00:24+01:00,1190.4,323.0,bench-host-01,peer-scaling-2025-10
PEER-04-R1,4,435957,42,dc767a3d3a1e535e7d42af5f,2025-10-01T09:00:25+01:00,1256.8,321.9,bench-host-01,peer-scaling-2025-10
PEER-04-R1,4,435957,43,3950a49049694cf1d60f8661,2025-10-01T09:00:25+01:00,1239.0,315.8,bench-host-01,peer-scaling-2025-10
PEER-04-R1,4,435957,44,e19492f8d712e1e44a89862a,2025-10-01T09:00:26+01:00,1104.6,316.8,bench-host-01,peer-scaling-2025-10
PEER-04-R1,4,435957,45,c79dba4b02e03b05d1cf1d79,2025-10-01T09:00:27+01:00,1228.9,318.2,bench-host-01,peer-scaling-2025-10
PEER-04-R1,4,435957,46,d934e4a326fbe3881c2cefdc,2025-10-01T09:00:27+01:00,1127.9,316.7,bench-host-01,peer-scaling-2025-10
PEER-04-R1,4,435957,47,394c8756b1aeb4e2571aed39,2025-10-01T09:00:28+01:00,1275.8,324.9,bench-host-01,peer-scaling-2025-10
PEER-04-R1,4,435957,48,d41be6681c6eac72a03c7c2c,2025-10-01T09:00:28+01:00,1132.4,325.1,bench-host-01,peer-scaling-2025-10
PEER-04-R1,4,435957,49,6953f5b67260805e791f52bb,2025-10-01T09:00:29+01:00,1216.7,324.0,bench-host-01,peer-scaling-2025-10
PEER-04-R1,4,435957,50,ea99b30e691314716fe80345,2025-10-01T09:00:30+01:00,1184.6,314.2,bench-host-01,peer-scaling-2025-10
PEER-04-R1,4,435957,51,a023fa132139509f2b4b8301,2025-10-01T09:00:30+01:00,1206.6,323.5,bench-host-01,peer-scaling-2025-10
PEER-04-R1,4,435957,52,8174d617a0c0b5e2d3eaed40,2025-10-01T09:00:31+01:00,1187.8,319.0,bench-host-01,peer-scaling-2025-10
PEER-04-R1,4,435957,53,f6928d7f592a6f6c8c20a1d1,2025-10-01T09:00:31+01:00,1129.8,319.9,bench-host-01,peer-scaling-2025-10
PEER-04-R1,4,435958,54,b742368177b5430ebc2368ea,2025-10-01T09:00:32+01:00,1212.5,330.0,bench-host-01,peer-scaling-2025-10
PEER-04-R1,4,435958,55,df7adffc1868fd7de5c84382,2025-10-01T09:00:33+01:00,1156.9,318.0,bench-host-01,peer-scaling-2025-10
PEER-04-R1,4,435959,56,6d40f196add4fc278db69e91,2025-10-01T09:00:33+01:00,1259.5,324.0,bench-host-01,peer-scaling-2025-10
PEER-04-R1,4,435959,57,33e60bbbcd442134c7d1451f,2025-10-01T09:00:34+01:00,1226.4,322.2,bench-host-01,peer-scaling-2025-10
PEER-04-R1,4,435959,58,128ce76ada3d2b86de8cc928,2025-10-01T09:00:34+01:00,1252.3,321.5,bench-host-01,peer-scaling-2025-10
PEER-04-R1,4,435959,59,8647f5460449bdd08bbd70fe,2025-10-01T09:00:35+01:00,1210.2,317.2,bench-host-01,peer-scaling-2025-10
PEER-04-R1,4,435959,60,644ddd39b8b97dbd56d1f4a1,2025-10-01T09:00:36+01:00,1259.1,321.1,bench-host-01,peer-scaling-2025-10
PEER-04-R1,4,435959,61,43e0ed72a92f15c36dbcb8e9,2025-10-01T09:00:36+01:00,1257.4,313.3,bench-host-01,peer-scaling-2025-10
PEER-04-R1,4,435959,62,2024b2a49ba5d8f68ff231cb,2025-10-01T09:00:37+01:00,1253.6,325.1,bench-host-01,peer-scaling-2025-10
PEER-04-R1,4,435959,63,2ea42f1e940dc8fe3120e404,2025-10-01T09:00:37+01:00,1195.9,333.5,bench-host-01,peer-scaling-2025-10
PEER-04-R1,4,435959,64,59ca8313d6c5c53766af6dec,2025-10-01T09:00:38+01:00,1169.6,322.0,bench-host-01,peer-scaling-2025-10
PEER-04-R1,4,435959,65,4fc1b00b63d0c37f066fb1e8,2025-10-01T09:00:39+01:00,1250.8,329.2,bench-host-01,peer-scaling-2025-10
PEER-04-R1,4,435960,66,8bd7f2c4cf804097e67e2aa2,2025-10-01T09:00:39+01:00,1212.8,323.7,bench-host-01,peer-scaling-2025-10
PEER-04-R1,4,435960,67,48688b29a7e266aeaece3713,2025-10-01T09:00:40+01:00,1184.5,318.7,bench-host-01,peer-scaling-2025-10
PEER-04-R1,4,435960,68,0d52b66046aeab9d1f394db0,2025-10-01T09:00:40+01:00,1216.6,326.1,bench-host-01,peer-scaling-2025-10
PEER-04-R1,4,435960,69,045b4b668cd2ef0bd9e8ff33,2025-10-01T09:00:41+01:00,1172.4,322.1,bench-host-01,peer-scaling-2025-10
PEER-04-R1,4,435960,70,e526c2a696be45a836099638,2025-10-01T09:00:42+01:00,1296.0,313.1,bench-host-01,peer-scaling-2025-10
PEER-04-R1,4,435960,71,ea4ac29d25e1f5f0f5dd11b1,2025-10-01T09:00:42+01:00,1197.5,313.4,bench-host-01,peer-scaling-2025-10
PEER-04-R1,4,435960,72,c7012e7d319e1b434bb0a530,2025-10-01T09:00:43+01:00,1171.1,310.4,bench-host-01,peer-scaling-2025-10
PEER-04-R1,4,435960,73,0518c885a52b6bf665850676,2025-10-01T09:00:43+01:00,1065.0,319.4,bench-host-01,peer-scaling-2025-10
PEER-04-R1,4,435960,74,3de4a37f3f54dccf423b8c71,2025-10-01T09:00:44+01:00,1179.4,316.0,bench-host-01,peer-scaling-2025-10
PEER-04-R1,4,435960,75,6232dd75d9cb9cd74e94ac5d,2025-10-01T09:00:45+01:00,1235.5,322.2,bench-host-01,peer-scaling-2025-10
PEER-04-R1,4,435960,76,be7fd0b7de502a65c731504e,2025-10-01T09:00:45+01:00,1215.8,317.7,bench-host-01,peer-scaling-2025-10
PEER-04-R1,4,435960,77,8815e4990ee029da13fb7b6a,2025-10-01T09:00:46+01:00,1153.4,325.0,bench-host-01,peer-scaling-2025-10
PEER-04-R1,4,435960,78,9f358aa641df21244a2a276c,2025-10-01T09:00:46+01:00,1193.7,325.3,bench-host-01,peer-scaling-2025-10
PEER-04-R1,4,435960,79,e797959e80749d5dc43abda2,2025-10-01T09:00:47+01:00,1228.2,315.0,bench-host-01,peer-scaling-2025-10
PEER-04-R1,4,435960,80,fbb5624fa004ec4732d43580,2025-10-01T09:00:48+01:00,1227.6,317.9,bench-host-01,peer-scaling-2025-10
PEER-04-R1,4,435960,81,231eaabd0df105dff3753a5a,2025-10-01T09:00:48+01:00,1238.1,316.8,bench-host-01,peer-scaling-2025-10
PEER-04-R1,4,435960,82,e5170bf71ebe2bddc2aa439b,2025-10-01T09:00:49+01:00,1084.1,318.3,bench-host-01,peer-scaling-2025-10
PEER-04-R1,4,435960,83,89387ca63aba00f95394a33a,2025-10-01T09:00:49+01:00,1194.3,320.8,bench-host-01,peer-scaling-2025-10
PEER-04-R1,4,435960,84,d49ce0926f643002a517a515,2025-10-01T09:00:50+01:00,1180.1,327.2,bench-host-01,peer-scaling-2025-10
PEER-04-R1,4,435960,85,3e838ec3fc2a42ea64a98fcb,2025-10-01T09:00:51+01:00,1129.9,322.2,bench-host-01,peer-scaling-2025-10
PEER-04-R1,4,435960,86,49dee30ed32399fdad29ce63,2025-10-01T09:00:51+01:00,1207.3,319.1,bench-host-01,peer-scaling-2025-10
PEER-04-R1,4,435960,87,e032c6474bb718e6d04ebad3,2025-10-01T09:00:52+01:00,1337.0,319.9,bench-host-01,peer-scaling-2025-10
PEER-04-R1,4,435960,88,cb878bcc5d460a14137258b0,2025-10-01T09:00:53+01:00,1227.3,319.8,bench-host-01,peer-scaling-2025-10
PEER-04-R1,4,435960,89,273c0a027d35459d04070aeb,2025-10-01T09:00:53+01:00,1180.1,333.1,bench-host-01,peer-scaling-2025-10
PEER-04-R1,4,435960,90,91cf67f432e35b0b6f604621,2025-10-01T09:00:54+01:00,1155.3,317.4,bench-host-01,peer-scaling-2025-10
PEER-04-R1,4,435960,91,80a50e20ec116206ddaccb83,2025-10-01T09:00:54+01:00,1262.0,325.8,bench-host-01,peer-scaling-2025-10
PEER-04-R1,4,435960,92,7d45d1d4f29522bfb4342240,2025-10-01T09:00:55+01:00,1199.9,330.3,bench-host-01,peer-scaling-2025-10
PEER-04-R1,4,435960,93,2af3ce651c041a69dd597f44,2025-10-01T09:00:56+01:00,1199.1,320.6,bench-host-01,peer-scaling-2025-10
PEER-04-R1,4,435960,94,c29aec1a2b29fed03410d972,2025-10-01T09:00:56+01:00,1192.3,321.0,bench-host-01,peer-scaling-2025-10
PEER-04-R1,4,435960,95,c138ac70ee9f88d2488568c7,2025-10-01T09:00:57+01:00,1229.8,322.0,bench-host-01,peer-scaling-2025-10
PEER-04-R1,4,435960,96,7bfdb341ac2e6d15b95a3c68,2025-10-01T09:00:57+01:00,1071.8,318.6,bench-host-01,peer-scaling-2025-10
PEER-04-R1,4,435960,97,2e9eef60459f11240512053c,2025-10-01T09:00:58+01:00,1260.1,320.3,bench-host-01,peer-scaling-2025-10
PEER-04-R1,4,435960,98,980f67766a55f5eeefc2033a,2025-10-01T09:00:59+01:00,1202.7,318.0,bench-host-01,peer-scaling-2025-10
PEER-04-R1,4,435961,99,db6a20d048829c8637e37cc1,2025-10-01T09:00:59+01:00,1170.0,320.4,bench-host-01,peer-scaling-2025-10
PEER-04-R1,4,435961,100,976a8e196bd04970a1901cd5,2025-10-01T09:01:00+01:00,1205.7,319.7,bench-host-01,peer-scaling-2025-10
PEER-04-R1,4,435961,101,55d3f7632c1ea9135669e3da,2025-10-01T09:01:00+01:00,1207.9,331.1,bench-host-01,peer-scaling-2025-10
PEER-04-R1,4,435961,102,f03a1ba451a788fae69aec82,2025-10-01T09:01:01+01:00,1191.4,314.2,bench-host-01,peer-scaling-2025-10
PEER-04-R1,4,435961,103,00f31457e8a62f207d754d08,2025-10-01T09:01:02+01:00,1143.2,316.1,bench-host-01,peer-scaling-2025-10
PEER-04-R1,4,435961,104,05cfb9cf6a204e02f28fa152,2025-10-01T09:01:02+01:00,1206.9,323.8,bench-host-01,peer-scaling-2025-10
PEER-04-R1,4,435961,105,0b8598ba6531bf9e0dce70b0,2025-10-01T09:01:03+01:00,1102.2,324.7,bench-host-01,peer-scaling-2025-10
PEER-04-R1,4,435961,106,32a28f1c065bb3c54ad020ce,2025-10-01T09:01:03+01:00,1260.8,317.6,bench-host-01,peer-scaling-2025-10
PEER-04-R1,4,435961,107,0cb9c46f2fd1f21f9bffd5be,2025-10-01T09:01:04+01:00,1213.6,320.0,bench-host-01,peer-scaling-2025-10
PEER-04-R1,4,435961,108,f80deb0dd334011ec3190d92,2025-10-01T09:01:05+01:00,1246.6,317.1,bench-host-01,peer-scaling-2025-10
PEER-04-R1,4,435961,109,67fcf53654250065c4117468,2025-10-01T09:01:05+01:00,1337.1,312.3,bench-host-01,peer-scaling-2025-10
PEER-04-R1,4,435962,110,f5f5fc38210ea51f07faed02,2025-10-01T09:01:06+01:00,1181.9,316.9,bench-host-01,peer-scaling-2025-10
PEER-04-R1,4,435962,111,52114a1232687c379af0d1dc,2025-10-01T09:01:06+01:00,1187.1,320.3,bench-host-01,peer-scaling-2025-10
PEER-04-R1,4,435962,112,c452f07cb43f435502b18563,2025-10-01T09:01:07+01:00,1293.6,323.2,bench-host-01,peer-scaling-2025-10
PEER-04-R1,4,435962,113,b5704f45d0280e716e0667d0,2025-10-01T09:01:08+01:00,1216.7,315.1,bench-host-01,peer-scaling-2025-10
PEER-04-R1,4,435962,114,d1d3b9b09a9eb7dba023ca5a,2025-10-01T09:01:08+01:00,1226.9,323.7,bench-host-01,peer-scaling-2025-10
PEER-04-R1,4,435962,115,973083b785e29f1b9b203fa4,2025-10-01T09:01:09+01:00,1241.2,321.0,bench-host-01,peer-scaling-2025-10
PEER-04-R1,4,435962,116,bba855b79963fd6957f54518,2025-10-01T09:01:09+01:00,1152.6,323.0,bench-host-01,peer-scaling-2025-10
PEER-04-R1,4,435962,117,76fa38fc2e5d7638df983890,2025-10-01T09:01:10+01:00,1141.3,318.2,bench-host-01,peer-scaling-2025-10
PEER-04-R1,4,435962,118,7809a81a35c72c751f2dc084,2025-10-01T09:01:11+01:00,1129.0,329.7,bench-host-01,peer-scaling-2025-10
PEER-04-R1,4,435962,119,6d100b3b9b6210ad376192e6,2025-10-01T09:01:11+01:00,1217.7,322.0,bench-host-01,peer-scaling-2025-10
PEER-04-R1,4,435962,120,981fd14db14e6eee9b845d55,2025-10-01T09:01:12+01:00,1133.8,317.0,bench-host-01,peer-scaling-2025-10
PEER-04-R1,4,435962,121,8f0eddf59fd91773e40d878c,2025-10-01T09:01:12+01:00,1177.0,319.5,bench-host-01,peer-scaling-2025-10
PEER-04-R1,4,435962,122,4a85e41e94530ce58da232dd,2025-10-01T09:01:13+01:00,1216.5,317.4,bench-host-01,peer-scaling-2025-10
PEER-04-R1,4,435962,123,5e5bd202cb962e7ae3383bfa,2025-10-01T09:01:14+01:00,1230.9,319.9,bench-host-01,peer-scaling-2025-10
PEER-04-R1,4,435962,124,9c80e9379ba2a439343a292b,2025-10-01T09:01:14+01:00,1109.5,323.1,bench-host-01,peer-scaling-2025-10
PEER-04-R1,4,435962,125,5a355cdab94f810700248bd8,2025-10-01T09:01:15+01:00,1104.3,322.2,bench-host-01,peer-scaling-2025-10
PEER-04-R1,4,435962,126,ab015462e20165be7792ffac,2025-10-01T09:01:15+01:00,1264.8,322.4,bench-host-01,peer-scaling-2025-10
PEER-04-R1,4,435962,127,5f8d7bb1c5a79c85ae80495e,2025-10-01T09:01:16+01:00,1243.4,318.9,bench-host-01,peer-scaling-2025-10
PEER-04-R1,4,435962,128,1478d5e2c0c05574332b6931,2025-10-01T09:01:17+01:00,1254.5,327.5,bench-host-01,peer-scaling-2025-10
PEER-04-R1,4,435962,129,374372c57c6d6169a95eb4c6,2025-10-01T09:01:17+01:00,1234.7,322.3,bench-host-01,peer-scaling-2025-10
PEER-08-R1,8,420902,0,4ea08665f24c4676fc8a763c,2025-10-01T14:01:18+01:00,1128.8,326.5,bench-host-01,peer-scaling-2025-10
PEER-08-R1,8,420902,1,7c29b37f20162769f2f6fefd,2025-10-01T14:01:18+01:00,1133.3,315.5,bench-host-01,peer-scaling-2025-10
PEER-08-R1,8,420902,2,76e7560889ceadaa22bac24a,2025-10-01T14:01:19+01:00,1256.0,321.0,bench-host-01,peer-scaling-2025-10
PEER-08-R1,8,420902,3,0a30cca49d155ff74d424c36,2025-10-01T14:01:20+01:00,1210.2,326.3,bench-host-01,peer-scaling-2025-10
PEER-08-R1,8,420902,4,86d00f47583c039ec2fb43ab,2025-10-01T14:01:20+01:00,1057.3,320.2,bench-host-01,peer-scaling-2025-10
PEER-08-R1,8,420902,5,6cf07bea1c94202cef7ecd45,2025-10-01T14:01:21+01:00,1172.4,317.8,bench-host-01,peer-scaling-2025-10
PEER-08-R1,8,420902,6,1a61e5fe68e3e691c5718702,2025-10-01T14:01:21+01:00,1178.6,312.6,bench-host-01,peer-scaling-2025-10
PEER-08-R1,8,420902,7,5450728c3d4c22a6ecf4f501,2025-10-01T14:01:22+01:00,1170.9,319.9,bench-host-01,peer-scaling-2025-10
PEER-08-R1,8,420902,8,2272874d76cbd88af19d737a,2025-10-01T14:01:22+01:00,1178.7,312.5,bench-host-01,peer-scaling-2025-10
PEER-08-R1,8,420903,9,19d005f24a025cea2c37c95a,2025-10-01T14:01:23+01:00,1030.7,322.5,bench-host-01,peer-scaling-2025-10
PEER-08-R1,8,420903,10,2543c1f9a9b6a5c365b8899f,2025-10-01T14:01:24+01:00,1169.6,317.7,bench-host-01,peer-scaling-2025-10
PEER-08-R1,8,420903,11,3b1502bc9d98beec0e944c4f,2025-10-01T14:01:24+01:00,1127.3,325.3,bench-host-01,peer-scaling-2025-10
PEER-08-R1,8,420903,12,4a751cf6eef1922d82f4e5fd,2025-10-01T14:01:25+01:00,1026.2,330.6,bench-host-01,peer-scaling-2025-10
PEER-08-R1,8,420903,13,38a6fef8726885a22453bcb4,2025-10-01T14:01:25+01:00,1088.6,324.0,bench-host-01,peer-scaling-2025-10
PEER-08-R1,8,420903,14,b7094f252bfcdeab321ca982,2025-10-01T14:01:26+01:00,1169.8,318.5,bench-host-01,peer-scaling-2025-10
PEER-08-R1,8,420903,15,6a10b4fa7818baa280119fc9,2025-10-01T14:01:26+01:00,1022.4,320.3,bench-host-01,peer-scaling-2025-10
PEER-08-R1,8,420903,16,4165e0ed0e4a7c5b93260e71,2025-10-01T14:01:27+01:00,1264.4,328.7,bench-host-01,peer-scaling-2025-10
PEER-08-R1,8,420903,17,a771ebff8e253f46744ba0d2,2025-10-01T14:01:28+01:00,1175.7,313.0,bench-host-01,peer-scaling-2025-10
PEER-08-R1,8,420904,18,6983ad542b21f16eab030d05,2025-10-01T14:01:28+01:00,1113.3,315.1,bench-host-01,peer-scaling-2025-10
PEER-08-R1,8,420904,19,22b4e326f5f5a26920617671,2025-10-01T14:01:29+01:00,1275.6,325.8,bench-host-01,peer-scaling-2025-10
PEER-08-R1,8,420904,20,f48bb6d8892996d5e655f2a1,2025-10-01T14:01:29+01:00,1112.5,314.3,bench-host-01,peer-scaling-2025-10
PEER-08-R1,8,420904,21,1937e615675d0c824cde320c,2025-10-01T14:01:30+01:00,1094.1,314.5,bench-host-01,peer-scaling-2025-10
PEER-08-R1,8,420904,22,3d1ccf1c3ef8bccc090dff65,2025-10-01T14:01:30+01:00,1166.1,317.7,bench-host-01,peer-scaling-2025-10
PEER-08-R1,8,420904,23,483b69d012fa5c845820aa81,2025-10-01T14:01:31+01:00,1097.9,313.6,bench-host-01,peer-scaling-2025-10
PEER-08-R1,8,420904,24,5fcbc87df91a8b20844d933d,2025-10-01T14:01:32+01:00,1217.2,333.4,bench-host-01,peer-scaling-2025-10
PEER-08-R1,8,420904,25,e34aed646fba17b59cf1c653,2025-10-01T14:01:32+01:00,1124.5,326.8,bench-host-01,peer-scaling-2025-10
PEER-08-R1,8,420905,26,6bbdb80ee79a564cfa7ff64b,2025-10-01T14:01:33+01:00,1179.5,320.9,bench-host-01,peer-scaling-2025-10
PEER-08-R1,8,420905,27,119fffa11819f8fec7e965c0,2025-10-01T14:01:33+01:00,1102.1,325.1,bench-host-01,peer-scaling-2025-10
PEER-08-R1,8,420905,28,8b4dfb1e015c6af1b3ea049a,2025-10-01T14:01:34+01:00,1085.6,324.9,bench-host-01,peer-scaling-2025-10
PEER-08-R1,8,420905,29,722317cda151a2fb67845017,2025-10-01T14:01:34+01:00,1183.9,322.2,bench-host-01,peer-scaling-2025-10
PEER-08-R1,8,420905,30,1589b43ecebc9aedcf9a59b0,2025-10-01T14:01:35+01:00,1152.1,327.7,bench-host-01,peer-scaling-2025-10
PEER-08-R1,8,420905,31,62e300c600304d6f08a11739,2025-10-01T14:01:36+01:00,1079.0,321.0,bench-host-01,peer-scaling-2025-10
PEER-08-R1,8,420905,32,b9cd1a97e8f76da645b94a4d,2025-10-01T14:01:36+01:00,1104.3,318.9,bench-host-01,peer-scaling-2025-10
PEER-08-R1,8,420905,33,448ec79fc90cf70af4b589af,2025-10-01T14:01:37+01:00,1101.3,323.7,bench-host-01,peer-scaling-2025-10
PEER-08-R1,8,420905,34,8d80d5c5406b0d50b775dbaa,2025-10-01T14:01:37+01:00,1158.4,321.5,bench-host-01,peer-scaling-2025-10
PEER-08-R1,8,420905,35,efb65c29b105fff5f267ee0f,2025-10-01T14:01:38+01:00,1181.7,318.1,bench-host-01,peer-scaling-2025-10
PEER-08-R1,8,420905,36,e382b86367a3d4b018df6e9d,2025-10-01T14:01:39+01:00,1020.3,324.8,bench-host-01,peer-scaling-2025-10
PEER-08-R1,8,420905,37,0335cd4b38beae9b43b0f003,2025-10-01T14:01:39+01:00,1169.4,319.1,bench-host-01,peer-scaling-2025-10
PEER-08-R1,8,420905,38,089cf27da7a1d1837c4f4b23,2025-10-01T14:01:40+01:00,1190.9,321.1,bench-host-01,peer-scaling-2025-10
PEER-08-R1,8,420905,39,6771eb1eb5d47dfec1f748e1,2025-10-01T14:01:40+01:00,1163.3,323.5,bench-host-01,peer-scaling-2025-10
PEER-08-R1,8,420905,40,9cc2f656b2bc4fea28e33707,2025-10-01T14:01:41+01:00,1250.4,322.4,bench-host-01,peer-scaling-2025-10
PEER-08-R1,8,420905,41,0cb184fa671025e93b5a5f28,2025-10-01T14:01:41+01:00,1190.1,316.4,bench-host-01,peer-scaling-2025-10
PEER-08-R1,8,420905,42,21106e27e8cdb34980039c08,2025-10-01T14:01:42+01:00,1150.6,316.5,bench-host-01,peer-scaling-2025-10
PEER-08-R1,8,420905,43,94bd9a0c440043a2622f2121,2025-10-01T14:01:43+01:00,1059.7,315.5,bench-host-01,peer-scaling-2025-10
PEER-08-R1,8,420905,44,31425c8e2e7d1cf650c44d07,2025-10-01T14:01:43+01:00,1183.9,317.6,bench-host-01,peer-scaling-2025-10
PEER-08-R1,8,420906,45,24d191a99b4ef145cbac7813,2025-10-01T14:01:44+01:00,1123.3,317.8,bench-host-01,peer-scaling-2025-10
PEER-08-R1,8,420906,46,a8bf07368fcd082d5bb82aae,2025-10-01T14:01:44+01:00,1175.8,320.0,bench-host-01,peer-scaling-2025-10
PEER-08-R1,8,420906,47,63827fc441ed8ed9b9276dc4,2025-10-01T14:01:45+01:00,1201.3,315.5,bench-host-01,peer-scaling-2025-10
PEER-08-R1,8,420906,48,be610e120d922854dc882ce1,2025-10-01T14:01:45+01:00,1230.3,319.5,bench-host-01,peer-scaling-2025-10
PEER-08-R1,8,420906,49,9100def5df34bb96d15c12d7,2025-10-01T14:01:46+01:00,1178.0,319.0,bench-host-01,peer-scaling-2025-10
PEER-08-R1,8,420906,50,9c407575718089c1b59244d2,2025-10-01T14:01:47+01:00,1209.6,319.7,bench-host-01,peer-scaling-2025-10
PEER-08-R1,8,420906,51,a0821bb746b9105367515670,2025-10-01T14:01:47+01:00,1071.5,322.3,bench-host-01,peer-scaling-2025-10
PEER-08-R1,8,420906,52,9ead5190da8b690f5cf1ca77,2025-10-01T14:01:48+01:00,1182.3,322.0,bench-host-01,peer-scaling-2025-10
PEER-08-R1,8,420906,53,33e26fbf3d6af3750816e7af,2025-10-01T14:01:48+01:00,1128.4,313.5,bench-host-01,peer-scaling-2025-10
PEER-08-R1,8,420906,54,8cc8a7df15b6ee9532e6ceb0,2025-10-01T14:01:49+01:00,1176.5,306.1,bench-host-01,peer-scaling-2025-10
PEER-08-R1,8,420906,55,a62d303a06159c3b3baba28f,2025-10-01T14:01:49+01:00,1291.0,312.5,bench-host-01,peer-scaling-2025-10
PEER-08-R1,8,420907,56,bfa86200c8c3ebdc66245b77,2025-10-01T14:01:50+01:00,1212.9,319.6,bench-host-01,peer-scaling-2025-10
PEER-08-R1,8,420907,57,b9525ad5bd4449761beff931,2025-10-01T14:01:51+01:00,1176.9,320.9,bench-host-01,peer-scaling-2025-10
PEER-08-R1,8,420907,58,88953912cb64445a4badf845,2025-10-01T14:01:51+01:00,1175.9,313.3,bench-host-01,peer-scaling-2025-10
PEER-08-R1,8,420907,59,ac13d95eaa836f4f2ea54702,2025-10-01T14:01:52+01:00,1117.1,318.8,bench-host-01,peer-scaling-2025-10
PEER-08-R1,8,420907,60,404534c887cbb70f0a1dddcf,2025-10-01T14:01:52+01:00,1126.0,313.6,bench-host-01,peer-scaling-2025-10
PEER-08-R1,8,420907,61,4870204334b2c1e4f4ce93ef,2025-10-01T14:01:53+01:00,1085.3,321.8,bench-host-01,peer-scaling-2025-10
PEER-08-R1,8,420907,62,5028ce8af7ce023ca3821377,2025-10-01T14:01:53+01:00,1236.9,320.2,bench-host-01,peer-scaling-2025-10
PEER-08-R1,8,420907,63,e4a8941898c46a4af06fd4a8,2025-10-01T14:01:54+01:00,1152.2,319.5,bench-host-01,peer-scaling-2025-10
PEER-08-R1,8,420907,64,78160c3eecaba2b818a571c2,2025-10-01T14:01:55+01:00,1209.3,324.8,bench-host-01,peer-scaling-2025-10
PEER-08-R1,8,420907,65,baf276ac4047416178104ede,2025-10-01T14:01:55+01:00,1168.3,313.5,bench-host-01,peer-scaling-2025-10
PEER-08-R1,8,420908,66,b950fa4030110378058add09,2025-10-01T14:01:56+01:00,1036.0,322.7,bench-host-01,peer-scaling-2025-10
PEER-08-R1,8,420908,67,c7823aec97d112aeb1f41ab0,2025-10-01T14:01:56+01:00,1218.7,321.2,bench-host-01,peer-scaling-2025-10
PEER-08-R1,8,420908,68,9283a06599735e72a4503295,2025-10-01T14:01:57+01:00,1083.8,323.8,bench-host-01,peer-scaling-2025-10
PEER-08-R1,8,420908,69,99c60be573f7521b552c5c1f,2025-10-01T14:01:57+01:00,1138.4,317.2,bench-host-01,peer-scaling-2025-10
PEER-08-R1,8,420908,70,abf13a491e24577df9ce6786,2025-10-01T14:01:58+01:00,1177.3,323.4,bench-host-01,peer-scaling-2025-10
PEER-08-R1,8,420908,71,3fdea96bcdf457dece726138,2025-10-01T14:01:59+01:00,1092.1,322.3,bench-host-01,peer-scaling-2025-10
PEER-08-R1,8,420909,72,a597e3c97b4179aeb1533085,2025-10-01T14:01:59+01:00,1199.0,314.5,bench-host-01,peer-scaling-2025-10
PEER-08-R1,8,420909,73,878a374f11dc7a5301c1b327,2025-10-01T14:02:00+01:00,1191.8,312.5,bench-host-01,peer-scaling-2025-10
PEER-08-R1,8,420909,74,1587d48ba455e502321da2aa,2025-10-01T14:02:00+01:00,1210.7,327.0,bench-host-01,peer-scaling-2025-10
PEER-08-R1,8,420909,75,4c7e106ff2d889db9032ee2d,2025-10-01T14:02:01+01:00,1224.0,316.4,bench-host-01,peer-scaling-2025-10
PEER-08-R1,8,420909,76,d7ec3bd1389c0081cf074a1c,2025-10-01T14:02:01+01:00,1121.6,313.4,bench-host-01,peer-scaling-2025-10
PEER-08-R1,8,420910,77,fa8405996d2a4ac548cef957,2025-10-01T14:02:02+01:00,1214.9,318.7,bench-host-01,peer-scaling-2025-10
PEER-08-R1,8,420910,78,5b827a5c30d2b5986d249e9d,2025-10-01T14:02:03+01:00,1112.3,332.7,bench-host-01,peer-scaling-2025-10
PEER-08-R1,8,420910,79,6af87b86ef7fefc033bc297b,2025-10-01T14:02:03+01:00,1126.2,321.3,bench-host-01,peer-scaling-2025-10
PEER-08-R1,8,420910,80,1b56b56da03c33caf65aee64,2025-10-01T14:02:04+01:00,1127.6,321.8,bench-host-01,peer-scaling-2025-10
PEER-08-R1,8,420910,81,88f9d36c2ba580b0d03327bc,2025-10-01T14:02:04+01:00,1166.9,319.6,bench-host-01,peer-scaling-2025-10
PEER-08-R1,8,420910,82,1fee1110a6bccf534d3f72a5,2025-10-01T14:02:05+01:00,1155.0,322.8,bench-host-01,peer-scaling-2025-10
PEER-08-R1,8,420910,83,b1a422e01b213d787a912d99,2025-10-01T14:02:06+01:00,1105.6,323.3,bench-host-01,peer-scaling-2025-10
PEER-08-R1,8,420910,84,fdc9c07ea4332929c85dbb51,2025-10-01T14:02:06+01:00,1072.2,325.8,bench-host-01,peer-scaling-2025-10
PEER-08-R1,8,420910,85,a7959d8b53d149d72ff4dee8,2025-10-01T14:02:07+01:00,1144.5,326.5,bench-host-01,peer-scaling-2025-10
PEER-08-R1,8,420910,86,ed12e2ef72a334274d60524e,2025-10-01T14:02:07+01:00,1116.3,328.6,bench-host-01,peer-scaling-2025-10
PEER-08-R1,8,420910,87,fb05c88987c378673c17c927,2025-10-01T14:02:08+01:00,1146.6,318.0,bench-host-01,peer-scaling-2025-10
PEER-08-R1,8,420910,88,84bc651066b0553de15583cb,2025-10-01T14:02:08+01:00,1152.0,316.8,bench-host-01,peer-scaling-2025-10
PEER-08-R1,8,420910,89,8d9d037fe63aef85f0556ad6,2025-10-01T14:02:09+01:00,1222.6,323.1,bench-host-01,peer-scaling-2025-10
PEER-08-R1,8,420910,90,fbf8b120ab2fd185d67e6772,2025-10-01T14:02:10+01:00,1078.4,317.9,bench-host-01,peer-scaling-2025-10
PEER-08-R1,8,420910,91,66e5f4be625d7459c3f99f55,2025-10-01T14:02:10+01:00,1176.8,326.4,bench-host-01,peer-scaling-2025-10
PEER-08-R1,8,420910,92,45fdbd13b88d3e1448477b83,2025-10-01T14:02:11+01:00,978.9,321.6,bench-host-01,peer-scaling-2025-10
PEER-08-R1,8,420910,93,44147e15d4d0e35448216459,2025-10-01T14:02:11+01:00,1189.6,323.2,bench-host-01,peer-scaling-2025-10
PEER-08-R1,8,420910,94,360b4ddca3efe4f67bded81c,2025-10-01T14:02:12+01:00,1150.3,318.1,bench-host-01,peer-scaling-2025-10
PEER-08-R1,8,420910,95,1632f0cf7ffe76d7cdd201eb,2025-10-01T14:02:12+01:00,1181.8,319.4,bench-host-01,peer-scaling-2025-10
PEER-08-R1,8,420910,96,bb1cd99e64683d28a5fd1caa,2025-10-01T14:02:13+01:00,1170.3,317.2,bench-host-01,peer-scaling-2025-10
PEER-08-R1,8,420910,97,fae63d6b94a247d0e7c8e504,2025-10-01T14:02:14+01:00,1187.8,311.2,bench-host-01,peer-scaling-2025-10
PEER-08-R1,8,420910,98,3ba2bf4b1c1e726b204d1a22,2025-10-01T14:02:14+01:00,1133.1,321.5,bench-host-01,peer-scaling-2025-10
PEER-08-R1,8,420910,99,515a197d3c8d8556dfeb48bf,2025-10-01T14:02:15+01:00,1144.0,323.3,bench-host-01,peer-scaling-2025-10
PEER-08-R1,8,420910,100,f098b2ed74f25e4dc1316040,2025-10-01T14:02:15+01:00,1199.4,317.5,bench-host-01,peer-scaling-2025-10
PEER-08-R1,8,420910,101,e34b87d9a2687b07dca93f25,2025-10-01T14:02:16+01:00,1259.3,312.2,bench-host-01,peer-scaling-2025-10
PEER-08-R1,8,420910,102,d7271957d04e917b067d122d,2025-10-01T14:02:16+01:00,1155.5,315.7,bench-host-01,peer-scaling-2025-10
PEER-08-R1,8,420910,103,e43c03c84b8ef6f36b2ca064,2025-10-01T14:02:17+01:00,1187.9,321.3,bench-host-01,peer-scaling-2025-10
PEER-08-R1,8,420910,104,9e9c9063cde736fb5e281693,2025-10-01T14:02:18+01:00,1233.1,319.0,bench-host-01,peer-scaling-2025-10
PEER-08-R1,8,420910,105,f5460ce286364458d4b4582c,2025-10-01T14:02:18+01:00,1098.6,322.9,bench-host-01,peer-scaling-2025-10
PEER-08-R1,8,420910,106,2d188fc04b72264f50159951,2025-10-01T14:02:19+01:00,1155.7,319.2,bench-host-01,peer-scaling-2025-10
PEER-08-R1,8,420910,107,24c61cb7a813d3be9d68ed86,2025-10-01T14:02:19+01:00,1166.5,324.2,bench-host-01,peer-scaling-2025-10
PEER-08-R1,8,420910,108,493c8bea11f76ea94841ab86,2025-10-01T14:02:20+01:00,1134.3,324.8,bench-host-01,peer-scaling-2025-10
PEER-08-R1,8,420910,109,66f0e29229bc5d9dcb8071f5,2025-10-01T14:02:20+01:00,1117.0,322.0,bench-host-01,peer-scaling-2025-10
PEER-08-R1,8,420910,110,f9f0a9c8aea1ced95f04720f,2025-10-01T14:02:21+01:00,1176.8,318.3,bench-host-01,peer-scaling-2025-10
PEER-08-R1,8,420910,111,e861508acade24a3cff6ab71,2025-10-01T14:02:22+01:00,997.1,321.5,bench-host-01,peer-scaling-2025-10
PEER-08-R1,8,420910,112,3435708bf99df5e87aa4238a,2025-10-01T14:02:22+01:00,1083.2,325.8,bench-host-01,peer-scaling-2025-10
PEER-08-R1,8,420910,113,b4e746b7f82987d686146ebf,2025-10-01T14:02:23+01:00,1178.7,326.2,bench-host-01,peer-scaling-2025-10
PEER-08-R1,8,420910,114,52523694f49f3a3081713c67,2025-10-01T14:02:23+01:00,1038.8,318.5,bench-host-01,peer-scaling-2025-10
PEER-08-R1,8,420910,115,66ca5b21a86826de2f669f87,2025-10-01T14:02:24+01:00,1149.7,321.7,bench-host-01,peer-scaling-2025-10
PEER-08-R1,8,420910,116,e5fb4a83884fc77769ee5080,2025-10-01T14:02:24+01:00,1263.1,321.0,bench-host-01,peer-scaling-2025-10
PEER-08-R1,8,420910,117,3b09b5c5632f663704dbf265,2025-10-01T14:02:25+01:00,1215.5,317.3,bench-host-01,peer-scaling-2025-10
PEER-08-R1,8,420910,118,0563052f3042a0e0dd0a6b44,2025-10-01T14:02:26+01:00,1093.6,330.5,bench-host-01,peer-scaling-2025-10
PEER-08-R1,8,420910,119,41e65026f073f78b953a3bc6,2025-10-01T14:02:26+01:00,1126.7,334.2,bench-host-01,peer-scaling-2025-10
PEER-08-R1,8,420911,120,8f5a497b5958a5fc963ce0d8,2025-10-01T14:02:27+01:00,1191.8,322.0,bench-host-01,peer-scaling-2025-10
PEER-08-R1,8,420911,121,47b4590ab9f8146dcdaf6eec,2025-10-01T14:02:27+01:00,1117.5,323.2,bench-host-01,peer-scaling-2025-10
PEER-08-R1,8,420911,122,511c4f1df82dfc24ffb1e90d,2025-10-01T14:02:28+01:00,1174.8,320.0,bench-host-01,peer-scaling-2025-10
PEER-08-R1,8,420911,123,0e366994d6920953fdcd26d2,2025-10-01T14:02:29+01:00,1167.8,315.2,bench-host-01,peer-scaling-2025-10
PEER-08-R1,8,420911,124,13845be1d0c8489f86f3380e,2025-10-01T14:02:29+01:00,1117.7,316.4,bench-host-01,peer-scaling-2025-10
PEER-08-R1,8,420911,125,36d428b54224100c8ae81c8b,2025-10-01T14:02:30+01:00,1206.0,320.8,bench-host-01,peer-scaling-2025-10
PEER-08-R1,8,420912,126,4cb971ea9a172cc3e275a831,2025-10-01T14:02:30+01:00,1179.6,326.2,bench-host-01,peer-scaling-2025-10
PEER-08-R1,8,420912,127,7483f1c80e3b0ae8f5e80204,2025-10-01T14:02:31+01:00,1207.7,309.5,bench-host-01,peer-scaling-2025-10
PEER-08-R1,8,420912,128,afaf0ea3e471e3ea509d712d,2025-10-01T14:02:31+01:00,1180.2,316.1,bench-host-01,peer-scaling-2025-10
PEER-08-R1,8,420912,129,7229316568f03b004f397c45,2025-10-01T14:02:32+01:00,1299.6,328.8,bench-host-01,peer-scaling-2025-10
PEER-16-R1,16,653539,0,1943a457e76180ce296914e5,2025-10-01T19:02:33+01:00,1018.7,322.5,bench-host-01,peer-scaling-2025-10
PEER-16-R1,16,653539,1,979258346703703b92d81110,2025-10-01T19:02:33+01:00,1008.2,321.5,bench-host-01,peer-scaling-2025-10
PEER-16-R1,16,653539,2,51e6ae7c2e2d7e2daf0da3e3,2025-10-01T19:02:34+01:00,1116.1,325.5,bench-host-01,peer-scaling-2025-10
PEER-16-R1,16,653539,3,f58aa3e88c9fc29e47594189,2025-10-01T19:02:34+01:00,972.0,317.1,bench-host-01,peer-scaling-2025-10
PEER-16-R1,16,653539,4,0474153bd055d68dfa9c7b86,2025-10-01T19:02:35+01:00,1043.6,330.3,bench-host-01,peer-scaling-2025-10
PEER-16-R1,16,653539,5,36fb25c7271bdb68253714e2,2025-10-01T19:02:35+01:00,1060.8,315.6,bench-host-01,peer-scaling-2025-10
PEER-16-R1,16,653539,6,6753abc14bbcb90d402c0db3,2025-10-01T19:02:36+01:00,1076.3,320.5,bench-host-01,peer-scaling-2025-10
PEER-16-R1,16,653539,7,af96c94a832f5a82979e12b0,2025-10-01T19:02:36+01:00,1006.8,318.8,bench-host-01,peer-scaling-2025-10
PEER-16-R1,16,653539,8,ead818fc7592d2779a201661,2025-10-01T19:02:37+01:00,995.3,321.9,bench-host-01,peer-scaling-2025-10
PEER-16-R1,16,653539,9,b51fa8eff6bc5fa6e1058b0f,2025-10-01T19:02:37+01:00,1000.3,324.3,bench-host-01,peer-scaling-2025-10
PEER-16-R1,16,653539,10,dd0112e4aa5d0a11f2dcda5a,2025-10-01T19:02:38+01:00,1053.9,322.9,bench-host-01,peer-scaling-2025-10
PEER-16-R1,16,653539,11,47ac3ec7fd5188494d9ba8d7,2025-10-01T19:02:38+01:00,1087.5,322.3,bench-host-01,peer-scaling-2025-10
PEER-16-R1,16,653540,12,7c56b87d48d88d15cf9b3f41,2025-10-01T19:02:39+01:00,1017.3,330.7,bench-host-01,peer-scaling-2025-10
PEER-16-R1,16,653541,13,40a83fc130d5e60b9d13960b,2025-10-01T19:02:39+01:00,1018.9,325.2,bench-host-01,peer-scaling-2025-10
PEER-16-R1,16,653541,14,665b734c9765ff688aa0d316,2025-10-01T19:02:40+01:00,1046.7,326.2,bench-host-01,peer-scaling-2025-10
PEER-16-R1,16,653541,15,1c2579447c0e22093ae1a43c,2025-10-01T19:02:40+01:00,1022.3,322.2,bench-host-01,peer-scaling-2025-10
PEER-16-R1,16,653541,16,2376a1fac41bd8b1b0919aa9,2025-10-01T19:02:41+01:00,1086.6,329.8,bench-host-01,peer-scaling-2025-10
PEER-16-R1,16,653541,17,773283bd6ad3f62f0190824c,2025-10-01T19:02:42+01:00,1086.1,321.2,bench-host-01,peer-scaling-2025-10
PEER-16-R1,16,653542,18,c533ded3850caae5dc218c00,2025-10-01T19:02:42+01:00,1050.6,320.4,bench-host-01,peer-scaling-2025-10
PEER-16-R1,16,653542,19,62cdd680aa84a9034a5a0b65,2025-10-01T19:02:43+01:00,1032.4,325.5,bench-host-01,peer-scaling-2025-10
PEER-16-R1,16,653542,20,833847c091943d27eb6ca806,2025-10-01T19:02:43+01:00,1149.9,317.9,bench-host-01,peer-scaling-2025-10
PEER-16-R1,16,653542,21,aa6cf573b0d63e5e31498077,2025-10-01T19:02:44+01:00,961.3,328.5,bench-host-01,peer-scaling-2025-10
PEER-16-R1,16,653542,22,5543727a4d81ff90e8e265c9,2025-10-01T19:02:44+01:00,1107.4,314.7,bench-host-01,peer-scaling-2025-10
PEER-16-R1,16,653542,23,c95a744cf6cebfd47a3a0d78,2025-10-01T19:02:45+01:00,1099.4,329.1,bench-host-01,peer-scaling-2025-10
PEER-16-R1,16,653543,24,38e7a7059cf4720f1f539c8f,2025-10-01T19:02:45+01:00,1077.9,326.2,bench-host-01,peer-scaling-2025-10
PEER-16-R1,16,653543,25,9c635cea92c178976e695d24,2025-10-01T19:02:46+01:00,1229.0,317.6,bench-host-01,peer-scaling-2025-10
PEER-16-R1,16,653543,26,de00c76e8f811b3a7948f846,2025-10-01T19:02:46+01:00,1050.5,323.2,bench-host-01,peer-scaling-2025-10
PEER-16-R1,16,653544,27,cfd0eb991940a6a6080bcc0e,2025-10-01T19:02:47+01:00,1005.9,316.0,bench-host-01,peer-scaling-2025-10
PEER-16-R1,16,653544,28,cecad7f32faeac39ec56f27e,2025-10-01T19:02:47+01:00,1054.9,324.1,bench-host-01,peer-scaling-2025-10
PEER-16-R1,16,653544,29,94462201bcf0f641e1d30105,2025-10-01T19:02:48+01:00,912.2,326.3,bench-host-01,peer-scaling-2025-10
PEER-16-R1,16,653545,30,5c295b9707a9f2c88800ecd7,2025-10-01T19:02:48+01:00,1057.9,324.6,bench-host-01,peer-scaling-2025-10
PEER-16-R1,16,653545,31,1ab715c1d6112c855a9d2542,2025-10-01T19:02:49+01:00,997.2,324.6,bench-host-01,peer-scaling-2025-10
PEER-16-R1,16,653545,32,8b8356bcc2b7124f63c0aa54,2025-10-01T19:02:49+01:00,942.2,331.9,bench-host-01,peer-scaling-2025-10
PEER-16-R1,16,653545,33,9a67f715f758e0a98a572d70,2025-10-01T19:02:50+01:00,1016.1,322.6,bench-host-01,peer-scaling-2025-10
PEER-16-R1,16,653545,34,5f840c70164dd223ea2bee4a,2025-10-01T19:02:50+01:00,960.7,318.2,bench-host-01,peer-scaling-2025-10
PEER-16-R1,16,653545,35,1785b9a590d98263c54eb2c0,2025-10-01T19:02:51+01:00,912.7,323.4,bench-host-01,peer-scaling-2025-10
PEER-16-R1,16,653545,36,9ecbaef50103e5e3262eceea,2025-10-01T19:02:52+01:00,1082.4,321.3,bench-host-01,peer-scaling-2025-10
PEER-16-R1,16,653545,37,44eadaf5f67e27fa79274249,2025-10-01T19:02:52+01:00,1103.0,316.4,bench-host-01,peer-scaling-2025-10
PEER-16-R1,16,653545,38,463fffd1d6d4d5cb8835e36f,2025-10-01T19:02:53+01:00,985.8,320.4,bench-host-01,peer-scaling-2025-10
PEER-16-R1,16,653545,39,f07d4dbc1f01b5b95b5b8adf,2025-10-01T19:02:53+01:00,1103.1,328.2,bench-host-01,peer-scaling-2025-10
PEER-16-R1,16,653545,40,7bee0cc8facc8f378bd86550,2025-10-01T19:02:54+01:00,1033.7,322.0,bench-host-01,peer-scaling-2025-10
PEER-16-R1,16,653545,41,bb264b883cb82a2b1eae9b38,2025-10-01T19:02:54+01:00,1085.7,324.3,bench-host-01,peer-scaling-2025-10
PEER-16-R1,16,653545,42,dc075c1b6a8a8b15b915d17b,2025-10-01T19:02:55+01:00,1125.3,317.4,bench-host-01,peer-scaling-2025-10
PEER-16-R1,16,653545,43,76d4a089eb5b8b34633d7fc2,2025-10-01T19:02:55+01:00,1060.7,319.1,bench-host-01,peer-scaling-2025-10
PEER-16-R1,16,653545,44,c0e66deb48155e21795707e3,2025-10-01T19:02:56+01:00,964.6,327.4,bench-host-01,peer-scaling-2025-10
PEER-16-R1,16,653545,45,eb1e6d50d32859475ebf3de3,2025-10-01T19:02:56+01:00,1046.6,327.3,bench-host-01,peer-scaling-2025-10
PEER-16-R1,16,653545,46,fd2848c8349fd35ca45d8a7d,2025-10-01T19:02:57+01:00,1104.7,322.3,bench-host-01,peer-scaling-2025-10
PEER-16-R1,16,653545,47,09c9c6d594507133a8c5f93d,2025-10-01T19:02:57+01:00,1004.6,320.8,bench-host-01,peer-scaling-2025-10
PEER-16-R1,16,653545,48,baa49142ceac629177f722eb,2025-10-01T19:02:58+01:00,1037.5,326.6,bench-host-01,peer-scaling-2025-10
PEER-16-R1,16,653545,49,993a1ab4bc1b871eccfe318f,2025-10-01T19:02:58+01:00,1087.1,320.4,bench-host-01,peer-scaling-2025-10
PEER-16-R1,16,653545,50,d1e6309115070d03db622eba,2025-10-01T19:02:59+01:00,1090.6,320.3,bench-host-01,peer-scaling-2025-10
PEER-16-R1,16,653545,51,c8a54c010b570d5ef3b45bbf,2025-10-01T19:02:59+01:00,1126.4,317.7,bench-host-01,peer-scaling-2025-10
PEER-16-R1,16,653545,52,ee41930477f2b6edb256a3b6,2025-10-01T19:03:00+01:00,1017.6,323.2,bench-host-01,peer-scaling-2025-10
PEER-16-R1,16,653545,53,c5ae319bd1493f6f1555713f,2025-10-01T19:03:01+01:00,1080.1,324.5,bench-host-01,peer-scaling-2025-10
PEER-16-R1,16,653545,54,5909964755300b50c1434b3b,2025-10-01T19:03:01+01:00,1032.5,313.4,bench-host-01,peer-scaling-2025-10
PEER-16-R1,16,653546,55,9f3ded9ff469bf2110bc0d18,2025-10-01T19:03:02+01:00,1109.4,315.1,bench-host-01,peer-scaling-2025-10
PEER-16-R1,16,653546,56,e62b8ecf83546f6b469a1294,2025-10-01T19:03:02+01:00,1103.4,329.6,bench-host-01,peer-scaling-2025-10
PEER-16-R1,16,653546,57,9dda037fd78848dd18f715b6,2025-10-01T19:03:03+01:00,1073.1,327.2,bench-host-01,peer-scaling-2025-10
PEER-16-R1,16,653546,58,3286133178d8201bf2c4e0f9,2025-10-01T19:03:03+01:00,1125.0,314.1,bench-host-01,peer-scaling-2025-10
PEER-16-R1,16,653546,59,545e30fa9f300918971c4420,2025-10-01T19:03:04+01:00,1138.4,322.6,bench-host-01,peer-scaling-2025-10
PEER-16-R1,16,653546,60,2720e309bf4724d8e566c440,2025-10-01T19:03:04+01:00,927.9,320.3,bench-host-01,peer-scaling-2025-10
PEER-16-R1,16,653546,61,c14b276806150e0d10fc0d60,2025-10-01T19:03:05+01:00,1019.9,320.1,bench-host-01,peer-scaling-2025-10
PEER-16-R1,16,653546,62,806e1fccc737394ca7434b5d,2025-10-01T19:03:05+01:00,1011.6,317.9,bench-host-01,peer-scaling-2025-10
PEER-16-R1,16,653546,63,beaeb50cb4b2b2846e856161,2025-10-01T19:03:06+01:00,996.9,331.0,bench-host-01,peer-scaling-2025-10
PEER-16-R1,16,653546,64,12b6b29b1503dd162468d87d,2025-10-01T19:03:06+01:00,1075.3,327.7,bench-host-01,peer-scaling-2025-10
PEER-16-R1,16,653546,65,d118b180b48d023a11d3adf9,2025-10-01T19:03:07+01:00,1006.0,323.4,bench-host-01,peer-scaling-2025-10
PEER-16-R1,16,653546,66,dfdf6efb387b22be1b8bb0f8,2025-10-01T19:03:07+01:00,1071.0,315.5,bench-host-01,peer-scaling-2025-10
PEER-16-R1,16,653546,67,e8186aa1add0d68450bb2611,2025-10-01T19:03:08+01:00,1141.2,323.1,bench-host-01,peer-scaling-2025-10
PEER-16-R1,16,653546,68,cd48807486cf9736204bd20e,2025-10-01T19:03:08+01:00,1082.9,328.9,bench-host-01,peer-scaling-2025-10
PEER-16-R1,16,653546,69,6d760de682df9963ca260206,2025-10-01T19:03:09+01:00,1045.2,313.9,bench-host-01,peer-scaling-2025-10
PEER-16-R1,16,653546,70,3de0a45181ff25b8fab78f94,2025-10-01T19:03:10+01:00,993.8,322.1,bench-host-01,peer-scaling-2025-10
PEER-16-R1,16,653546,71,669af2e5185cb13d1cf9b73d,2025-10-01T19:03:10+01:00,1081.9,320.9,bench-host-01,peer-scaling-2025-10
PEER-16-R1,16,653547,72,a07d406830deb8a3f9232647,2025-10-01T19:03:11+01:00,952.9,323.5,bench-host-01,peer-scaling-2025-10
PEER-16-R1,16,653547,73,8551a6eb4e101cf2d2b463a4,2025-10-01T19:03:11+01:00,1104.9,326.4,bench-host-01,peer-scaling-2025-10
PEER-16-R1,16,653547,74,2b7dec3551cc0c4425eeefab,2025-10-01T19:03:12+01:00,1078.1,324.9,bench-host-01,peer-scaling-2025-10
PEER-16-R1,16,653547,75,0c793d7b94b2186594e3d055,2025-10-01T19:03:12+01:00,1054.9,322.3,bench-host-01,peer-scaling-2025-10
PEER-16-R1,16,653547,76,dfe24045afcb9a67b10a7cc5,2025-10-01T19:03:13+01:00,1043.2,327.5,bench-host-01,peer-scaling-2025-10
PEER-16-R1,16,653547,77,80b890f6a728a00796c5cbfc,2025-10-01T19:03:13+01:00,999.6,321.4,bench-host-01,peer-scaling-2025-10
PEER-16-R1,16,653547,78,df7512650882ea20a5b36236,2025-10-01T19:03:14+01:00,1115.7,314.7,bench-host-01,peer-scaling-2025-10
PEER-16-R1,16,653547,79,3c1dbb599d71b45f65c0e803,2025-10-01T19:03:14+01:00,1015.9,321.4,bench-host-01,peer-scaling-2025-10
PEER-16-R1,16,653548,80,b691573aee94ed8e97ab5a65,2025-10-01T19:03:15+01:00,981.6,315.3,bench-host-01,peer-scaling-2025-10
PEER-16-R1,16,653548,81,a4ecfe2e76e54f1ce58b4ced,2025-10-01T19:03:15+01:00,1110.4,318.4,bench-host-01,peer-scaling-2025-10
PEER-16-R1,16,653548,82,c01181ab53942630b29acac7,2025-10-01T19:03:16+01:00,1097.9,325.0,bench-host-01,peer-scaling-2025-10
PEER-16-R1,16,653548,83,b2200716e2297fc76ed9aa78,2025-10-01T19:03:16+01:00,1085.2,323.0,bench-host-01,peer-scaling-2025-10
PEER-16-R1,16,653548,84,d776afee5264589f6ec90e07,2025-10-01T19:03:17+01:00,967.0,316.6,bench-host-01,peer-scaling-2025-10
PEER-16-R1,16,653548,85,8c8c0b4922046a902837a6cb,2025-10-01T19:03:17+01:00,1052.6,317.9,bench-host-01,peer-scaling-2025-10
PEER-16-R1,16,653548,86,9bfcac5817c355f9b0c4a693,2025-10-01T19:03:18+01:00,1056.9,323.0,bench-host-01,peer-scaling-2025-10
PEER-16-R1,16,653548,87,803a133442ce6a37105b4d0f,2025-10-01T19:03:19+01:00,1085.2,322.8,bench-host-01,peer-scaling-2025-10
PEER-16-R1,16,653548,88,7af724d86ff37d71848fc79b,2025-10-01T19:03:19+01:00,1071.9,325.7,bench-host-01,peer-scaling-2025-10
PEER-16-R1,16,653548,89,90bc9fe65d2ca19c929ee963,2025-10-01T19:03:20+01:00,1066.0,329.6,bench-host-01,peer-scaling-2025-10
PEER-16-R1,16,653548,90,22e997583b56f79270045c57,2025-10-01T19:03:20+01:00,1015.2,327.5,bench-host-01,peer-scaling-2025-10
PEER-16-R1,16,653548,91,bd05d8235d01d1f98fc674f7,2025-10-01T19:03:21+01:00,1072.0,313.1,bench-host-01,peer-scaling-2025-10
PEER-16-R1,16,653548,92,72f07992cdd00de26715913c,2025-10-01T19:03:21+01:00,1043.7,315.9,bench-host-01,peer-scaling-2025-10
PEER-16-R1,16,653548,93,4bc13c530b54501f88454c4d,2025-10-01T19:03:22+01:00,1018.2,325.9,bench-host-01,peer-scaling-2025-10
PEER-16-R1,16,653548,94,2e9274753e9cd6afeaf27b1d,2025-10-01T19:03:22+01:00,1119.5,315.0,bench-host-01,peer-scaling-2025-10
PEER-16-R1,16,653548,95,b8b197b7f2d45d1ac3cdfaaf,2025-10-01T19:03:23+01:00,925.7,323.4,bench-host-01,peer-scaling-2025-10
PEER-16-R1,16,653548,96,caf69b3905b17ec7f23f3cbb,2025-10-01T19:03:23+01:00,1098.3,325.6,bench-host-01,peer-scaling-2025-10
PEER-16-R1,16,653548,97,8b77859500ec8e5babb58f42,2025-10-01T19:03:24+01:00,1103.0,317.1,bench-host-01,peer-scaling-2025-10
PEER-16-R1,16,653548,98,e09aab2b5d24c8ed539c417b,2025-10-01T19:03:24+01:00,961.7,328.5,bench-host-01,peer-scaling-2025-10
PEER-16-R1,16,653549,99,20bf2b71fb169d235ba19405,2025-10-01T19:03:25+01:00,1113.9,324.9,bench-host-01,peer-scaling-2025-10
PEER-16-R1,16,653549,100,645edd7e35de03c88e72f03d,2025-10-01T19:03:25+01:00,1062.3,324.7,bench-host-01,peer-scaling-2025-10
PEER-16-R1,16,653549,101,3d78e749e34c8a0aa90d3d3e,2025-10-01T19:03:26+01:00,984.6,315.7,bench-host-01,peer-scaling-2025-10
PEER-16-R1,16,653549,102,5a03cce0cc503a2280c7f0da,2025-10-01T19:03:26+01:00,978.9,330.2,bench-host-01,peer-scaling-2025-10
PEER-16-R1,16,653549,103,7743c6faf8d4c7e36d9dae24,2025-10-01T19:03:27+01:00,1046.1,324.6,bench-host-01,peer-scaling-2025-10
PEER-16-R1,16,653549,104,facbe316a3686fc3b5eddbb1,2025-10-01T19:03:27+01:00,1108.2,323.4,bench-host-01,peer-scaling-2025-10
PEER-16-R1,16,653549,105,9e3f79660bd6b0aab5e29a8c,2025-10-01T19:03:28+01:00,978.8,324.7,bench-host-01,peer-scaling-2025-10
PEER-16-R1,16,653549,106,f682a9a8c3372c82950edcb9,2025-10-01T19:03:29+01:00,1099.0,314.8,bench-host-01,peer-scaling-2025-10
PEER-16-R1,16,653549,107,92f5908858e25789461c57c8,2025-10-01T19:03:29+01:00,1103.0,322.9,bench-host-01,peer-scaling-2025-10
PEER-16-R1,16,653550,108,943dc1d9ef45b4a3d228f737,2025-10-01T19:03:30+01:00,1075.3,327.0,bench-host-01,peer-scaling-2025-10
PEER-16-R1,16,653550,109,c980ccaa997041f4f7103985,2025-10-01T19:03:30+01:00,1105.8,330.6,bench-host-01,peer-scaling-2025-10
PEER-16-R1,16,653550,110,54193f63ac6e377c2065e171,2025-10-01T19:03:31+01:00,884.4,323.1,bench-host-01,peer-scaling-2025-10
PEER-16-R1,16,653550,111,f1d0d22d9a966ea3d6c56e6b,2025-10-01T19:03:31+01:00,984.1,321.5,bench-host-01,peer-scaling-2025-10
PEER-16-R1,16,653551,112,2abaffdb00584380f997090b,2025-10-01T19:03:32+01:00,1099.6,328.5,bench-host-01,peer-scaling-2025-10
PEER-16-R1,16,653551,113,8c5bf8539b7b8af7c0d4ba8a,2025-10-01T19:03:32+01:00,1101.4,324.9,bench-host-01,peer-scaling-2025-10
PEER-16-R1,16,653551,114,68406989519e411d0e335c7a,2025-10-01T19:03:33+01:00,955.6,322.8,bench-host-01,peer-scaling-2025-10
PEER-16-R1,16,653551,115,1f7afa2d61acb742ab41ad57,2025-10-01T19:03:33+01:00,1021.7,323.3,bench-host-01,peer-scaling-2025-10
PEER-16-R1,16,653551,116,f86c76a2c0b943d6e8d4c25a,2025-10-01T19:03:34+01:00,1118.4,328.2,bench-host-01,peer-scaling-2025-10
PEER-16-R1,16,653551,117,991831ae388e82797f318b16,2025-10-01T19:03:34+01:00,1090.5,313.2,bench-host-01,peer-scaling-2025-10
PEER-16-R1,16,653551,118,0c779f8e19f4c3767a607e4d,2025-10-01T19:03:35+01:00,964.6,336.1,bench-host-01,peer-scaling-2025-10
PEER-16-R1,16,653551,119,02a778112f3a9610d1e64c54,2025-10-01T19:03:35+01:00,1120.1,319.7,bench-host-01,peer-scaling-2025-10
PEER-16-R1,16,653552,120,4434ad20923472cba67f2929,2025-10-01T19:03:36+01:00,916.5,326.4,bench-host-01,peer-scaling-2025-10
PEER-16-R1,16,653552,121,56c6aee4dd776bd6de9f6c85,2025-10-01T19:03:36+01:00,1039.5,328.5,bench-host-01,peer-scaling-2025-10
PEER-16-R1,16,653552,122,c939e8e92a5b0c2220f461a9,2025-10-01T19:03:37+01:00,1101.8,323.3,bench-host-01,peer-scaling-2025-10
PEER-16-R1,16,653552,123,3713e2151e7abd35f6a6e59e,2025-10-01T19:03:38+01:00,1129.3,316.9,bench-host-01,peer-scaling-2025-10
PEER-16-R1,16,653552,124,ac47adc35e09a7ebd3e80e01,2025-10-01T19:03:38+01:00,1043.9,328.0,bench-host-01,peer-scaling-2025-10
PEER-16-R1,16,653552,125,c889aae4614f866b6386123c,2025-10-01T19:03:39+01:00,1022.0,314.2,bench-host-01,peer-scaling-2025-10
PEER-16-R1,16,653552,126,0aba520122add6ce25c63f49,2025-10-01T19:03:39+01:00,996.9,314.3,bench-host-01,peer-scaling-2025-10
PEER-16-R1,16,653552,127,e23acbf8582bff189891a901,2025-10-01T19:03:40+01:00,1094.8,327.0,bench-host-01,peer-scaling-2025-10
PEER-16-R1,16,653552,128,f2756e15a579d11fc6ec5d78,2025-10-01T19:03:40+01:00,1005.3,323.7,bench-host-01,peer-scaling-2025-10
PEER-16-R1,16,653552,129,2d2c75975f9877c247de7fe5,2025-10-01T19:03:41+01:00,1062.5,323.4,bench-host-01,peer-scaling-2025-10
PEER-32-R1,32,517236,0,e84f6d4732504d2e48484e8a,2025-10-02T00:03:41+01:00,861.5,317.7,bench-host-01,peer-scaling-2025-10
PEER-32-R1,32,517236,1,6267c163a04e1315089c6ff5,2025-10-02T00:03:42+01:00,797.4,326.2,bench-host-01,peer-scaling-2025-10
PEER-32-R1,32,517236,2,13a31851f2dc8dcdfd07d455,2025-10-02T00:03:42+01:00,690.6,312.5,bench-host-01,peer-scaling-2025-10
PEER-32-R1,32,517236,3,008b17302fc4d309883479f0,2025-10-02T00:03:42+01:00,839.8,320.7,bench-host-01,peer-scaling-2025-10
PEER-32-R1,32,517236,4,1fc324473928fe80c035c8fe,2025-10-02T00:03:43+01:00,810.9,321.2,bench-host-01,peer-scaling-2025-10
PEER-32-R1,32,517236,5,56e62a5d9df6a2a41276185d,2025-10-02T00:03:43+01:00,871.6,314.0,bench-host-01,peer-scaling-2025-10
PEER-32-R1,32,517236,6,7feb4a246ea768876d968777,2025-10-02T00:03:44+01:00,817.3,317.9,bench-host-01,peer-scaling-2025-10
PEER-32-R1,32,517236,7,e9a3d5c063b8f0f3ffa9c86c,2025-10-02T00:03:44+01:00,851.0,317.0,bench-host-01,peer-scaling-2025-10
PEER-32-R1,32,517236,8,33dfea39dfcba30ed8e2d7d6,2025-10-02T00:03:44+01:00,793.2,312.9,bench-host-01,peer-scaling-2025-10
PEER-32-R1,32,517236,9,e303cc8d74e84c2146cb5d8e,2025-10-02T00:03:45+01:00,865.3,317.6,bench-host-01,peer-scaling-2025-10
PEER-32-R1,32,517236,10,3d0587bd8fca68e4fe6b9c05,2025-10-02T00:03:45+01:00,796.5,324.2,bench-host-01,peer-scaling-2025-10
PEER-32-R1,32,517236,11,ad79e29eb9019387530ea5ad,2025-10-02T00:03:46+01:00,782.4,319.9,bench-host-01,peer-scaling-2025-10
PEER-32-R1,32,517237,12,e995c81d4012cfa023adfa5c,2025-10-02T00:03:46+01:00,852.5,304.2,bench-host-01,peer-scaling-2025-10
PEER-32-R1,32,517237,13,fb4e3e3516ab2cbe418ed56b,2025-10-02T00:03:47+01:00,746.2,317.4,bench-host-01,peer-scaling-2025-10
PEER-32-R1,32,517237,14,bd4219e5ddb32beb192aca7f,2025-10-02T00:03:47+01:00,888.9,318.1,bench-host-01,peer-scaling-2025-10
PEER-32-R1,32,517237,15,29c12f7a9a03edb72f40a606,2025-10-02T00:03:47+01:00,799.2,314.5,bench-host-01,peer-scaling-2025-10
PEER-32-R1,32,517237,16,8e050626228b0c5433ff9766,2025-10-02T00:03:48+01:00,792.6,312.9,bench-host-01,peer-scaling-2025-10
PEER-32-R1,32,517237,17,6e6901712fdaf07bd1ec1661,2025-10-02T00:03:48+01:00,816.0,313.4,bench-host-01,peer-scaling-2025-10
PEER-32-R1,32,517237,18,8f3d3410e3b99ece8b62ed4c,2025-10-02T00:03:49+01:00,807.8,318.1,bench-host-01,peer-scaling-2025-10
PEER-32-R1,32,517237,19,493dfac45c0248c09dbb036e,2025-10-02T00:03:49+01:00,800.5,310.1,bench-host-01,peer-scaling-2025-10
PEER-32-R1,32,517237,20,9f368db9841cff7eae9dfcbb,2025-10-02T00:03:49+01:00,900.9,312.9,bench-host-01,peer-scaling-2025-10
PEER-32-R1,32,517237,21,e448dbb16491147dd4d356fd,2025-10-02T00:03:50+01:00,847.3,311.1,bench-host-01,peer-scaling-2025-10
PEER-32-R1,32,517237,22,d25235ef0706b72e8a0864b3,2025-10-02T00:03:50+01:00,857.1,317.8,bench-host-01,peer-scaling-2025-10
PEER-32-R1,32,517237,23,a249ffe8ca8620d3bbe36e88,2025-10-02T00:03:51+01:00,828.1,321.3,bench-host-01,peer-scaling-2025-10
PEER-32-R1,32,517237,24,6f9fcb4c6d2055ab1ee7045e,2025-10-02T00:03:51+01:00,796.8,312.8,bench-host-01,peer-scaling-2025-10
PEER-32-R1,32,517237,25,699c8f772d8ce7aff0937dfe,2025-10-02T00:03:51+01:00,763.9,323.2,bench-host-01,peer-scaling-2025-10
PEER-32-R1,32,517237,26,ec05748e9bbd84e6ec0bdd8c,2025-10-02T00:03:52+01:00,728.3,317.4,bench-host-01,peer-scaling-2025-10
PEER-32-R1,32,517237,27,71ca4f18467a6b4cc6831c0a,2025-10-02T00:03:52+01:00,921.0,317.6,bench-host-01,peer-scaling-2025-10
PEER-32-R1,32,517238,28,e149725acc2d81fbca0f0f45,2025-10-02T00:03:53+01:00,901.6,312.4,bench-host-01,peer-scaling-2025-10
PEER-32-R1,32,517238,29,8c791c57873a0abcadc8650c,2025-10-02T00:03:53+01:00,805.7,317.2,bench-host-01,peer-scaling-2025-10
PEER-32-R1,32,517238,30,0432825461aff4b9cc625509,2025-10-02T00:03:53+01:00,814.0,326.3,bench-host-01,peer-scaling-2025-10
PEER-32-R1,32,517238,31,cd19fdebd615d4195f5132de,2025-10-02T00:03:54+01:00,766.1,317.8,bench-host-01,peer-scaling-2025-10
PEER-32-R1,32,517238,32,2b0267eacc9e39e93d03408b,2025-10-02T00:03:54+01:00,880.0,321.9,bench-host-01,peer-scaling-2025-10
PEER-32-R1,32,517238,33,259e01a71fa7deb215bb24ac,2025-10-02T00:03:55+01:00,795.6,319.4,bench-host-01,peer-scaling-2025-10
PEER-32-R1,32,517238,34,b6204e9fb73d1cec3f1dc69b,2025-10-02T00:03:55+01:00,837.6,315.3,bench-host-01,peer-scaling-2025-10
PEER-32-R1,32,517238,35,a9826633deabc7ab9741c2d7,2025-10-02T00:03:55+01:00,925.6,324.5,bench-host-01,peer-scaling-2025-10
PEER-32-R1,32,517239,36,b9ec375265784aea9b510bab,2025-10-02T00:03:56+01:00,781.6,316.7,bench-host-01,peer-scaling-2025-10
PEER-32-R1,32,517239,37,7403240fd54cd4313c62cf28,2025-10-02T00:03:56+01:00,844.7,316.0,bench-host-01,peer-scaling-2025-10
PEER-32-R1,32,517239,38,8e84b9ee111294f46359e23b,2025-10-02T00:03:57+01:00,958.6,308.9,bench-host-01,peer-scaling-2025-10
PEER-32-R1,32,517239,39,2707bfa1a6e6e4964d48cab7,2025-10-02T00:03:57+01:00,886.8,317.0,bench-host-01,peer-scaling-2025-10
PEER-32-R1,32,517240,40,a3ed69419271ad5368a6c128,2025-10-02T00:03:57+01:00,874.6,315.9,bench-host-01,peer-scaling-2025-10
PEER-32-R1,32,517240,41,6694b1fe92c45ef0b971cec7,2025-10-02T00:03:58+01:00,913.5,319.8,bench-host-01,peer-scaling-2025-10
PEER-32-R1,32,517240,42,9a65f1fa9ccbc5e232017d0a,2025-10-02T00:03:58+01:00,733.0,320.8,bench-host-01,peer-scaling-2025-10
PEER-32-R1,32,517240,43,2bcb821d0b3aa4ec503dddd9,2025-10-02T00:03:59+01:00,794.8,317.6,bench-host-01,peer-scaling-2025-10
PEER-32-R1,32,517240,44,a2ce36f8298674ee90d8b79c,2025-10-02T00:03:59+01:00,845.4,318.9,bench-host-01,peer-scaling-2025-10
PEER-32-R1,32,517240,45,db114809498340c5035d1184,2025-10-02T00:03:59+01:00,726.9,320.8,bench-host-01,peer-scaling-2025-10
PEER-32-R1,32,517240,46,565a9576a816df5141665c27,2025-10-02T00:04:00+01:00,843.0,306.4,bench-host-01,peer-scaling-2025-10
PEER-32-R1,32,517240,47,abc76bcfed70b26e91d24f00,2025-10-02T00:04:00+01:00,827.5,317.0,bench-host-01,peer-scaling-2025-10
PEER-32-R1,32,517240,48,62d4fbbb20c21e872cc9f66f,2025-10-02T00:04:01+01:00,883.6,315.8,bench-host-01,peer-scaling-2025-10
PEER-32-R1,32,517240,49,e4fc49d646fc086965d60896,2025-10-02T00:04:01+01:00,801.5,328.1,bench-host-01,peer-scaling-2025-10
PEER-32-R1,32,517240,50,180907f776cc16eb8bd3e8e2,2025-10-02T00:04:02+01:00,854.2,309.9,bench-host-01,peer-scaling-2025-10
PEER-32-R1,32,517240,51,1c5704f5d2d7c5cfb7693432,2025-10-02T00:04:02+01:00,771.9,315.9,bench-host-01,peer-scaling-2025-10
PEER-32-R1,32,517241,52,3604d4e5900cc7e2f78a8a7e,2025-10-02T00:04:02+01:00,770.2,316.9,bench-host-01,peer-scaling-2025-10
PEER-32-R1,32,517241,53,b1d22f94c404c5872ead25d3,2025-10-02T00:04:03+01:00,845.1,312.7,bench-host-01,peer-scaling-2025-10
PEER-32-R1,32,517241,54,e7e65e2d38d21d5f3742b7e0,2025-10-02T00:04:03+01:00,784.7,317.6,bench-host-01,peer-scaling-2025-10
PEER-32-R1,32,517241,55,87fae82f155dc615403c67ef,2025-10-02T00:04:04+01:00,866.7,318.0,bench-host-01,peer-scaling-2025-10
PEER-32-R1,32,517241,56,9b3396ee1d7e2f21667bfdee,2025-10-02T00:04:04+01:00,787.3,318.2,bench-host-01,peer-scaling-2025-10
PEER-32-R1,32,517241,57,f96f87c3ed5bc7a6e6c99c19,2025-10-02T00:04:04+01:00,753.8,321.2,bench-host-01,peer-scaling-2025-10
PEER-32-R1,32,517241,58,6f4f8431f881a84f55da949b,2025-10-02T00:04:05+01:00,797.2,318.8,bench-host-01,peer-scaling-2025-10
PEER-32-R1,32,517241,59,fc112faaf1b1c0aabbfa3934,2025-10-02T00:04:05+01:00,865.9,305.3,bench-host-01,peer-scaling-2025-10
PEER-32-R1,32,517242,60,8da4575d84af6816ce685a01,2025-10-02T00:04:06+01:00,879.6,314.4,bench-host-01,peer-scaling-2025-10
PEER-32-R1,32,517242,61,7076d2b4a18dd478e7c90b09,2025-10-02T00:04:06+01:00,800.3,325.8,bench-host-01,peer-scaling-2025-10
PEER-32-R1,32,517242,62,b0b0b0942201b29cff4622c8,2025-10-02T00:04:06+01:00,857.3,315.8,bench-host-01,peer-scaling-2025-10
PEER-32-R1,32,517242,63,6715c84e3dbb7380a7c724db,2025-10-02T00:04:07+01:00,809.1,312.8,bench-host-01,peer-scaling-2025-10
PEER-32-R1,32,517242,64,eb405f1618159e417a5856ae,2025-10-02T00:04:07+01:00,993.8,317.3,bench-host-01,peer-scaling-2025-10
PEER-32-R1,32,517243,65,1ad2476c53e7ae82879f7562,2025-10-02T00:04:08+01:00,697.5,315.6,bench-host-01,peer-scaling-2025-10
PEER-32-R1,32,517243,66,c4b8985fa3aa51c8cd066b61,2025-10-02T00:04:08+01:00,717.9,316.0,bench-host-01,peer-scaling-2025-10
PEER-32-R1,32,517243,67,a9d35b579347f9be1b195530,2025-10-02T00:04:08+01:00,935.5,316.9,bench-host-01,peer-scaling-2025-10
PEER-32-R1,32,517243,68,ca6aef8193a4b709f633ade6,2025-10-02T00:04:09+01:00,843.7,324.2,bench-host-01,peer-scaling-2025-10
PEER-32-R1,32,517243,69,5bd558201279bfcf88a0a193,2025-10-02T00:04:09+01:00,834.2,310.6,bench-host-01,peer-scaling-2025-10
PEER-32-R1,32,517243,70,71c4c1154bfaf609f7cd535c,2025-10-02T00:04:10+01:00,756.3,318.8,bench-host-01,peer-scaling-2025-10
PEER-32-R1,32,517243,71,49c9b162767082f6edc90c71,2025-10-02T00:04:10+01:00,773.4,309.4,bench-host-01,peer-scaling-2025-10
PEER-32-R1,32,517243,72,08704bf9859bc75de6ec0a89,2025-10-02T00:04:10+01:00,837.6,316.3,bench-host-01,peer-scaling-2025-10
PEER-32-R1,32,517243,73,3553df1905f364c43bdd6099,2025-10-02T00:04:11+01:00,736.6,322.6,bench-host-01,peer-scaling-2025-10
PEER-32-R1,32,517243,74,da6d5df05b3b24a19ab92815,2025-10-02T00:04:11+01:00,759.3,322.8,bench-host-01,peer-scaling-2025-10
PEER-32-R1,32,517243,75,07b1e1e7a5045f33c389b8dc,2025-10-02T00:04:12+01:00,801.3,319.1,bench-host-01,peer-scaling-2025-10
PEER-32-R1,32,517243,76,7ef40e642c961ed6125e2312,2025-10-02T00:04:12+01:00,864.5,312.1,bench-host-01,peer-scaling-2025-10
PEER-32-R1,32,517243,77,f931b20e600ab955afc619eb,2025-10-02T00:04:12+01:00,747.4,320.3,bench-host-01,peer-scaling-2025-10
PEER-32-R1,32,517243,78,f949688d337044721bdbe310,2025-10-02T00:04:13+01:00,697.2,318.6,bench-host-01,peer-scaling-2025-10
PEER-32-R1,32,517243,79,db37b2eadf6a7f40f8696aff,2025-10-02T00:04:13+01:00,786.3,317.7,bench-host-01,peer-scaling-2025-10
PEER-32-R1,32,517243,80,15a36d576f87eba54cf94925,2025-10-02T00:04:14+01:00,785.8,317.2,bench-host-01,peer-scaling-2025-10
PEER-32-R1,32,517243,81,17f25450f5e08c51f3a57bc5,2025-10-02T00:04:14+01:00,808.5,312.0,bench-host-01,peer-scaling-2025-10
PEER-32-R1,32,517243,82,320d57e9fb0b31881fe039fd,2025-10-02T00:04:15+01:00,769.7,320.4,bench-host-01,peer-scaling-2025-10
PEER-32-R1,32,517243,83,95f06e6f61a27f2a831475f5,2025-10-02T00:04:15+01:00,748.3,315.1,bench-host-01,peer-scaling-2025-10
PEER-32-R1,32,517243,84,c5399d4d44251ad4cc11a81c,2025-10-02T00:04:15+01:00,792.9,318.5,bench-host-01,peer-scaling-2025-10
PEER-32-R1,32,517243,85,edccda5445f3a1c0d55d562b,2025-10-02T00:04:16+01:00,867.6,322.0,bench-host-01,peer-scaling-2025-10
PEER-32-R1,32,517243,86,17af7e0f39e148c77dfb306e,2025-10-02T00:04:16+01:00,928.7,324.7,bench-host-01,peer-scaling-2025-10
PEER-32-R1,32,517243,87,447ed303685f114e267646a6,2025-10-02T00:04:17+01:00,823.2,315.7,bench-host-01,peer-scaling-2025-10
PEER-32-R1,32,517243,88,13f81d2607a16c811820f042,2025-10-02T00:04:17+01:00,786.3,319.1,bench-host-01,peer-scaling-2025-10
PEER-32-R1,32,517243,89,e7dbb6b4d0fa9af5412220e4,2025-10-02T00:04:17+01:00,783.6,323.8,bench-host-01,peer-scaling-2025-10
PEER-32-R1,32,517243,90,d9da9cb837960de46c30cbac,2025-10-02T00:04:18+01:00,802.6,317.2,bench-host-01,peer-scaling-2025-10
PEER-32-R1,32,517243,91,7e5b1ed5cbaa64c8054c57b7,2025-10-02T00:04:18+01:00,780.4,312.6,bench-host-01,peer-scaling-2025-10
PEER-32-R1,32,517243,92,45268eef3159d820974b5f4f,2025-10-02T00:04:19+01:00,887.4,314.2,bench-host-01,peer-scaling-2025-10
PEER-32-R1,32,517243,93,b2ce85cfbeb39408c32c7bdb,2025-10-02T00:04:19+01:00,755.9,321.4,bench-host-01,peer-scaling-2025-10
PEER-32-R1,32,517243,94,1865768d9600beec6efe4075,2025-10-02T00:04:19+01:00,776.9,321.0,bench-host-01,peer-scaling-2025-10
PEER-32-R1,32,517243,95,d59eb92473ed6ba11edad15b,2025-10-02T00:04:20+01:00,734.3,320.8,bench-host-01,peer-scaling-2025-10
PEER-32-R1,32,517244,96,c6fe4c908e3b57cc36232dd9,2025-10-02T00:04:20+01:00,789.9,306.4,bench-host-01,peer-scaling-2025-10
PEER-32-R1,32,517244,97,4602ba35c4989edf2b159686,2025-10-02T00:04:21+01:00,770.6,315.4,bench-host-01,peer-scaling-2025-10
PEER-32-R1,32,517244,98,cc307e86987fa0bdd7180822,2025-10-02T00:04:21+01:00,858.6,311.9,bench-host-01,peer-scaling-2025-10
PEER-32-R1,32,517244,99,7cd8740f1e025340b2a67640,2025-10-02T00:04:21+01:00,859.4,317.2,bench-host-01,peer-scaling-2025-10
PEER-32-R1,32,517244,100,3696cdb9fd1dbb5942588bdf,2025-10-02T00:04:22+01:00,747.7,321.4,bench-host-01,peer-scaling-2025-10
PEER-32-R1,32,517244,101,9f52c80287f2ad64760a019a,2025-10-02T00:04:22+01:00,810.0,313.8,bench-host-01,peer-scaling-2025-10
PEER-32-R1,32,517244,102,d2c528c31de87d3c0781a0ee,2025-10-02T00:04:23+01:00,792.9,314.6,bench-host-01,peer-scaling-2025-10
PEER-32-R1,32,517244,103,94513cdc43eb9ef15549f663,2025-10-02T00:04:23+01:00,906.7,311.1,bench-host-01,peer-scaling-2025-10
PEER-32-R1,32,517244,104,0d3a3dd8c9ba954b7f0d69b7,2025-10-02T00:04:23+01:00,850.2,317.3,bench-host-01,peer-scaling-2025-10
PEER-32-R1,32,517245,105,cea41157698098bf8acbbdd9,2025-10-02T00:04:24+01:00,800.9,314.1,bench-host-01,peer-scaling-2025-10
PEER-32-R1,32,517245,106,8bc36c108f2592977fc23035,2025-10-02T00:04:24+01:00,805.5,316.5,bench-host-01,peer-scaling-2025-10
PEER-32-R1,32,517245,107,0f77723f38cad421201ab41e,2025-10-02T00:04:25+01:00,792.3,317.1,bench-host-01,peer-scaling-2025-10
PEER-32-R1,32,517245,108,2a1ca2acf125c0fa0e1b157c,2025-10-02T00:04:25+01:00,775.7,321.3,bench-host-01,peer-scaling-2025-10
PEER-32-R1,32,517245,109,320aa419ab4d2360b48b4674,2025-10-02T00:04:25+01:00,712.6,318.2,bench-host-01,peer-scaling-2025-10
PEER-32-R1,32,517245,110,26d65dc3733dc044915f625a,2025-10-02T00:04:26+01:00,766.3,329.6,bench-host-01,peer-scaling-2025-10
PEER-32-R1,32,517245,111,cb2a66a5a832566461cde19a,2025-10-02T00:04:26+01:00,882.5,317.2,bench-host-01,peer-scaling-2025-10
PEER-32-R1,32,517245,112,c1514150d921d3565884b6e5,2025-10-02T00:04:27+01:00,863.7,310.4,bench-host-01,peer-scaling-2025-10
PEER-32-R1,32,517245,113,a97a4f5185601c2bc7f1c750,2025-10-02T00:04:27+01:00,747.7,325.2,bench-host-01,peer-scaling-2025-10
PEER-32-R1,32,517245,114,0afe0ec5c137f7cb1a55e4d8,2025-10-02T00:04:28+01:00,771.5,302.4,bench-host-01,peer-scaling-2025-10
PEER-32-R1,32,517245,115,ddadc38a46ad8f8307269714,2025-10-02T00:04:28+01:00,815.4,319.4,bench-host-01,peer-scaling-2025-10
PEER-32-R1,32,517245,116,cd47a741767e63844f89911e,2025-10-02T00:04:28+01:00,760.7,318.7,bench-host-01,peer-scaling-2025-10
PEER-32-R1,32,517245,117,fb69407b30bee141a9f939eb,2025-10-02T00:04:29+01:00,844.3,316.7,bench-host-01,peer-scaling-2025-10
PEER-32-R1,32,517245,118,ba2e07d5730e11ddbd5f8d5b,2025-10-02T00:04:29+01:00,821.0,313.1,bench-host-01,peer-scaling-2025-10
PEER-32-R1,32,517245,119,5879a5f20676493613d4cf17,2025-10-02T00:04:30+01:00,824.9,312.6,bench-host-01,peer-scaling-2025-10
PEER-32-R1,32,517245,120,6223cf3d14a131d29f4fbeea,2025-10-02T00:04:30+01:00,794.3,317.8,bench-host-01,peer-scaling-2025-10
PEER-32-R1,32,517246,121,aebd0d70a43e2345a7081af8,2025-10-02T00:04:30+01:00,794.7,323.0,bench-host-01,peer-scaling-2025-10
PEER-32-R1,32,517246,122,ffb2c77dee2869375599e442,2025-10-02T00:04:31+01:00,808.7,308.9,bench-host-01,peer-scaling-2025-10
PEER-32-R1,32,517246,123,c615120790eb20278065b691,2025-10-02T00:04:31+01:00,791.7,315.9,bench-host-01,peer-scaling-2025-10
PEER-32-R1,32,517246,124,72cf561a0f8fdbb0d24866f1,2025-10-02T00:04:32+01:00,798.2,314.6,bench-host-01,peer-scaling-2025-10
PEER-32-R1,32,517246,125,6d0c7a0b544de061e58bb1fa,2025-10-02T00:04:32+01:00,806.2,314.3,bench-host-01,peer-scaling-2025-10
PEER-32-R1,32,517246,126,605aa073761e385feb0a8468,2025-10-02T00:04:32+01:00,817.5,322.3,bench-host-01,peer-scaling-2025-10
PEER-32-R1,32,517246,127,ff7a7cb1121f39a6b4a03481,2025-10-02T00:04:33+01:00,842.2,317.8,bench-host-01,peer-scaling-2025-10
PEER-32-R1,32,517246,128,6f2c1100537ef8bcc2f06e6d,2025-10-02T00:04:33+01:00,818.2,315.9,bench-host-01,peer-scaling-2025-10
PEER-32-R1,32,517246,129,5ff7a4798f49a522b2f87098,2025-10-02T00:04:34+01:00,735.8,314.7,bench-host-01,peer-scaling-2025-10
PEER-08-R2,8,567492,0,49eb7aa2b9615825e947ddbe,2025-10-02T05:04:34+01:00,1139.9,319.8,bench-host-01,peer-scaling-2025-10
PEER-08-R2,8,567492,1,3764b63eb6377dc59cc53e45,2025-10-02T05:04:35+01:00,1176.9,325.2,bench-host-01,peer-scaling-2025-10
PEER-08-R2,8,567492,2,5f01bb003d050ee232ef4b8a,2025-10-02T05:04:35+01:00,1208.9,313.2,bench-host-01,peer-scaling-2025-10
PEER-08-R2,8,567492,3,241c8c455649f1926dfa719e,2025-10-02T05:04:36+01:00,1239.0,320.9,bench-host-01,peer-scaling-2025-10
PEER-08-R2,8,567492,4,d7a67ea5bd3af165345b4958,2025-10-02T05:04:36+01:00,1121.9,317.8,bench-host-01,peer-scaling-2025-10
PEER-08-R2,8,567492,5,56fca50be82422a7c399beee,2025-10-02T05:04:37+01:00,1232.5,319.3,bench-host-01,peer-scaling-2025-10
PEER-08-R2,8,567492,6,d49ee3ff39bc43b7e148737e,2025-10-02T05:04:37+01:00,1080.7,314.9,bench-host-01,peer-scaling-2025-10
PEER-08-R2,8,567492,7,0974c44ecbeadab164ee5eca,2025-10-02T05:04:38+01:00,1214.7,319.8,bench-host-01,peer-scaling-2025-10
PEER-08-R2,8,567492,8,2a965482cdd8c8fac39b037f,2025-10-02T05:04:39+01:00,1139.9,324.0,bench-host-01,peer-scaling-2025-10
PEER-08-R2,8,567492,9,477311a9cb47d4c8164551ac,2025-10-02T05:04:39+01:00,1181.0,319.3,bench-host-01,peer-scaling-2025-10
PEER-08-R2,8,567493,10,d1c40f252c6de5eccd86acfc,2025-10-02T05:04:40+01:00,1206.9,320.7,bench-host-01,peer-scaling-2025-10
PEER-08-R2,8,567493,11,0c34b936290543c68c8b4364,2025-10-02T05:04:40+01:00,1207.0,314.3,bench-host-01,peer-scaling-2025-10
PEER-08-R2,8,567494,12,d172547f85c81e0f41a93c5b,2025-10-02T05:04:41+01:00,1177.0,329.2,bench-host-01,peer-scaling-2025-10
PEER-08-R2,8,567494,13,adb4194cbdab6279b33e0348,2025-10-02T05:04:41+01:00,1171.2,320.9,bench-host-01,peer-scaling-2025-10
PEER-08-R2,8,567494,14,1e5b4b3e12af4fc8d8969a8a,2025-10-02T05:04:42+01:00,1157.3,324.0,bench-host-01,peer-scaling-2025-10
PEER-08-R2,8,567494,15,22a549de872e106f9715e014,2025-10-02T05:04:43+01:00,1211.9,315.3,bench-host-01,peer-scaling-2025-10
PEER-08-R2,8,567495,16,f533620fe35f6d6ab1c5937b,2025-10-02T05:04:43+01:00,1116.6,317.4,bench-host-01,peer-scaling-2025-10
PEER-08-R2,8,567495,17,dcb006cf31fdcbc99dd1a1ee,2025-10-02T05:04:44+01:00,1087.7,325.7,bench-host-01,peer-scaling-2025-10
PEER-08-R2,8,567495,18,8966853d082718df12dbecfb,2025-10-02T05:04:44+01:00,1089.7,321.5,bench-host-01,peer-scaling-2025-10
PEER-08-R2,8,567495,19,dc7748e366279d822c78c42c,2025-10-02T05:04:45+01:00,1104.3,313.3,bench-host-01,peer-scaling-2025-10
PEER-08-R2,8,567496,20,b668b0579ae3014d4a96bd52,2025-10-02T05:04:45+01:00,1218.6,317.4,bench-host-01,peer-scaling-2025-10
PEER-08-R2,8,567496,21,b029f754806495892b9e36ca,2025-10-02T05:04:46+01:00,1165.4,324.3,bench-host-01,peer-scaling-2025-10
PEER-08-R2,8,567496,22,4f98153b92b6c0cb600d8018,2025-10-02T05:04:47+01:00,1141.6,319.7,bench-host-01,peer-scaling-2025-10
PEER-08-R2,8,567496,23,44c28924308ca908dc7a45b2,2025-10-02T05:04:47+01:00,1094.7,309.7,bench-host-01,peer-scaling-2025-10
PEER-08-R2,8,567496,24,b690bc3807ff1945db2e8dc4,2025-10-02T05:04:48+01:00,1117.1,319.7,bench-host-01,peer-scaling-2025-10
PEER-08-R2,8,567496,25,1c0f44bae567992f807ea760,2025-10-02T05:04:48+01:00,1168.5,323.1,bench-host-01,peer-scaling-2025-10
PEER-08-R2,8,567496,26,c5cebc87c654cd701b4024ec,2025-10-02T05:04:49+01:00,1150.2,323.3,bench-host-01,peer-scaling-2025-10
PEER-08-R2,8,567496,27,d4cec759e1f946f519c874dc,2025-10-02T05:04:50+01:00,1149.3,320.5,bench-host-01,peer-scaling-2025-10
PEER-08-R2,8,567496,28,b7897f132415216b7d9985e8,2025-10-02T05:04:50+01:00,1094.8,321.8,bench-host-01,peer-scaling-2025-10
PEER-08-R2,8,567496,29,2bd596c43252bfe1e3215463,2025-10-02T05:04:51+01:00,1053.9,317.6,bench-host-01,peer-scaling-2025-10
PEER-08-R2,8,567497,30,f58d7ecb89baf7c579df38bc,2025-10-02T05:04:51+01:00,1111.8,325.8,bench-host-01,peer-scaling-2025-10
PEER-08-R2,8,567497,31,14112f36cb44549555b91ade,2025-10-02T05:04:52+01:00,1202.7,318.6,bench-host-01,peer-scaling-2025-10
PEER-08-R2,8,567497,32,b75beb095cfb83e854c6e38e,2025-10-02T05:04:52+01:00,1062.9,319.3,bench-host-01,peer-scaling-2025-10
PEER-08-R2,8,567498,33,4c124968a51eae68b3003d74,2025-10-02T05:04:53+01:00,1110.9,316.9,bench-host-01,peer-scaling-2025-10
PEER-08-R2,8,567498,34,ebc0e303c03fc40bdb44b791,2025-10-02T05:04:54+01:00,1279.8,318.3,bench-host-01,peer-scaling-2025-10
PEER-08-R2,8,567498,35,f6daf6d221e43c592533ca81,2025-10-02T05:04:54+01:00,1201.1,320.0,bench-host-01,peer-scaling-2025-10
PEER-08-R2,8,567499,36,cb18916d3b3c43553d6cd6b8,2025-10-02T05:04:55+01:00,1198.2,322.0,bench-host-01,peer-scaling-2025-10
PEER-08-R2,8,567499,37,8241dc1ff65f32ef1dd1414a,2025-10-02T05:04:55+01:00,1197.8,314.8,bench-host-01,peer-scaling-2025-10
PEER-08-R2,8,567499,38,bc4f12a86fd7f8d339859dbc,2025-10-02T05:04:56+01:00,1273.7,318.1,bench-host-01,peer-scaling-2025-10
PEER-08-R2,8,567499,39,79cc543d457fdd41b624ee65,2025-10-02T05:04:56+01:00,1113.4,318.7,bench-host-01,peer-scaling-2025-10
PEER-08-R2,8,567499,40,2411f518f6f966603bbf657e,2025-10-02T05:04:57+01:00,1049.7,322.7,bench-host-01,peer-scaling-2025-10
PEER-08-R2,8,567499,41,92a3e6e47901b8445d8094fb,2025-10-02T05:04:58+01:00,1122.5,323.8,bench-host-01,peer-scaling-2025-10
PEER-08-R2,8,567499,42,e94865570f7a4828af04fb5d,2025-10-02T05:04:58+01:00,1115.6,325.0,bench-host-01,peer-scaling-2025-10
PEER-08-R2,8,567499,43,23a5aed6249ba9e1fc16e66d,2025-10-02T05:04:59+01:00,1188.8,321.8,bench-host-01,peer-scaling-2025-10
PEER-08-R2,8,567499,44,4c4e3a39f157ae44355a13ce,2025-10-02T05:04:59+01:00,1138.2,331.7,bench-host-01,peer-scaling-2025-10
PEER-08-R2,8,567499,45,3f6cacb57bb15140623a9346,2025-10-02T05:05:00+01:00,1096.3,319.3,bench-host-01,peer-scaling-2025-10
PEER-08-R2,8,567499,46,61b168724edd23c68b7c998c,2025-10-02T05:05:00+01:00,1156.4,317.4,bench-host-01,peer-scaling-2025-10
PEER-08-R2,8,567499,47,78dc4a5cb11fe4a162ce0468,2025-10-02T05:05:01+01:00,1135.3,309.0,bench-host-01,peer-scaling-2025-10
PEER-08-R2,8,567499,48,2ec6751ef9546af7192dcca7,2025-10-02T05:05:02+01:00,1086.2,325.2,bench-host-01,peer-scaling-2025-10
PEER-08-R2,8,567499,49,d5f973cf721b162d8a0788c4,2025-10-02T05:05:02+01:00,1126.5,311.6,bench-host-01,peer-scaling-2025-10
PEER-08-R2,8,567499,50,8216fb57d12a23093c583cb7,2025-10-02T05:05:03+01:00,1166.0,322.9,bench-host-01,peer-scaling-2025-10
PEER-08-R2,8,567499,51,e83e7e7ee464ec03ebe9c2ef,2025-10-02T05:05:03+01:00,1126.0,334.6,bench-host-01,peer-scaling-2025-10
PEER-08-R2,8,567499,52,d2083f36481a1dfb7631fb70,2025-10-02T05:05:04+01:00,1176.5,320.2,bench-host-01,peer-scaling-2025-10
PEER-08-R2,8,567499,53,dc4be276e70571e5192494ae,2025-10-02T05:05:04+01:00,1140.8,315.6,bench-host-01,peer-scaling-2025-10
PEER-08-R2,8,567499,54,f9003d616e13679dbf6a7d2b,2025-10-02T05:05:05+01:00,1125.5,318.5,bench-host-01,peer-scaling-2025-10
PEER-08-R2,8,567499,55,f9ee445cc1aa429e8a9867cd,2025-10-02T05:05:06+01:00,1190.9,317.9,bench-host-01,peer-scaling-2025-10
PEER-08-R2,8,567499,56,264a4bed47ca87eae68cb12b,2025-10-02T05:05:06+01:00,1142.9,322.6,bench-host-01,peer-scaling-2025-10
PEER-08-R2,8,567499,57,b9d78872c5d906f922447138,2025-10-02T05:05:07+01:00,1124.8,317.4,bench-host-01,peer-scaling-2025-10
PEER-08-R2,8,567499,58,de0b4481c94a884329d517ab,2025-10-02T05:05:07+01:00,1133.6,318.5,bench-host-01,peer-scaling-2025-10
PEER-08-R2,8,567499,59,93fee5078fab626242b1e466,2025-10-02T05:05:08+01:00,1132.9,321.7,bench-host-01,peer-scaling-2025-10
PEER-08-R2,8,567499,60,d2b9f00be50aa64bab800e61,2025-10-02T05:05:08+01:00,1124.1,323.6,bench-host-01,peer-scaling-2025-10
PEER-08-R2,8,567499,61,4f0cba0b235dfbc3706b3a7c,2025-10-02T05:05:09+01:00,1211.4,321.4,bench-host-01,peer-scaling-2025-10
PEER-08-R2,8,567499,62,f912b8c2bb2e6729e755ed56,2025-10-02T05:05:10+01:00,1114.6,313.2,bench-host-01,peer-scaling-2025-10
PEER-08-R2,8,567499,63,1c7be842ddb561896ae21367,2025-10-02T05:05:10+01:00,1216.1,318.7,bench-host-01,peer-scaling-2025-10
PEER-08-R2,8,567499,64,cdc8e45f6f1912e67f30ccd3,2025-10-02T05:05:11+01:00,1165.2,315.3,bench-host-01,peer-scaling-2025-10
PEER-08-R2,8,567499,65,ddce00fe75e72825280fa55e,2025-10-02T05:05:11+01:00,1152.1,318.1,bench-host-01,peer-scaling-2025-10
PEER-08-R2,8,567499,66,9218dab04f58c82a0c1cc958,2025-10-02T05:05:12+01:00,1172.2,319.1,bench-host-01,peer-scaling-2025-10
PEER-08-R2,8,567499,67,5fb886cf03f616f9fbd9e762,2025-10-02T05:05:13+01:00,1017.6,317.1,bench-host-01,peer-scaling-2025-10
PEER-08-R2,8,567499,68,a727babf797b3e70e5b5ad4f,2025-10-02T05:05:13+01:00,1050.6,312.6,bench-host-01,peer-scaling-2025-10
PEER-08-R2,8,567499,69,c619930efb325e17ab1d57a6,2025-10-02T05:05:14+01:00,1197.8,323.8,bench-host-01,peer-scaling-2025-10
PEER-08-R2,8,567500,70,a2f891a7aa24384223f431d9,2025-10-02T05:05:14+01:00,1065.0,313.4,bench-host-01,peer-scaling-2025-10
PEER-08-R2,8,567500,71,af5019c8ddfd657e6068e81c,2025-10-02T05:05:15+01:00,1095.1,313.8,bench-host-01,peer-scaling-2025-10
PEER-08-R2,8,567501,72,ebbee921283f8bc55b9990cb,2025-10-02T05:05:15+01:00,1109.1,319.3,bench-host-01,peer-scaling-2025-10
PEER-08-R2,8,567501,73,23d64288fabe9608f593ae0b,2025-10-02T05:05:16+01:00,1227.7,312.3,bench-host-01,peer-scaling-2025-10
PEER-08-R2,8,567501,74,d038f921d37dc4970614398c,2025-10-02T05:05:17+01:00,1184.8,328.0,bench-host-01,peer-scaling-2025-10
PEER-08-R2,8,567501,75,ff6e647eda3adb5ad3b9eea3,2025-10-02T05:05:17+01:00,1095.7,323.0,bench-host-01,peer-scaling-2025-10
PEER-08-R2,8,567501,76,eaf686802f7e808781fb35af,2025-10-02T05:05:18+01:00,1218.4,327.6,bench-host-01,peer-scaling-2025-10
PEER-08-R2,8,567501,77,9711f6d98032a9bbfdb7911b,2025-10-02T05:05:18+01:00,1189.8,323.4,bench-host-01,peer-scaling-2025-10
PEER-08-R2,8,567501,78,1f1e91336ff2cfa287176dde,2025-10-02T05:05:19+01:00,1242.8,313.8,bench-host-01,peer-scaling-2025-10
PEER-08-R2,8,567501,79,cf0a48f9a8e2b1b565eb6303,2025-10-02T05:05:19+01:00,1181.5,329.0,bench-host-01,peer-scaling-2025-10
PEER-08-R2,8,567501,80,1ba56b02db906a25d69f550f,2025-10-02T05:05:20+01:00,1172.0,321.9,bench-host-01,peer-scaling-2025-10
PEER-08-R2,8,567501,81,e5352ca52e47cbcecd4eb63d,2025-10-02T05:05:21+01:00,1153.4,316.9,bench-host-01,peer-scaling-2025-10
PEER-08-R2,8,567501,82,76598c587628d1039a5765d7,2025-10-02T05:05:21+01:00,1125.3,324.9,bench-host-01,peer-scaling-2025-10
PEER-08-R2,8,567501,83,809d7d2bf7a17b4b3b607d7c,2025-10-02T05:05:22+01:00,1150.9,326.7,bench-host-01,peer-scaling-2025-10
PEER-08-R2,8,567501,84,523b360dd434e01cd827c8a2,2025-10-02T05:05:22+01:00,1216.2,322.1,bench-host-01,peer-scaling-2025-10
PEER-08-R2,8,567501,85,2762325a006ac9d1db5f0dc5,2025-10-02T05:05:23+01:00,1151.5,323.2,bench-host-01,peer-scaling-2025-10
PEER-08-R2,8,567501,86,c8b7c3b594435ed762e2dce2,2025-10-02T05:05:23+01:00,1031.8,323.1,bench-host-01,peer-scaling-2025-10
PEER-08-R2,8,567501,87,1fa8b010eb731bcf69084f14,2025-10-02T05:05:24+01:00,1095.4,322.2,bench-host-01,peer-scaling-2025-10
PEER-08-R2,8,567501,88,c0a9b211cfe0abb53397e02c,2025-10-02T05:05:25+01:00,1156.3,321.7,bench-host-01,peer-scaling-2025-10
PEER-08-R2,8,567501,89,df64828fcdc651ef0e6bc95f,2025-10-02T05:05:25+01:00,1125.2,324.7,bench-host-01,peer-scaling-2025-10
PEER-08-R2,8,567501,90,33f982c4fc5342c79b682f0c,2025-10-02T05:05:26+01:00,1126.3,324.9,bench-host-01,peer-scaling-2025-10
PEER-08-R2,8,567501,91,1682ad2ee0003035b9b7e68d,2025-10-02T05:05:26+01:00,1039.6,327.2,bench-host-01,peer-scaling-2025-10
PEER-08-R2,8,567501,92,48ea7ca703c7b0b6db4ab30f,2025-10-02T05:05:27+01:00,1025.2,308.8,bench-host-01,peer-scaling-2025-10
PEER-08-R2,8,567501,93,54347d46063d92e2defac433,2025-10-02T05:05:27+01:00,1073.7,312.4,bench-host-01,peer-scaling-2025-10
PEER-08-R2,8,567501,94,9e9035b1eb4767ca7b9e65b6,2025-10-02T05:05:28+01:00,1148.7,319.9,bench-host-01,peer-scaling-2025-10
PEER-08-R2,8,567501,95,9b102461aa20b9405b18b67a,2025-10-02T05:05:29+01:00,1139.5,319.1,bench-host-01,peer-scaling-2025-10
PEER-08-R2,8,567502,96,da814b282d8b0933506f21ac,2025-10-02T05:05:29+01:00,1209.9,322.7,bench-host-01,peer-scaling-2025-10
PEER-08-R2,8,567502,97,4518567222bd04a0b0adc3e5,2025-10-02T05:05:30+01:00,1076.1,320.8,bench-host-01,peer-scaling-2025-10
PEER-08-R2,8,567502,98,22819011a2be8ec01ca19824,2025-10-02T05:05:30+01:00,1167.6,331.5,bench-host-01,peer-scaling-2025-10
PEER-08-R2,8,567503,99,e70284bb7472c4a6af8fee3f,2025-10-02T05:05:31+01:00,1111.8,319.8,bench-host-01,peer-scaling-2025-10
PEER-08-R2,8,567503,100,5865e1e9829a2f8991e9a42a,2025-10-02T05:05:31+01:00,1210.6,326.8,bench-host-01,peer-scaling-2025-10
PEER-08-R2,8,567503,101,21b451dffdf21cfa1f45f123,2025-10-02T05:05:32+01:00,1153.4,328.8,bench-host-01,peer-scaling-2025-10
PEER-08-R2,8,567503,102,a030d6c497e425c8eff51a41,2025-10-02T05:05:33+01:00,1261.8,323.5,bench-host-01,peer-scaling-2025-10
PEER-08-R2,8,567503,103,e00a4bef36026caff36b8c08,2025-10-02T05:05:33+01:00,1196.9,329.3,bench-host-01,peer-scaling-2025-10
PEER-08-R2,8,567503,104,74829ba8fcd1c19de190578f,2025-10-02T05:05:34+01:00,1169.6,321.0,bench-host-01,peer-scaling-2025-10
PEER-08-R2,8,567503,105,6af48507633986f5e02d43c8,2025-10-02T05:05:34+01:00,1116.8,322.0,bench-host-01,peer-scaling-2025-10
PEER-08-R2,8,567503,106,084c2b6b6ce189b0672b2bf5,2025-10-02T05:05:35+01:00,1212.0,323.9,bench-host-01,peer-scaling-2025-10
PEER-08-R2,8,567503,107,48a3a841f7d71c933f307d0f,2025-10-02T05:05:35+01:00,1156.8,318.7,bench-host-01,peer-scaling-2025-10
PEER-08-R2,8,567503,108,a403338958ffeb211e8b09ef,2025-10-02T05:05:36+01:00,1180.6,318.7,bench-host-01,peer-scaling-2025-10
PEER-08-R2,8,567503,109,4df93258fbc1ac5d322131bd,2025-10-02T05:05:37+01:00,1231.7,316.5,bench-host-01,peer-scaling-2025-10
PEER-08-R2,8,567503,110,e7d42002f40e0cb0d7f960bd,2025-10-02T05:05:37+01:00,1110.0,308.8,bench-host-01,peer-scaling-2025-10
PEER-08-R2,8,567503,111,8dbc9443705c93f925eb43d8,2025-10-02T05:05:38+01:00,1073.7,325.6,bench-host-01,peer-scaling-2025-10
PEER-08-R2,8,567504,112,9348dfb1896c54704928141c,2025-10-02T05:05:38+01:00,1182.0,323.7,bench-host-01,peer-scaling-2025-10
PEER-08-R2,8,567504,113,191c10e335896d7feb22893d,2025-10-02T05:05:39+01:00,1169.0,325.3,bench-host-01,peer-scaling-2025-10
PEER-08-R2,8,567504,114,70ad7bc177b24c1342986777,2025-10-02T05:05:40+01:00,1235.9,318.1,bench-host-01,peer-scaling-2025-10
PEER-08-R2,8,567504,115,49fa86a32695f869aa489530,2025-10-02T05:05:40+01:00,1013.4,316.6,bench-host-01,peer-scaling-2025-10
PEER-08-R2,8,567504,116,9d3e7b5ae4758512a57f0d74,2025-10-02T05:05:41+01:00,1091.5,316.1,bench-host-01,peer-scaling-2025-10
PEER-08-R2,8,567504,117,49203b050db367ad01a2e854,2025-10-02T05:05:41+01:00,1198.7,319.8,bench-host-01,peer-scaling-2025-10
PEER-08-R2,8,567504,118,c8922a6dbd50809d1d3e2c57,2025-10-02T05:05:42+01:00,1222.2,326.2,bench-host-01,peer-scaling-2025-10
PEER-08-R2,8,567504,119,684dbd8eba9f9bee4eb638c6,2025-10-02T05:05:42+01:00,1053.0,315.8,bench-host-01,peer-scaling-2025-10
PEER-08-R2,8,567504,120,57c2ec267b58f9dd4cbc5cbb,2025-10-02T05:05:43+01:00,1162.0,318.8,bench-host-01,peer-scaling-2025-10
PEER-08-R2,8,567504,121,03095ffd4b7fd6c68302a9b4,2025-10-02T05:05:44+01:00,1126.9,317.5,bench-host-01,peer-scaling-2025-10
PEER-08-R2,8,567504,122,a63fcda3bb765e1dac546aff,2025-10-02T05:05:44+01:00,1097.2,319.9,bench-host-01,peer-scaling-2025-10
PEER-08-R2,8,567504,123,804eeea07b60e8fcf018b7e3,2025-10-02T05:05:45+01:00,1140.6,313.6,bench-host-01,peer-scaling-2025-10
PEER-08-R2,8,567504,124,4f296d525bd14cb950c0bd47,2025-10-02T05:05:45+01:00,1089.1,320.4,bench-host-01,peer-scaling-2025-10
PEER-08-R2,8,567504,125,e759ccf2d44345ab5c69659c,2025-10-02T05:05:46+01:00,1152.8,316.3,bench-host-01,peer-scaling-2025-10
PEER-08-R2,8,567504,126,27618a0ac97b98f11db1df5f,2025-10-02T05:05:46+01:00,1182.4,319.8,bench-host-01,peer-scaling-2025-10
PEER-08-R2,8,567504,127,0c3593fd214f78e8119a73d0,2025-10-02T05:05:47+01:00,1166.2,320.9,bench-host-01,peer-scaling-2025-10
PEER-08-R2,8,567504,128,8e3eb3077d22f6abd9dc3cca,2025-10-02T05:05:48+01:00,1092.7,319.2,bench-host-01,peer-scaling-2025-10
PEER-08-R2,8,567504,129,04dc54e4f9b5b5f4a384301f,2025-10-02T05:05:48+01:00,1130.9,320.4,bench-host-01,peer-scaling-2025-10
PEER-16-R2,16,725465,0,8092da7455c9e3f927d453e6,2025-10-02T10:05:49+01:00,1135.5,326.1,bench-host-01,peer-scaling-2025-10
PEER-16-R2,16,725465,1,a32cd6bfdb290085580a5731,2025-10-02T10:05:49+01:00,1147.7,324.7,bench-host-01,peer-scaling-2025-10
PEER-16-R2,16,725465,2,54c363882de44f8816225c5f,2025-10-02T10:05:50+01:00,1119.7,327.6,bench-host-01,peer-scaling-2025-10
PEER-16-R2,16,725465,3,2561bfb5b4f7ac37dd41bf2c,2025-10-02T10:05:50+01:00,1022.1,320.4,bench-host-01,peer-scaling-2025-10
PEER-16-R2,16,725465,4,063c552656deb3a53209a38d,2025-10-02T10:05:51+01:00,1027.2,326.2,bench-host-01,peer-scaling-2025-10
PEER-16-R2,16,725465,5,2a7d71231a037575c136a363,2025-10-02T10:05:51+01:00,975.9,323.0,bench-host-01,peer-scaling-2025-10
PEER-16-R2,16,725465,6,8f7373a3ce76229ad2b1168b,2025-10-02T10:05:52+01:00,1011.3,324.3,bench-host-01,peer-scaling-2025-10
PEER-16-R2,16,725465,7,6e6218118c9d8d0350d1fc0f,2025-10-02T10:05:52+01:00,1032.1,324.4,bench-host-01,peer-scaling-2025-10
PEER-16-R2,16,725465,8,c3d869bf5a305961c14e1900,2025-10-02T10:05:53+01:00,933.9,323.7,bench-host-01,peer-scaling-2025-10
PEER-16-R2,16,725465,9,2670c463fac104ca029b3de3,2025-10-02T10:05:53+01:00,1068.8,333.5,bench-host-01,peer-scaling-2025-10
PEER-16-R2,16,725465,10,522c9d29ec7f4ff9a2e9d879,2025-10-02T10:05:54+01:00,1039.8,323.5,bench-host-01,peer-scaling-2025-10
PEER-16-R2,16,725465,11,af664960995c05cfc7d110e0,2025-10-02T10:05:55+01:00,1062.0,323.2,bench-host-01,peer-scaling-2025-10
PEER-16-R2,16,725466,12,17a63ea269f00eb3cf3fe1ed,2025-10-02T10:05:55+01:00,1120.5,323.4,bench-host-01,peer-scaling-2025-10
PEER-16-R2,16,725466,13,91c345a47080249db6a3f944,2025-10-02T10:05:56+01:00,1038.0,322.2,bench-host-01,peer-scaling-2025-10
PEER-16-R2,16,725466,14,2ffc0acb777b91102322cf09,2025-10-02T10:05:56+01:00,995.5,324.8,bench-host-01,peer-scaling-2025-10
PEER-16-R2,16,725466,15,4e43671aeffb9dc805a8a9f8,2025-10-02T10:05:57+01:00,1078.2,317.4,bench-host-01,peer-scaling-2025-10
PEER-16-R2,16,725466,16,0b4393a4322985e8226263d2,2025-10-02T10:05:57+01:00,1003.6,318.6,bench-host-01,peer-scaling-2025-10
PEER-16-R2,16,725466,17,896097781505e7f76db54e7d,2025-10-02T10:05:58+01:00,1043.3,318.4,bench-host-01,peer-scaling-2025-10
PEER-16-R2,16,725466,18,42ef958f110ad5c6cfb674c8,2025-10-02T10:05:58+01:00,1074.6,326.3,bench-host-01,peer-scaling-2025-10
PEER-16-R2,16,725466,19,94324a78f42c18d7aa838328,2025-10-02T10:05:59+01:00,1071.1,324.5,bench-host-01,peer-scaling-2025-10
PEER-16-R2,16,725466,20,1c5c99c8471346164de86e84,2025-10-02T10:05:59+01:00,1005.3,314.8,bench-host-01,peer-scaling-2025-10
PEER-16-R2,16,725466,21,87db07822737bf967d5c3ea0,2025-10-02T10:06:00+01:00,986.4,327.5,bench-host-01,peer-scaling-2025-10
PEER-16-R2,16,725466,22,96de1cd1e2cc69a2af6b8e84,2025-10-02T10:06:00+01:00,1048.8,316.8,bench-host-01,peer-scaling-2025-10
PEER-16-R2,16,725466,23,aa8dd9de72076545186d098e,2025-10-02T10:06:01+01:00,1049.1,316.2,bench-host-01,peer-scaling-2025-10
PEER-16-R2,16,725467,24,a7f1000205fa0c8dd15b6e41,2025-10-02T10:06:01+01:00,1058.5,317.8,bench-host-01,peer-scaling-2025-10
PEER-16-R2,16,725467,25,c3cdf61f6e2c7efefb117841,2025-10-02T10:06:02+01:00,1048.6,324.4,bench-host-01,peer-scaling-2025-10
PEER-16-R2,16,725467,26,03dc8a00379abdc4323c40ef,2025-10-02T10:06:02+01:00,1089.0,329.4,bench-host-01,peer-scaling-2025-10
PEER-16-R2,16,725467,27,52544dfc918cf07a4ef02dfa,2025-10-02T10:06:03+01:00,1064.3,332.9,bench-host-01,peer-scaling-2025-10
PEER-16-R2,16,725467,28,ecc2e489a713a249b1c1547a,2025-10-02T10:06:04+01:00,1028.6,330.1,bench-host-01,peer-scaling-2025-10
PEER-16-R2,16,725467,29,452fa656ff7d77519c3ad730,2025-10-02T10:06:04+01:00,1069.5,323.2,bench-host-01,peer-scaling-2025-10
PEER-16-R2,16,725467,30,3db42e4fe6ddbde201140655,2025-10-02T10:06:05+01:00,1067.4,323.8,bench-host-01,peer-scaling-2025-10
PEER-16-R2,16,725467,31,badf7535e4946654b5bdf6e7,2025-10-02T10:06:05+01:00,1067.2,317.5,bench-host-01,peer-scaling-2025-10
PEER-16-R2,16,725467,32,1fbc2bf12b3ea3d050488c2d,2025-10-02T10:06:06+01:00,1033.1,329.9,bench-host-01,peer-scaling-2025-10
PEER-16-R2,16,725467,33,4c8c8d33006fd6c0bce3e5e0,2025-10-02T10:06:06+01:00,1110.5,323.5,bench-host-01,peer-scaling-2025-10
PEER-16-R2,16,725467,34,3d7c0b2c22bbff3a639e91e8,2025-10-02T10:06:07+01:00,1095.2,320.2,bench-host-01,peer-scaling-2025-10
PEER-16-R2,16,725467,35,9c5cf6e0f91f37f7000c5139,2025-10-02T10:06:07+01:00,1155.6,327.1,bench-host-01,peer-scaling-2025-10
PEER-16-R2,16,725467,36,14d7908f9cfa71a559765913,2025-10-02T10:06:08+01:00,1041.6,325.8,bench-host-01,peer-scaling-2025-10
PEER-16-R2,16,725467,37,75af189f36ce67d1dad3bd0b,2025-10-02T10:06:08+01:00,948.7,314.9,bench-host-01,peer-scaling-2025-10
PEER-16-R2,16,725467,38,15e7b4eb7e6c404bf0ee651f,2025-10-02T10:06:09+01:00,1089.1,323.9,bench-host-01,peer-scaling-2025-10
PEER-16-R2,16,725467,39,c26e46550b0656b915a28611,2025-10-02T10:06:09+01:00,1006.5,331.4,bench-host-01,peer-scaling-2025-10
PEER-16-R2,16,725467,40,883f244b3b723bfe9baadcb0,2025-10-02T10:06:10+01:00,1086.7,331.3,bench-host-01,peer-scaling-2025-10
PEER-16-R2,16,725467,41,946fba5ab1870a366c84a17e,2025-10-02T10:06:10+01:00,1068.6,327.5,bench-host-01,peer-scaling-2025-10
PEER-16-R2,16,725467,42,e0d6b49bd87df6f1943845ac,2025-10-02T10:06:11+01:00,1071.4,321.6,bench-host-01,peer-scaling-2025-10
PEER-16-R2,16,725467,43,1d90f1448152a3d07ba4dd7c,2025-10-02T10:06:11+01:00,1002.5,327.8,bench-host-01,peer-scaling-2025-10
PEER-16-R2,16,725467,44,5c3721cf6fa3af5c2e57ccab,2025-10-02T10:06:12+01:00,992.4,321.6,bench-host-01,peer-scaling-2025-10
PEER-16-R2,16,725468,45,817e5296cc3e827883bf5927,2025-10-02T10:06:12+01:00,1045.7,330.4,bench-host-01,peer-scaling-2025-10
PEER-16-R2,16,725468,46,0ad9f82c5242dd68f57c1b44,2025-10-02T10:06:13+01:00,1126.3,320.8,bench-host-01,peer-scaling-2025-10
PEER-16-R2,16,725468,47,963c440a59b6eacba52120bb,2025-10-02T10:06:14+01:00,1033.3,316.0,bench-host-01,peer-scaling-2025-10
PEER-16-R2,16,725468,48,10cebd778421a9bd219d9ca3,2025-10-02T10:06:14+01:00,1081.3,313.4,bench-host-01,peer-scaling-2025-10
PEER-16-R2,16,725468,49,8291410814b69ac65980c398,2025-10-02T10:06:15+01:00,1077.6,325.1,bench-host-01,peer-scaling-2025-10
PEER-16-R2,16,725468,50,b31cd8127a6b3c7f55926eb6,2025-10-02T10:06:15+01:00,999.4,321.9,bench-host-01,peer-scaling-2025-10
PEER-16-R2,16,725468,51,f66b0406f01b50cb43db8a45,2025-10-02T10:06:16+01:00,1045.4,332.5,bench-host-01,peer-scaling-2025-10
PEER-16-R2,16,725468,52,73a5e9bb1241f77165035a04,2025-10-02T10:06:16+01:00,1015.9,322.9,bench-host-01,peer-scaling-2025-10
PEER-16-R2,16,725468,53,7761f39488eb365ae665085a,2025-10-02T10:06:17+01:00,1165.3,312.0,bench-host-01,peer-scaling-2025-10
PEER-16-R2,16,725468,54,c9fb9f9eb2e6cbb2f4919eb6,2025-10-02T10:06:17+01:00,1044.2,329.3,bench-host-01,peer-scaling-2025-10
PEER-16-R2,16,725469,55,8a2d7e4d35312e391d5b6a02,2025-10-02T10:06:18+01:00,1092.7,324.1,bench-host-01,peer-scaling-2025-10
PEER-16-R2,16,725470,56,740f5a1907197691b4728292,2025-10-02T10:06:18+01:00,1136.5,325.1,bench-host-01,peer-scaling-2025-10
PEER-16-R2,16,725470,57,0bc6b23a97b7d3fa074cefc5,2025-10-02T10:06:19+01:00,1093.8,321.8,bench-host-01,peer-scaling-2025-10
PEER-16-R2,16,725470,58,c3d029011ecbc0c562a8e8c8,2025-10-02T10:06:19+01:00,1094.0,328.9,bench-host-01,peer-scaling-2025-10
PEER-16-R2,16,725470,59,63d267cefca671758b893a36,2025-10-02T10:06:20+01:00,1136.1,332.4,bench-host-01,peer-scaling-2025-10
PEER-16-R2,16,725471,60,026afb96216bbb2eb9ae75cb,2025-10-02T10:06:20+01:00,1176.6,319.3,bench-host-01,peer-scaling-2025-10
PEER-16-R2,16,725471,61,96c9a5d08a0648678178b1bb,2025-10-02T10:06:21+01:00,988.7,314.9,bench-host-01,peer-scaling-2025-10
PEER-16-R2,16,725471,62,15398e9253248486308d8179,2025-10-02T10:06:21+01:00,956.2,324.7,bench-host-01,peer-scaling-2025-10
PEER-16-R2,16,725471,63,d10efb63f51f651a6e8e0600,2025-10-02T10:06:22+01:00,951.3,323.8,bench-host-01,peer-scaling-2025-10
PEER-16-R2,16,725472,64,4b623ae735bf7cb2c63bcd76,2025-10-02T10:06:23+01:00,1100.2,319.4,bench-host-01,peer-scaling-2025-10
PEER-16-R2,16,725472,65,83f2419806f42591028b7d2e,2025-10-02T10:06:23+01:00,1230.8,315.2,bench-host-01,peer-scaling-2025-10
PEER-16-R2,16,725472,66,46f5f9d8383e030c4c096d02,2025-10-02T10:06:24+01:00,978.0,325.7,bench-host-01,peer-scaling-2025-10
PEER-16-R2,16,725472,67,c693ae92a0c2db44968a8d72,2025-10-02T10:06:24+01:00,1060.0,324.2,bench-host-01,peer-scaling-2025-10
PEER-16-R2,16,725472,68,dcdca217a562b99f3a8019a9,2025-10-02T10:06:25+01:00,1062.4,320.9,bench-host-01,peer-scaling-2025-10
PEER-16-R2,16,725472,69,84e8eed92483dc2cb6e56cdc,2025-10-02T10:06:25+01:00,957.8,322.5,bench-host-01,peer-scaling-2025-10
PEER-16-R2,16,725472,70,091adf8c433213cb10413db1,2025-10-02T10:06:26+01:00,1091.9,329.4,bench-host-01,peer-scaling-2025-10
PEER-16-R2,16,725472,71,4481f0e13ee4ce91ac857197,2025-10-02T10:06:26+01:00,1133.7,316.3,bench-host-01,peer-scaling-2025-10
PEER-16-R2,16,725473,72,ec84db0ee59ade30dd2a230a,2025-10-02T10:06:27+01:00,941.7,328.4,bench-host-01,peer-scaling-2025-10
PEER-16-R2,16,725473,73,eadd240af68566dc0bbf863f,2025-10-02T10:06:27+01:00,1050.8,322.5,bench-host-01,peer-scaling-2025-10
PEER-16-R2,16,725473,74,c585c6ffe9f8799a0d526a44,2025-10-02T10:06:28+01:00,962.4,318.5,bench-host-01,peer-scaling-2025-10
PEER-16-R2,16,725473,75,bc195622bd28f1b9908f597c,2025-10-02T10:06:28+01:00,1048.8,322.3,bench-host-01,peer-scaling-2025-10
PEER-16-R2,16,725473,76,a70d6a7b4631e6d6936ae0ea,2025-10-02T10:06:29+01:00,1164.9,322.1,bench-host-01,peer-scaling-2025-10
PEER-16-R2,16,725473,77,9b78802f4ce0c0f96b3c9b42,2025-10-02T10:06:29+01:00,1060.0,320.5,bench-host-01,peer-scaling-2025-10
PEER-16-R2,16,725473,78,b07d126c98cc2177917466e2,2025-10-02T10:06:30+01:00,1101.5,322.0,bench-host-01,peer-scaling-2025-10
PEER-16-R2,16,725473,79,e5fb4ae2a46813b49f173645,2025-10-02T10:06:30+01:00,992.1,326.7,bench-host-01,peer-scaling-2025-10
PEER-16-R2,16,725474,80,12bdc2ea3a943503f031f739,2025-10-02T10:06:31+01:00,1040.8,320.0,bench-host-01,peer-scaling-2025-10
PEER-16-R2,16,725474,81,00708ffaa3c3d00c0a48fae0,2025-10-02T10:06:32+01:00,1088.4,326.4,bench-host-01,peer-scaling-2025-10
PEER-16-R2,16,725474,82,b514c14bdd83dfa7b1878b9b,2025-10-02T10:06:32+01:00,985.1,320.8,bench-host-01,peer-scaling-2025-10
PEER-16-R2,16,725474,83,7ec6d45098a83f3a660d8312,2025-10-02T10:06:33+01:00,1233.5,327.1,bench-host-01,peer-scaling-2025-10
PEER-16-R2,16,725474,84,2552b204b13ffa609b8ec88b,2025-10-02T10:06:33+01:00,1042.6,321.1,bench-host-01,peer-scaling-2025-10
PEER-16-R2,16,725474,85,289ae1d31bef39ac9f53da04,2025-10-02T10:06:34+01:00,985.3,315.2,bench-host-01,peer-scaling-2025-10
PEER-16-R2,16,725474,86,eacff0eb637a5397cbbc6efe,2025-10-02T10:06:34+01:00,1094.4,324.4,bench-host-01,peer-scaling-2025-10
PEER-16-R2,16,725474,87,87956ee60e54fe5295189b1e,2025-10-02T10:06:35+01:00,988.8,329.6,bench-host-01,peer-scaling-2025-10
PEER-16-R2,16,725474,88,76fc86cc284cc8d87bf979d4,2025-10-02T10:06:35+01:00,1016.2,319.1,bench-host-01,peer-scaling-2025-10
PEER-16-R2,16,725474,89,8dce1d5bdaf6317afcae6c5b,2025-10-02T10:06:36+01:00,997.7,322.8,bench-host-01,peer-scaling-2025-10
PEER-16-R2,16,725475,90,e19d0c17bf3305c5440eebb1,2025-10-02T10:06:36+01:00,1120.1,320.5,bench-host-01,peer-scaling-2025-10
PEER-16-R2,16,725475,91,5602b56ea253640eb124c16b,2025-10-02T10:06:37+01:00,985.4,316.7,bench-host-01,peer-scaling-2025-10
PEER-16-R2,16,725475,92,d18ddabdee372a96948e125c,2025-10-02T10:06:37+01:00,1050.9,317.1,bench-host-01,peer-scaling-2025-10
PEER-16-R2,16,725475,93,2572936bc5d61c73904e4223,2025-10-02T10:06:38+01:00,995.9,324.4,bench-host-01,peer-scaling-2025-10
PEER-16-R2,16,725475,94,13ef867efadec8942240de37,2025-10-02T10:06:38+01:00,1171.0,309.6,bench-host-01,peer-scaling-2025-10
PEER-16-R2,16,725475,95,a9739907c8333eae34884334,2025-10-02T10:06:39+01:00,990.1,321.2,bench-host-01,peer-scaling-2025-10
PEER-16-R2,16,725475,96,51323fa1f31ec5174a92df50,2025-10-02T10:06:39+01:00,1102.6,317.2,bench-host-01,peer-scaling-2025-10
PEER-16-R2,16,725475,97,8ab15f4cb7d83dd761c6ef34,2025-10-02T10:06:40+01:00,1143.9,324.3,bench-host-01,peer-scaling-2025-10
PEER-16-R2,16,725475,98,b2f235c85e4bc7cfc151022c,2025-10-02T10:06:41+01:00,1015.8,331.2,bench-host-01,peer-scaling-2025-10
PEER-16-R2,16,725475,99,9c697161e8370a265126751d,2025-10-02T10:06:41+01:00,975.8,325.0,bench-host-01,peer-scaling-2025-10
PEER-16-R2,16,725475,100,6ff4bbaf00c43b643e831b56,2025-10-02T10:06:42+01:00,1071.2,330.2,bench-host-01,peer-scaling-2025-10
PEER-16-R2,16,725475,101,d9892b907f9a2bd25fbcbb62,2025-10-02T10:06:42+01:00,1063.1,320.6,bench-host-01,peer-scaling-2025-10
PEER-16-R2,16,725475,102,7b6123edb4a3821946c5b359,2025-10-02T10:06:43+01:00,1162.2,314.4,bench-host-01,peer-scaling-2025-10
PEER-16-R2,16,725475,103,50be88f017ad9726c3fd2b3f,2025-10-02T10:06:43+01:00,1067.3,321.9,bench-host-01,peer-scaling-2025-10
PEER-16-R2,16,725476,104,9152c8d80accbf33f5dc0691,2025-10-02T10:06:44+01:00,1011.0,326.1,bench-host-01,peer-scaling-2025-10
PEER-16-R2,16,725476,105,6d5942b6260a21e0a16ca87b,2025-10-02T10:06:44+01:00,1090.8,326.7,bench-host-01,peer-scaling-2025-10
PEER-16-R2,16,725476,106,ddb4bff6f7e848cfc189fb65,2025-10-02T10:06:45+01:00,972.5,326.0,bench-host-01,peer-scaling-2025-10
PEER-16-R2,16,725476,107,0cf82505acd04761179a1e7f,2025-10-02T10:06:45+01:00,1000.0,316.3,bench-host-01,peer-scaling-2025-10
PEER-16-R2,16,725476,108,178272e0f898ff4cf32d1ed6,2025-10-02T10:06:46+01:00,1116.5,313.9,bench-host-01,peer-scaling-2025-10
PEER-16-R2,16,725476,109,988bef90f8454650b7bde7c5,2025-10-02T10:06:46+01:00,1085.0,330.7,bench-host-01,peer-scaling-2025-10
PEER-16-R2,16,725476,110,516f026a90d880849e37f1b3,2025-10-02T10:06:47+01:00,1153.7,332.7,bench-host-01,peer-scaling-2025-10
PEER-16-R2,16,725476,111,1fb9dbafa45e82e0b9a1d717,2025-10-02T10:06:47+01:00,1075.5,322.4,bench-host-01,peer-scaling-2025-10
PEER-16-R2,16,725476,112,7ddadf1f8ebe696595aeca05,2025-10-02T10:06:48+01:00,1090.5,329.1,bench-host-01,peer-scaling-2025-10
PEER-16-R2,16,725476,113,5e87c8d89aab148e15b8b834,2025-10-02T10:06:48+01:00,1036.5,317.3,bench-host-01,peer-scaling-2025-10
PEER-16-R2,16,725476,114,7c21bc3aa75d994b7cf45537,2025-10-02T10:06:49+01:00,1047.9,320.8,bench-host-01,peer-scaling-2025-10
PEER-16-R2,16,725476,115,d5a602502f3f84d97d5d3c3a,2025-10-02T10:06:49+01:00,1108.4,330.1,bench-host-01,peer-scaling-2025-10
PEER-16-R2,16,725476,116,48e4fc18fc3aec932ba6724d,2025-10-02T10:06:50+01:00,1018.9,324.0,bench-host-01,peer-scaling-2025-10
PEER-16-R2,16,725476,117,071dc38ea7eb8e5102f5da75,2025-10-02T10:06:51+01:00,1037.4,319.7,bench-host-01,peer-scaling-2025-10
PEER-16-R2,16,725476,118,cf9900794b62535a1af48a39,2025-10-02T10:06:51+01:00,1139.1,320.1,bench-host-01,peer-scaling-2025-10
PEER-16-R2,16,725476,119,b83c3774435dab991725ad0e,2025-10-02T10:06:52+01:00,1109.3,331.6,bench-host-01,peer-scaling-2025-10
PEER-16-R2,16,725477,120,e5f619c1b303695b82450b99,2025-10-02T10:06:52+01:00,1026.7,321.7,bench-host-01,peer-scaling-2025-10
PEER-16-R2,16,725477,121,1b101807a2c15f4fa970db0b,2025-10-02T10:06:53+01:00,1018.1,327.9,bench-host-01,peer-scaling-2025-10
PEER-16-R2,16,725477,122,d8b16ff5656cfee2e68bd35a,2025-10-02T10:06:53+01:00,1125.2,325.2,bench-host-01,peer-scaling-2025-10
PEER-16-R2,16,725477,123,e0bd0c10b6816c2d2a3ac651,2025-10-02T10:06:54+01:00,1003.2,324.0,bench-host-01,peer-scaling-2025-10
PEER-16-R2,16,725477,124,a08c74a1c3d5b2b96c3d57f8,2025-10-02T10:06:54+01:00,1112.4,324.8,bench-host-01,peer-scaling-2025-10
PEER-16-R2,16,725477,125,c40aed47df771ac44c81f623,2025-10-02T10:06:55+01:00,1000.6,324.1,bench-host-01,peer-scaling-2025-10
PEER-16-R2,16,725477,126,d69c08b7cf4f1c1463e1167c,2025-10-02T10:06:55+01:00,1042.7,321.3,bench-host-01,peer-scaling-2025-10
PEER-16-R2,16,725477,127,43e0776d72636d0efe610bf3,2025-10-02T10:06:56+01:00,1090.6,323.6,bench-host-01,peer-scaling-2025-10
PEER-16-R2,16,725477,128,971da3b436d9f249eb04df57,2025-10-02T10:06:56+01:00,1024.4,313.1,bench-host-01,peer-scaling-2025-10
PEER-16-R2,16,725477,129,8e97623da182517baaa02be0,2025-10-02T10:06:57+01:00,1097.8,325.8,bench-host-01,peer-scaling-2025-10
PEER-32-R2,32,761627,0,e542a2a5f673eb92c0580d4e,2025-10-02T15:06:57+01:00,871.8,312.7,bench-host-01,peer-scaling-2025-10
PEER-32-R2,32,761627,1,bd93313dcbca00ca98b92687,2025-10-02T15:06:58+01:00,750.1,306.9,bench-host-01,peer-scaling-2025-10
PEER-32-R2,32,761627,2,8a7585590f949168c8110397,2025-10-02T15:06:58+01:00,973.0,311.3,bench-host-01,peer-scaling-2025-10
PEER-32-R2,32,761627,3,c9f0424aea54f2e6a73d8d7b,2025-10-02T15:06:59+01:00,803.9,318.7,bench-host-01,peer-scaling-2025-10
PEER-32-R2,32,761627,4,17e116b1475fb4f9cbfae0b8,2025-10-02T15:06:59+01:00,887.2,314.9,bench-host-01,peer-scaling-2025-10
PEER-32-R2,32,761627,5,d42bc67678d2fd60d2c2959e,2025-10-02T15:06:59+01:00,765.5,321.6,bench-host-01,peer-scaling-2025-10
PEER-32-R2,32,761627,6,56d2f34da67771ea8925b9df,2025-10-02T15:07:00+01:00,852.1,312.7,bench-host-01,peer-scaling-2025-10
PEER-32-R2,32,761627,7,86de991f979f2b83f7676bf6,2025-10-02T15:07:00+01:00,775.5,318.1,bench-host-01,peer-scaling-2025-10
PEER-32-R2,32,761627,8,89be53c90f268ee76c6d993e,2025-10-02T15:07:01+01:00,813.8,320.1,bench-host-01,peer-scaling-2025-10
PEER-32-R2,32,761627,9,f00a27d9fa2ef69e789d50d4,2025-10-02T15:07:01+01:00,777.1,318.7,bench-host-01,peer-scaling-2025-10
PEER-32-R2,32,761627,10,f08b97ca73f8214c7382ba95,2025-10-02T15:07:01+01:00,824.9,318.0,bench-host-01,peer-scaling-2025-10
PEER-32-R2,32,761627,11,487c107457f69bf2d7937d06,2025-10-02T15:07:02+01:00,773.3,321.0,bench-host-01,peer-scaling-2025-10
PEER-32-R2,32,761627,12,69f6cadc6a9f4915aa43fc48,2025-10-02T15:07:02+01:00,873.9,327.4,bench-host-01,peer-scaling-2025-10
PEER-32-R2,32,761627,13,84a5e589be8781c75f615ea6,2025-10-02T15:07:03+01:00,841.6,327.7,bench-host-01,peer-scaling-2025-10
PEER-32-R2,32,761628,14,e07a35084661106b633f8a9c,2025-10-02T15:07:03+01:00,774.6,312.5,bench-host-01,peer-scaling-2025-10
PEER-32-R2,32,761628,15,d70426b726547c2e50556a90,2025-10-02T15:07:03+01:00,819.9,326.6,bench-host-01,peer-scaling-2025-10
PEER-32-R2,32,761628,16,3daf9cf07d677dceb3bef99b,2025-10-02T15:07:04+01:00,840.2,322.0,bench-host-01,peer-scaling-2025-10
PEER-32-R2,32,761628,17,3e33202d078a83a16660288e,2025-10-02T15:07:04+01:00,842.7,318.4,bench-host-01,peer-scaling-2025-10
PEER-32-R2,32,761628,18,3b1bfb65a27f0590b62b91d1,2025-10-02T15:07:05+01:00,837.9,318.4,bench-host-01,peer-scaling-2025-10
PEER-32-R2,32,761628,19,b46f952c1ce2a6c7d629ca16,2025-10-02T15:07:05+01:00,745.3,317.9,bench-host-01,peer-scaling-2025-10
PEER-32-R2,32,761628,20,29f09162551ed66d45902e2c,2025-10-02T15:07:06+01:00,867.3,311.6,bench-host-01,peer-scaling-2025-10
PEER-32-R2,32,761628,21,3bb5fbe5756ad3110407e5da,2025-10-02T15:07:06+01:00,767.5,312.3,bench-host-01,peer-scaling-2025-10
PEER-32-R2,32,761628,22,02ad8803a174ddb32b8fe1a7,2025-10-02T15:07:06+01:00,900.1,316.2,bench-host-01,peer-scaling-2025-10
PEER-32-R2,32,761628,23,88bd65e4a5a0d93262f4d015,2025-10-02T15:07:07+01:00,897.9,312.9,bench-host-01,peer-scaling-2025-10
PEER-32-R2,32,761628,24,89d351197d2c8131cc65bdda,2025-10-02T15:07:07+01:00,909.6,319.0,bench-host-01,peer-scaling-2025-10
PEER-32-R2,32,761628,25,2fcee60e63227652a1f6b12f,2025-10-02T15:07:08+01:00,882.8,312.1,bench-host-01,peer-scaling-2025-10
PEER-32-R2,32,761628,26,6e3bb46775e495550004439b,2025-10-02T15:07:08+01:00,833.4,320.0,bench-host-01,peer-scaling-2025-10
PEER-32-R2,32,761628,27,065ede857094ad4802036f46,2025-10-02T15:07:08+01:00,812.2,323.7,bench-host-01,peer-scaling-2025-10
PEER-32-R2,32,761628,28,b472652b92c205b3170e3d1d,2025-10-02T15:07:09+01:00,751.2,311.6,bench-host-01,peer-scaling-2025-10
PEER-32-R2,32,761628,29,96fff42f7f33510ea84a69d3,2025-10-02T15:07:09+01:00,722.9,320.8,bench-host-01,peer-scaling-2025-10
PEER-32-R2,32,761628,30,d6229064e9e5052a163fe238,2025-10-02T15:07:10+01:00,709.6,317.1,bench-host-01,peer-scaling-2025-10
PEER-32-R2,32,761628,31,293c82e74a9bd63c3ce71030,2025-10-02T15:07:10+01:00,805.1,318.5,bench-host-01,peer-scaling-2025-10
PEER-32-R2,32,761628,32,3778de0c4fa1f40b18eefb78,2025-10-02T15:07:10+01:00,725.9,311.5,bench-host-01,peer-scaling-2025-10
PEER-32-R2,32,761628,33,2ce2618c695a798beedbcfa4,2025-10-02T15:07:11+01:00,879.4,314.2,bench-host-01,peer-scaling-2025-10
PEER-32-R2,32,761628,34,f0f0952e56ad82a03a79b36e,2025-10-02T15:07:11+01:00,832.3,319.6,bench-host-01,peer-scaling-2025-10
PEER-32-R2,32,761628,35,207c843c2d77a83df93d6251,2025-10-02T15:07:12+01:00,729.3,312.8,bench-host-01,peer-scaling-2025-10
PEER-32-R2,32,761628,36,6a0afb98fa15f3adab405b47,2025-10-02T15:07:12+01:00,772.0,310.4,bench-host-01,peer-scaling-2025-10
PEER-32-R2,32,761628,37,5d26fd0660534fd0be07fae8,2025-10-02T15:07:12+01:00,819.6,307.2,bench-host-01,peer-scaling-2025-10
PEER-32-R2,32,761628,38,885a288831bfdb27b0b4b7b3,2025-10-02T15:07:13+01:00,806.3,320.1,bench-host-01,peer-scaling-2025-10
PEER-32-R2,32,761628,39,dcdb2028c4cee44773a20b05,2025-10-02T15:07:13+01:00,798.2,316.3,bench-host-01,peer-scaling-2025-10
PEER-32-R2,32,761628,40,030a85d5537b6b2c02c52389,2025-10-02T15:07:14+01:00,827.7,315.0,bench-host-01,peer-scaling-2025-10
PEER-32-R2,32,761628,41,6888b43759e03fc53dffe52b,2025-10-02T15:07:14+01:00,809.1,314.9,bench-host-01,peer-scaling-2025-10
PEER-32-R2,32,761628,42,d95240cfa386ab0ac5d1789b,2025-10-02T15:07:14+01:00,886.0,321.7,bench-host-01,peer-scaling-2025-10
PEER-32-R2,32,761628,43,f167adb036fae974d8ff6463,2025-10-02T15:07:15+01:00,884.7,316.5,bench-host-01,peer-scaling-2025-10
PEER-32-R2,32,761628,44,db199c593f4b8b76683562e3,2025-10-02T15:07:15+01:00,780.0,305.4,bench-host-01,peer-scaling-2025-10
PEER-32-R2,32,761628,45,ff05b0c54b4e2aa57fc17855,2025-10-02T15:07:16+01:00,848.3,318.2,bench-host-01,peer-scaling-2025-10
PEER-32-R2,32,761628,46,784770ef2f7fe9ddb4a08262,2025-10-02T15:07:16+01:00,828.9,321.7,bench-host-01,peer-scaling-2025-10
PEER-32-R2,32,761628,47,15e2c190abb50afeb7228c07,2025-10-02T15:07:16+01:00,776.2,313.6,bench-host-01,peer-scaling-2025-10
PEER-32-R2,32,761629,48,78275442ea81c54613e5e898,2025-10-02T15:07:17+01:00,769.5,316.3,bench-host-01,peer-scaling-2025-10
PEER-32-R2,32,761629,49,93047e119cc065a4df1008bf,2025-10-02T15:07:17+01:00,782.1,318.3,bench-host-01,peer-scaling-2025-10
PEER-32-R2,32,761629,50,ff435b819a1234f36023b381,2025-10-02T15:07:18+01:00,736.0,318.4,bench-host-01,peer-scaling-2025-10
PEER-32-R2,32,761629,51,eb48f1901341974cbdc6787d,2025-10-02T15:07:18+01:00,806.4,323.9,bench-host-01,peer-scaling-2025-10
PEER-32-R2,32,761629,52,f4d1aefb16f67439490407b3,2025-10-02T15:07:19+01:00,862.6,312.7,bench-host-01,peer-scaling-2025-10
PEER-32-R2,32,761629,53,1cab93201e474220174d3658,2025-10-02T15:07:19+01:00,764.6,315.9,bench-host-01,peer-scaling-2025-10
PEER-32-R2,32,761629,54,2dfa2dbcf08df99f3bcebac5,2025-10-02T15:07:19+01:00,815.0,327.4,bench-host-01,peer-scaling-2025-10
PEER-32-R2,32,761629,55,cf2d4831cc3f7fb9d7cf84c3,2025-10-02T15:07:20+01:00,831.5,315.3,bench-host-01,peer-scaling-2025-10
PEER-32-R2,32,761629,56,7df441780a94333c95a5eb9f,2025-10-02T15:07:20+01:00,818.6,316.5,bench-host-01,peer-scaling-2025-10
PEER-32-R2,32,761629,57,e52428978acd499f768590b3,2025-10-02T15:07:21+01:00,805.1,319.9,bench-host-01,peer-scaling-2025-10
PEER-32-R2,32,761629,58,945e435de581eb587a0313a4,2025-10-02T15:07:21+01:00,715.4,313.7,bench-host-01,peer-scaling-2025-10
PEER-32-R2,32,761629,59,d14ed228919bb66979c6106c,2025-10-02T15:07:21+01:00,831.0,312.0,bench-host-01,peer-scaling-2025-10
PEER-32-R2,32,761630,60,b530e3c2a10426594d3de25f,2025-10-02T15:07:22+01:00,828.2,313.4,bench-host-01,peer-scaling-2025-10
PEER-32-R2,32,761630,61,9f9b398699f10b438af006ea,2025-10-02T15:07:22+01:00,749.5,319.1,bench-host-01,peer-scaling-2025-10
PEER-32-R2,32,761630,62,50c41d11c7bf2d2caca89d12,2025-10-02T15:07:23+01:00,690.4,310.2,bench-host-01,peer-scaling-2025-10
PEER-32-R2,32,761630,63,a6456b700daf8283121ae8de,2025-10-02T15:07:23+01:00,905.9,323.4,bench-host-01,peer-scaling-2025-10
PEER-32-R2,32,761630,64,ecf38b7b6af2a609248164a0,2025-10-02T15:07:23+01:00,809.0,316.9,bench-host-01,peer-scaling-2025-10
PEER-32-R2,32,761630,65,80e3071ba840d3ae442ada8a,2025-10-02T15:07:24+01:00,853.7,312.4,bench-host-01,peer-scaling-2025-10
PEER-32-R2,32,761631,66,1bef8b5281906a3d111af4e1,2025-10-02T15:07:24+01:00,846.4,316.0,bench-host-01,peer-scaling-2025-10
PEER-32-R2,32,761631,67,784072c915abf07daab26e37,2025-10-02T15:07:25+01:00,937.4,321.8,bench-host-01,peer-scaling-2025-10
PEER-32-R2,32,761631,68,0e350bf6ab86c130ffe18b56,2025-10-02T15:07:25+01:00,788.4,310.3,bench-host-01,peer-scaling-2025-10
PEER-32-R2,32,761631,69,f5e13f1cd1a061489267bc2f,2025-10-02T15:07:25+01:00,866.7,320.0,bench-host-01,peer-scaling-2025-10
PEER-32-R2,32,761631,70,4aa4ad034a0f12b7943b00ca,2025-10-02T15:07:26+01:00,868.6,312.0,bench-host-01,peer-scaling-2025-10
PEER-32-R2,32,761631,71,ea66d5a931478afc829f2fa3,2025-10-02T15:07:26+01:00,819.7,323.7,bench-host-01,peer-scaling-2025-10
PEER-32-R2,32,761631,72,9c8edb8b8efca43f65eb80f3,2025-10-02T15:07:27+01:00,718.0,321.3,bench-host-01,peer-scaling-2025-10
PEER-32-R2,32,761631,73,18a0317dd5b13c3f06cd2d19,2025-10-02T15:07:27+01:00,812.1,312.2,bench-host-01,peer-scaling-2025-10
PEER-32-R2,32,761631,74,a0ae86fd393dbcf78ae9db5d,2025-10-02T15:07:27+01:00,803.0,319.6,bench-host-01,peer-scaling-2025-10
PEER-32-R2,32,761631,75,3ca092007f81fdd12b68a9af,2025-10-02T15:07:28+01:00,888.1,314.6,bench-host-01,peer-scaling-2025-10
PEER-32-R2,32,761631,76,e0592f3aeed767ddecba2575,2025-10-02T15:07:28+01:00,907.8,316.3,bench-host-01,peer-scaling-2025-10
PEER-32-R2,32,761631,77,c5ad02b960c69ba056ae9ab8,2025-10-02T15:07:29+01:00,773.2,319.0,bench-host-01,peer-scaling-2025-10
PEER-32-R2,32,761631,78,69e40e17b8cc0899e8be3a11,2025-10-02T15:07:29+01:00,735.7,311.9,bench-host-01,peer-scaling-2025-10
PEER-32-R2,32,761631,79,19863d605232a6edb144b7f7,2025-10-02T15:07:29+01:00,818.5,323.6,bench-host-01,peer-scaling-2025-10
PEER-32-R2,32,761631,80,f0908e4a70a36a498ceb6c93,2025-10-02T15:07:30+01:00,877.2,318.8,bench-host-01,peer-scaling-2025-10
PEER-32-R2,32,761631,81,6157779c46ea4286aeaf9353,2025-10-02T15:07:30+01:00,897.5,315.4,bench-host-01,peer-scaling-2025-10
PEER-32-R2,32,761631,82,baa0029cfa503916e59570cc,2025-10-02T15:07:31+01:00,880.8,314.8,bench-host-01,peer-scaling-2025-10
PEER-32-R2,32,761631,83,00ab2e2ea7f3d5baf3b2738a,2025-10-02T15:07:31+01:00,791.3,321.5,bench-host-01,peer-scaling-2025-10
PEER-32-R2,32,761632,84,ab6c021d1f562540bb7c4be2,2025-10-02T15:07:32+01:00,730.6,322.0,bench-host-01,peer-scaling-2025-10
PEER-32-R2,32,761632,85,512cecfe41df87c858f53da5,2025-10-02T15:07:32+01:00,838.5,314.7,bench-host-01,peer-scaling-2025-10
PEER-32-R2,32,761632,86,12df5df9ad554f4b7585a825,2025-10-02T15:07:32+01:00,816.5,311.5,bench-host-01,peer-scaling-2025-10
PEER-32-R2,32,761632,87,803a6e654cde70f3c4ed85e4,2025-10-02T15:07:33+01:00,796.3,319.0,bench-host-01,peer-scaling-2025-10
PEER-32-R2,32,761632,88,7b15946bce5ebd9f9572d1c6,2025-10-02T15:07:33+01:00,902.9,307.0,bench-host-01,peer-scaling-2025-10
PEER-32-R2,32,761632,89,a2b59967ffbac7de1f4a4a1a,2025-10-02T15:07:34+01:00,908.0,319.9,bench-host-01,peer-scaling-2025-10
PEER-32-R2,32,761632,90,06b381214e9522f5b720f747,2025-10-02T15:07:34+01:00,832.4,309.4,bench-host-01,peer-scaling-2025-10
PEER-32-R2,32,761632,91,602c301e03a7a639976362ca,2025-10-02T15:07:34+01:00,779.0,322.4,bench-host-01,peer-scaling-2025-10
PEER-32-R2,32,761632,92,4c39982694579a0506bf6a9c,2025-10-02T15:07:35+01:00,753.3,316.6,bench-host-01,peer-scaling-2025-10
PEER-32-R2,32,761632,93,828b5b2ba40c149c4eb661ae,2025-10-02T15:07:35+01:00,751.2,315.6,bench-host-01,peer-scaling-2025-10
PEER-32-R2,32,761632,94,46a4bbe18bad0d7259f19949,2025-10-02T15:07:36+01:00,793.1,316.9,bench-host-01,peer-scaling-2025-10
PEER-32-R2,32,761632,95,ff09ec89ef4a8d0fa6309ece,2025-10-02T15:07:36+01:00,749.4,318.7,bench-host-01,peer-scaling-2025-10
PEER-32-R2,32,761632,96,6cfc4e7f63005bcc47b56f86,2025-10-02T15:07:36+01:00,802.4,318.5,bench-host-01,peer-scaling-2025-10
PEER-32-R2,32,761632,97,dd1ab9b8819697f45ebac85b,2025-10-02T15:07:37+01:00,900.2,311.9,bench-host-01,peer-scaling-2025-10
PEER-32-R2,32,761632,98,524c2e9ad41b205145a05f17,2025-10-02T15:07:37+01:00,822.2,312.5,bench-host-01,peer-scaling-2025-10
PEER-32-R2,32,761632,99,d7e125c70a957e6b5a73a631,2025-10-02T15:07:38+01:00,926.9,320.3,bench-host-01,peer-scaling-2025-10
PEER-32-R2,32,761632,100,48846f3d7bf1ca3b2825c3b3,2025-10-02T15:07:38+01:00,834.8,310.4,bench-host-01,peer-scaling-2025-10
PEER-32-R2,32,761632,101,aa6f5bfbd5062f59eb12aca3,2025-10-02T15:07:38+01:00,749.4,320.3,bench-host-01,peer-scaling-2025-10
PEER-32-R2,32,761632,102,61f40898e048c4d4bc020c1a,2025-10-02T15:07:39+01:00,740.6,320.4,bench-host-01,peer-scaling-2025-10
PEER-32-R2,32,761632,103,174a324dcdd9b6c573c9f492,2025-10-02T15:07:39+01:00,762.3,322.1,bench-host-01,peer-scaling-2025-10
PEER-32-R2,32,761632,104,b5a98cce43583f329f814e83,2025-10-02T15:07:40+01:00,854.5,318.6,bench-host-01,peer-scaling-2025-10
PEER-32-R2,32,761632,105,c2d27662ea08c030a452fddc,2025-10-02T15:07:40+01:00,775.4,315.7,bench-host-01,peer-scaling-2025-10
PEER-32-R2,32,761632,106,e0fccaece6557af305ecc799,2025-10-02T15:07:40+01:00,791.9,314.6,bench-host-01,peer-scaling-2025-10
PEER-32-R2,32,761632,107,edaad7151b35c168ff51039e,2025-10-02T15:07:41+01:00,749.9,317.2,bench-host-01,peer-scaling-2025-10
PEER-32-R2,32,761632,108,6f6c474f828ae0d230034018,2025-10-02T15:07:41+01:00,801.6,321.2,bench-host-01,peer-scaling-2025-10
PEER-32-R2,32,761632,109,26f2b57b619df336bcd32651,2025-10-02T15:07:42+01:00,757.0,319.8,bench-host-01,peer-scaling-2025-10
PEER-32-R2,32,761633,110,582b53d5dfc02718c5a02a3b,2025-10-02T15:07:42+01:00,797.7,315.7,bench-host-01,peer-scaling-2025-10
PEER-32-R2,32,761633,111,a7c3de5c52195ca65e876df4,2025-10-02T15:07:42+01:00,645.9,320.0,bench-host-01,peer-scaling-2025-10
PEER-32-R2,32,761633,112,0fbdeda9aeccf0c010f29b6a,2025-10-02T15:07:43+01:00,837.2,311.9,bench-host-01,peer-scaling-2025-10
PEER-32-R2,32,761633,113,d82be7fd88bd79ee80c99b79,2025-10-02T15:07:43+01:00,856.6,326.9,bench-host-01,peer-scaling-2025-10
PEER-32-R2,32,761633,114,c399cdaf40ddcf52222c959e,2025-10-02T15:07:44+01:00,709.5,313.4,bench-host-01,peer-scaling-2025-10
PEER-32-R2,32,761633,115,aa140e6785cf7d15947c390c,2025-10-02T15:07:44+01:00,817.0,314.9,bench-host-01,peer-scaling-2025-10
PEER-32-R2,32,761633,116,03cb57f1d8cc72cf126b45ee,2025-10-02T15:07:44+01:00,815.1,319.0,bench-host-01,peer-scaling-2025-10
PEER-32-R2,32,761634,117,2a4bca5524eef1f395f4001a,2025-10-02T15:07:45+01:00,830.5,322.7,bench-host-01,peer-scaling-2025-10
PEER-32-R2,32,761634,118,32e15cc63d58e2acb4754225,2025-10-02T15:07:45+01:00,753.8,310.2,bench-host-01,peer-scaling-2025-10
PEER-32-R2,32,761634,119,67ebd372eb3e8bce6537d5c5,2025-10-02T15:07:46+01:00,735.0,314.0,bench-host-01,peer-scaling-2025-10
PEER-32-R2,32,761634,120,7b807d01750a3db069319c84,2025-10-02T15:07:46+01:00,835.0,322.5,bench-host-01,peer-scaling-2025-10
PEER-32-R2,32,761634,121,c4ce484abdd327ad52572f67,2025-10-02T15:07:47+01:00,847.5,320.3,bench-host-01,peer-scaling-2025-10
PEER-32-R2,32,761634,122,4a0a8ce664c40db5ad95577b,2025-10-02T15:07:47+01:00,801.8,320.8,bench-host-01,peer-scaling-2025-10
PEER-32-R2,32,761634,123,531ff560d31587a0c5525bcc,2025-10-02T15:07:47+01:00,823.5,320.4,bench-host-01,peer-scaling-2025-10
PEER-32-R2,32,761634,124,21d678de8bf45a81b9d2920b,2025-10-02T15:07:48+01:00,844.1,314.6,bench-host-01,peer-scaling-2025-10
PEER-32-R2,32,761634,125,2f4cf1693c84f20da8456c7c,2025-10-02T15:07:48+01:00,800.6,319.8,bench-host-01,peer-scaling-2025-10
PEER-32-R2,32,761634,126,0e843de56a081a71eae8848a,2025-10-02T15:07:49+01:00,836.2,320.5,bench-host-01,peer-scaling-2025-10
PEER-32-R2,32,761634,127,e42334a45b65958e5a439395,2025-10-02T15:07:49+01:00,817.3,313.0,bench-host-01,peer-scaling-2025-10
PEER-32-R2,32,761634,128,4393b6cdc1f6b3673aadbe8a,2025-10-02T15:07:49+01:00,787.8,322.6,bench-host-01,peer-scaling-2025-10
PEER-32-R2,32,761634,129,0ba96d9304730ebc6d8896e0,2025-10-02T15:07:50+01:00,765.4,323.4,bench-host-01,peer-scaling-2025-10
PEER-04-R2,4,649480,0,44f4caf4272fec004c6fc5d8,2025-10-02T20:07:50+01:00,1238.2,325.5,bench-host-01,peer-scaling-2025-10
PEER-04-R2,4,649480,1,e6c21ba9f556f5f0c3440629,2025-10-02T20:07:51+01:00,1170.6,323.1,bench-host-01,peer-scaling-2025-10
PEER-04-R2,4,649480,2,82e6aa21db2ab38c7f1b358e,2025-10-02T20:07:51+01:00,1235.4,323.4,bench-host-01,peer-scaling-2025-10
PEER-04-R2,4,649480,3,fcffbc62a6e2d21cef582724,2025-10-02T20:07:52+01:00,1263.5,328.5,bench-host-01,peer-scaling-2025-10
PEER-04-R2,4,649480,4,b50ba0b57c2dc1acc6da87d9,2025-10-02T20:07:53+01:00,1229.5,323.3,bench-host-01,peer-scaling-2025-10
PEER-04-R2,4,649480,5,5bda8ea668db035458bf403c,2025-10-02T20:07:53+01:00,1110.3,318.6,bench-host-01,peer-scaling-2025-10
PEER-04-R2,4,649480,6,a265ce78705e6c2cf8ca2962,2025-10-02T20:07:54+01:00,1140.5,321.4,bench-host-01,peer-scaling-2025-10
PEER-04-R2,4,649480,7,15e684a24d4bac8554695431,2025-10-02T20:07:54+01:00,1173.9,322.1,bench-host-01,peer-scaling-2025-10
PEER-04-R2,4,649480,8,194c51e8ce3104f2d0be6d28,2025-10-02T20:07:55+01:00,1164.8,320.0,bench-host-01,peer-scaling-2025-10
PEER-04-R2,4,649480,9,6a62626d40f3803b4bd111c0,2025-10-02T20:07:56+01:00,1214.9,324.7,bench-host-01,peer-scaling-2025-10
PEER-04-R2,4,649480,10,119b22d649e4c54af8eb0ee2,2025-10-02T20:07:56+01:00,1257.0,326.1,bench-host-01,peer-scaling-2025-10
PEER-04-R2,4,649480,11,dbd37eb5920e0a92666d0e92,2025-10-02T20:07:57+01:00,1194.7,312.6,bench-host-01,peer-scaling-2025-10
PEER-04-R2,4,649480,12,342b0f9f74c230d8ced212da,2025-10-02T20:07:57+01:00,1194.0,320.7,bench-host-01,peer-scaling-2025-10
PEER-04-R2,4,649480,13,11cce75192988feac3ce3ca6,2025-10-02T20:07:58+01:00,1167.9,318.4,bench-host-01,peer-scaling-2025-10
PEER-04-R2,4,649480,14,7acffdacb0ab71cff1219a42,2025-10-02T20:07:59+01:00,1215.0,315.0,bench-host-01,peer-scaling-2025-10
PEER-04-R2,4,649480,15,b40fd94f9f393f7b3961e185,2025-10-02T20:07:59+01:00,1182.4,324.8,bench-host-01,peer-scaling-2025-10
PEER-04-R2,4,649480,16,00df54ada1670450faa007f4,2025-10-02T20:08:00+01:00,1251.4,329.1,bench-host-01,peer-scaling-2025-10
PEER-04-R2,4,649480,17,171ec9d9fc25078e04030eeb,2025-10-02T20:08:00+01:00,1194.9,326.3,bench-host-01,peer-scaling-2025-10
PEER-04-R2,4,649480,18,e05349cc052f44cf2524ef95,2025-10-02T20:08:01+01:00,1103.5,332.1,bench-host-01,peer-scaling-2025-10
PEER-04-R2,4,649480,19,ca0b58d5281928f5b19d1be2,2025-10-02T20:08:02+01:00,1173.9,319.9,bench-host-01,peer-scaling-2025-10
PEER-04-R2,4,649480,20,9b7fcac060b8ee7f9dd5559e,2025-10-02T20:08:02+01:00,1203.3,324.5,bench-host-01,peer-scaling-2025-10
PEER-04-R2,4,649480,21,eb93e9434b2f1b88beb72480,2025-10-02T20:08:03+01:00,1140.7,327.0,bench-host-01,peer-scaling-2025-10
PEER-04-R2,4,649480,22,f45568d660a757f8341e0c7c,2025-10-02T20:08:03+01:00,1216.6,320.4,bench-host-01,peer-scaling-2025-10
PEER-04-R2,4,649480,23,3b9e9566b94cb3d83fdc007d,2025-10-02T20:08:04+01:00,1150.8,319.2,bench-host-01,peer-scaling-2025-10
PEER-04-R2,4,649480,24,4b181d88a400842856516e8c,2025-10-02T20:08:05+01:00,1195.8,316.9,bench-host-01,peer-scaling-2025-10
PEER-04-R2,4,649480,25,ad0d777abdf8fd19abf69e85,2025-10-02T20:08:05+01:00,1202.8,317.4,bench-host-01,peer-scaling-2025-10
PEER-04-R2,4,649480,26,c701e3c8e0c95afed7026dab,2025-10-02T20:08:06+01:00,1164.1,317.3,bench-host-01,peer-scaling-2025-10
PEER-04-R2,4,649480,27,d54b262c8b09459cc9b23b8e,2025-10-02T20:08:06+01:00,1156.8,326.8,bench-host-01,peer-scaling-2025-10
PEER-04-R2,4,649480,28,20994014d54250f1e67b9141,2025-10-02T20:08:07+01:00,1258.6,323.1,bench-host-01,peer-scaling-2025-10
PEER-04-R2,4,649480,29,be9ed199679a1ae683ebc976,2025-10-02T20:08:08+01:00,1207.6,320.1,bench-host-01,peer-scaling-2025-10
PEER-04-R2,4,649480,30,e9e6074a5646fcb39616badb,2025-10-02T20:08:08+01:00,1163.9,328.0,bench-host-01,peer-scaling-2025-10
PEER-04-R2,4,649480,31,f93466c5d1e5271bf6e36d7b,2025-10-02T20:08:09+01:00,1255.5,328.5,bench-host-01,peer-scaling-2025-10
PEER-04-R2,4,649480,32,61410ea812a53fc2e656360c,2025-10-02T20:08:09+01:00,1344.4,328.2,bench-host-01,peer-scaling-2025-10
PEER-04-R2,4,649480,33,39142c4301c4c8caea166bbc,2025-10-02T20:08:10+01:00,1205.2,326.9,bench-host-01,peer-scaling-2025-10
PEER-04-R2,4,649480,34,0cc72f1d4c3b59b86c40d522,2025-10-02T20:08:11+01:00,1163.0,323.1,bench-host-01,peer-scaling-2025-10
PEER-04-R2,4,649480,35,d2d56d3bc71a7e43f69ba6ce,2025-10-02T20:08:11+01:00,1174.9,319.0,bench-host-01,peer-scaling-2025-10
PEER-04-R2,4,649480,36,1bca7e02a44d36c03b2103e9,2025-10-02T20:08:12+01:00,1278.9,320.4,bench-host-01,peer-scaling-2025-10
PEER-04-R2,4,649480,37,a6c0ab05160eb44a921b47ad,2025-10-02T20:08:12+01:00,1202.3,318.8,bench-host-01,peer-scaling-2025-10
PEER-04-R2,4,649480,38,d00a0de823e232953222e710,2025-10-02T20:08:13+01:00,1207.5,320.7,bench-host-01,peer-scaling-2025-10
PEER-04-R2,4,649480,39,a9e73f1f43490eafd9d3f765,2025-10-02T20:08:14+01:00,1197.5,316.7,bench-host-01,peer-scaling-2025-10
PEER-04-R2,4,649481,40,1c8af0ae392fbd5a994bf84b,2025-10-02T20:08:14+01:00,1138.8,320.1,bench-host-01,peer-scaling-2025-10
PEER-04-R2,4,649481,41,3c89d8c6991750518f4c51d3,2025-10-02T20:08:15+01:00,1180.1,325.2,bench-host-01,peer-scaling-2025-10
PEER-04-R2,4,649481,42,7e1d23536ac078a9908f183f,2025-10-02T20:08:15+01:00,1195.3,327.1,bench-host-01,peer-scaling-2025-10
PEER-04-R2,4,649481,43,0f7e80b005fcf7e841235529,2025-10-02T20:08:16+01:00,1143.1,322.2,bench-host-01,peer-scaling-2025-10
PEER-04-R2,4,649481,44,f07b30af3b6db5c0fb30507f,2025-10-02T20:08:17+01:00,1252.0,317.5,bench-host-01,peer-scaling-2025-10
PEER-04-R2,4,649481,45,69d39962a755ae3cac3a66f7,2025-10-02T20:08:17+01:00,1242.6,326.4,bench-host-01,peer-scaling-2025-10
PEER-04-R2,4,649481,46,a5ad277e84d855e6883f2e2c,2025-10-02T20:08:18+01:00,1341.7,318.2,bench-host-01,peer-scaling-2025-10
PEER-04-R2,4,649481,47,5bca120f61fa5507b69e22bd,2025-10-02T20:08:18+01:00,1310.2,326.5,bench-host-01,peer-scaling-2025-10
PEER-04-R2,4,649482,48,bd451122462d0dc784a94e99,2025-10-02T20:08:19+01:00,1178.6,328.6,bench-host-01,peer-scaling-2025-10
PEER-04-R2,4,649482,49,9d9871f51c7f863b450e06b0,2025-10-02T20:08:20+01:00,1239.2,318.3,bench-host-01,peer-scaling-2025-10
PEER-04-R2,4,649482,50,a7fbbd9e090456081b545854,2025-10-02T20:08:20+01:00,1198.9,312.1,bench-host-01,peer-scaling-2025-10
PEER-04-R2,4,649482,51,ec33d291a8907a4e5fbfd438,2025-10-02T20:08:21+01:00,1171.7,319.9,bench-host-01,peer-scaling-2025-10
PEER-04-R2,4,649482,52,1d0ef5a5cda1edfa489f8d88,2025-10-02T20:08:22+01:00,1134.8,322.2,bench-host-01,peer-scaling-2025-10
PEER-04-R2,4,649482,53,a7ec6edd7393a2f71250fa3a,2025-10-02T20:08:22+01:00,1241.2,328.4,bench-host-01,peer-scaling-2025-10
PEER-04-R2,4,649482,54,8616a9591c868131cf7db33c,2025-10-02T20:08:23+01:00,1315.7,315.9,bench-host-01,peer-scaling-2025-10
PEER-04-R2,4,649482,55,77c9b4719e7675d152f210c3,2025-10-02T20:08:23+01:00,1151.8,323.5,bench-host-01,peer-scaling-2025-10
PEER-04-R2,4,649482,56,696a5767d5c4fe3c1374d6f0,2025-10-02T20:08:24+01:00,1236.7,324.6,bench-host-01,peer-scaling-2025-10
PEER-04-R2,4,649482,57,a534904ca84390d9cb393938,2025-10-02T20:08:25+01:00,1237.6,325.2,bench-host-01,peer-scaling-2025-10
PEER-04-R2,4,649482,58,169c27c6f1a0e8c4d32fbc3f,2025-10-02T20:08:25+01:00,1192.1,324.7,bench-host-01,peer-scaling-2025-10
PEER-04-R2,4,649482,59,395ca4492188ef48d13c2065,2025-10-02T20:08:26+01:00,1237.5,322.6,bench-host-01,peer-scaling-2025-10
PEER-04-R2,4,649483,60,21af026ce8abe286b38c30ce,2025-10-02T20:08:26+01:00,1189.5,320.7,bench-host-01,peer-scaling-2025-10
PEER-04-R2,4,649483,61,8687af65bca0ca13661b880d,2025-10-02T20:08:27+01:00,1197.1,322.6,bench-host-01,peer-scaling-2025-10
PEER-04-R2,4,649483,62,d5bf6ba0ca0363bf595fca5a,2025-10-02T20:08:28+01:00,1238.2,314.6,bench-host-01,peer-scaling-2025-10
PEER-04-R2,4,649483,63,7624247c0236c252879a0ec9,2025-10-02T20:08:28+01:00,1231.6,326.3,bench-host-01,peer-scaling-2025-10
PEER-04-R2,4,649483,64,d19b554ce86d7c2f18e92d55,2025-10-02T20:08:29+01:00,1116.2,327.6,bench-host-01,peer-scaling-2025-10
PEER-04-R2,4,649483,65,d8c5d0fb3d7b5cbd7c163aea,2025-10-02T20:08:29+01:00,1205.0,318.9,bench-host-01,peer-scaling-2025-10
PEER-04-R2,4,649483,66,ed12e794af045850914a236d,2025-10-02T20:08:30+01:00,1212.9,318.8,bench-host-01,peer-scaling-2025-10
PEER-04-R2,4,649483,67,860eeffd2f9d490d64bb7002,2025-10-02T20:08:31+01:00,1170.7,323.2,bench-host-01,peer-scaling-2025-10
PEER-04-R2,4,649483,68,2cddc965c905067e83445390,2025-10-02T20:08:31+01:00,1204.7,326.5,bench-host-01,peer-scaling-2025-10
PEER-04-R2,4,649483,69,59ed9a7bfb9f1867c72a5738,2025-10-02T20:08:32+01:00,1232.2,324.3,bench-host-01,peer-scaling-2025-10
PEER-04-R2,4,649483,70,bfc724df2298b7e7727069c8,2025-10-02T20:08:32+01:00,1081.0,325.9,bench-host-01,peer-scaling-2025-10
PEER-04-R2,4,649483,71,8ced38e229c9cc1cd11851ab,2025-10-02T20:08:33+01:00,1185.7,322.4,bench-host-01,peer-scaling-2025-10
PEER-04-R2,4,649483,72,18739b9542ca7cfcac01349b,2025-10-02T20:08:34+01:00,1156.9,320.0,bench-host-01,peer-scaling-2025-10
PEER-04-R2,4,649483,73,5250aeda2f2751679d309203,2025-10-02T20:08:34+01:00,1248.4,323.5,bench-host-01,peer-scaling-2025-10
PEER-04-R2,4,649483,74,749394319cd5761307b0ce78,2025-10-02T20:08:35+01:00,1156.6,319.3,bench-host-01,peer-scaling-2025-10
PEER-04-R2,4,649483,75,00d47beba90a3fc26637bd4a,2025-10-02T20:08:35+01:00,1189.9,315.7,bench-host-01,peer-scaling-2025-10
PEER-04-R2,4,649483,76,5946ecc341337da5afcc1475,2025-10-02T20:08:36+01:00,1194.7,318.9,bench-host-01,peer-scaling-2025-10
PEER-04-R2,4,649483,77,61d764e17c632720d9f611ba,2025-10-02T20:08:37+01:00,1256.5,319.8,bench-host-01,peer-scaling-2025-10
PEER-04-R2,4,649483,78,433503470e4620099da3f2f4,2025-10-02T20:08:37+01:00,1187.6,319.6,bench-host-01,peer-scaling-2025-10
PEER-04-R2,4,649483,79,3fef77173a3c6c47372e857a,2025-10-02T20:08:38+01:00,1263.0,319.8,bench-host-01,peer-scaling-2025-10
PEER-04-R2,4,649484,80,322905aa4a1cf50a452a9e61,2025-10-02T20:08:38+01:00,1171.2,313.3,bench-host-01,peer-scaling-2025-10
PEER-04-R2,4,649484,81,5de80c199daf43e0f315a5cd,2025-10-02T20:08:39+01:00,1194.1,320.7,bench-host-01,peer-scaling-2025-10
PEER-04-R2,4,649484,82,88d1a615cf15e940dd7ef2a8,2025-10-02T20:08:40+01:00,1164.0,316.1,bench-host-01,peer-scaling-2025-10
PEER-04-R2,4,649484,83,d75d417a5d06fa9bdbac4f3f,2025-10-02T20:08:40+01:00,1231.2,323.7,bench-host-01,peer-scaling-2025-10
PEER-04-R2,4,649485,84,f9b53978c283c5e76cd0cae6,2025-10-02T20:08:41+01:00,1225.3,325.6,bench-host-01,peer-scaling-2025-10
PEER-04-R2,4,649485,85,146b3b52178696e0f93d1c13,2025-10-02T20:08:41+01:00,1160.4,320.7,bench-host-01,peer-scaling-2025-10
PEER-04-R2,4,649485,86,262bbf8f9de34f1aac4e53f9,2025-10-02T20:08:42+01:00,1111.7,326.8,bench-host-01,peer-scaling-2025-10
PEER-04-R2,4,649485,87,340d6e8346b5ac0168157a3e,2025-10-02T20:08:43+01:00,1188.4,314.8,bench-host-01,peer-scaling-2025-10
PEER-04-R2,4,649485,88,89a39b99b12af420b3dc7aaf,2025-10-02T20:08:43+01:00,1215.5,321.7,bench-host-01,peer-scaling-2025-10
PEER-04-R2,4,649485,89,7d69cf5c88cd25f146dc5d2f,2025-10-02T20:08:44+01:00,1088.2,319.8,bench-host-01,peer-scaling-2025-10
PEER-04-R2,4,649486,90,764b5782ccf755f1ceef4ec6,2025-10-02T20:08:44+01:00,1222.1,318.1,bench-host-01,peer-scaling-2025-10
PEER-04-R2,4,649486,91,91d07f20652927590b2c1549,2025-10-02T20:08:45+01:00,1241.5,322.4,bench-host-01,peer-scaling-2025-10
PEER-04-R2,4,649486,92,82635f16633c0159813c1076,2025-10-02T20:08:46+01:00,1176.7,311.0,bench-host-01,peer-scaling-2025-10
PEER-04-R2,4,649486,93,4368795cffce138343772bde,2025-10-02T20:08:46+01:00,1260.3,321.2,bench-host-01,peer-scaling-2025-10
PEER-04-R2,4,649486,94,ebb752a53bfc447bb12af066,2025-10-02T20:08:47+01:00,1233.4,318.4,bench-host-01,peer-scaling-2025-10
PEER-04-R2,4,649486,95,de888902e71484e18f2808f3,2025-10-02T20:08:47+01:00,1256.2,322.8,bench-host-01,peer-scaling-2025-10
PEER-04-R2,4,649486,96,45f86705d5a428433fe55dcd,2025-10-02T20:08:48+01:00,1230.3,319.2,bench-host-01,peer-scaling-2025-10
PEER-04-R2,4,649486,97,3eaaa7b2f8a47bf2e4851b9f,2025-10-02T20:08:49+01:00,1173.7,327.8,bench-host-01,peer-scaling-2025-10
PEER-04-R2,4,649486,98,84c708d288006769d0b8762a,2025-10-02T20:08:49+01:00,1186.7,312.5,bench-host-01,peer-scaling-2025-10
PEER-04-R2,4,649487,99,09e42f2dd0718687daa70cfd,2025-10-02T20:08:50+01:00,1213.8,315.2,bench-host-01,peer-scaling-2025-10
PEER-04-R2,4,649488,100,df49fa10139be66127035bac,2025-10-02T20:08:50+01:00,1196.4,317.0,bench-host-01,peer-scaling-2025-10
PEER-04-R2,4,649488,101,4ea771dc3469b9baef2350c0,2025-10-02T20:08:51+01:00,1178.0,323.9,bench-host-01,peer-scaling-2025-10
PEER-04-R2,4,649488,102,89ab7a0eafee6c8e300b4a7f,2025-10-02T20:08:52+01:00,1228.5,321.8,bench-host-01,peer-scaling-2025-10
PEER-04-R2,4,649488,103,fe5c5b0bf4ef5a842490a0c9,2025-10-02T20:08:52+01:00,1149.4,330.3,bench-host-01,peer-scaling-2025-10
PEER-04-R2,4,649488,104,83acd4b39e90a4ec29f79cee,2025-10-02T20:08:53+01:00,1200.5,315.5,bench-host-01,peer-scaling-2025-10
PEER-04-R2,4,649489,105,828af72134414fb8789f7ee6,2025-10-02T20:08:53+01:00,1277.8,318.3,bench-host-01,peer-scaling-2025-10
PEER-04-R2,4,649489,106,cdc1a570f76e7e6e1267625b,2025-10-02T20:08:54+01:00,1200.1,322.6,bench-host-01,peer-scaling-2025-10
PEER-04-R2,4,649489,107,799a8409b415fb38c746b042,2025-10-02T20:08:55+01:00,1261.6,313.4,bench-host-01,peer-scaling-2025-10
PEER-04-R2,4,649489,108,57e2425956ddae5b4b88d1b5,2025-10-02T20:08:55+01:00,1205.3,322.0,bench-host-01,peer-scaling-2025-10
PEER-04-R2,4,649489,109,e9845c835430afca6b056fb4,2025-10-02T20:08:56+01:00,1157.9,320.1,bench-host-01,peer-scaling-2025-10
PEER-04-R2,4,649490,110,16b845e0bd8bd0f00a3dd927,2025-10-02T20:08:56+01:00,1383.6,315.2,bench-host-01,peer-scaling-2025-10
PEER-04-R2,4,649490,111,65fc642fcd85da7219a42b48,2025-10-02T20:08:57+01:00,1267.3,314.0,bench-host-01,peer-scaling-2025-10
PEER-04-R2,4,649490,112,c858394b6562017a50d1c953,2025-10-02T20:08:58+01:00,1227.3,314.0,bench-host-01,peer-scaling-2025-10
PEER-04-R2,4,649490,113,97d5c4334a3c78f66c584e4e,2025-10-02T20:08:58+01:00,1185.0,323.9,bench-host-01,peer-scaling-2025-10
PEER-04-R2,4,649490,114,9c08e7b26f074dcc1c1a6c7c,2025-10-02T20:08:59+01:00,1146.1,324.5,bench-host-01,peer-scaling-2025-10
PEER-04-R2,4,649490,115,e78da1eeedf2a4531ab3633d,2025-10-02T20:08:59+01:00,1273.2,320.1,bench-host-01,peer-scaling-2025-10
PEER-04-R2,4,649490,116,74575d34a990b9c1341fda58,2025-10-02T20:09:00+01:00,1185.5,316.1,bench-host-01,peer-scaling-2025-10
PEER-04-R2,4,649491,117,cd4d54c952ee3b6c5457bbfd,2025-10-02T20:09:01+01:00,1225.4,320.7,bench-host-01,peer-scaling-2025-10
PEER-04-R2,4,649491,118,4aa7747a4afd365c5afda3c0,2025-10-02T20:09:01+01:00,1176.8,313.7,bench-host-01,peer-scaling-2025-10
PEER-04-R2,4,649491,119,c3504c0719545a295d1fa41f,2025-10-02T20:09:02+01:00,1175.9,325.2,bench-host-01,peer-scaling-2025-10
PEER-04-R2,4,649492,120,b5998b9e51db2f7ca6ffbe56,2025-10-02T20:09:02+01:00,1249.1,321.3,bench-host-01,peer-scaling-2025-10
PEER-04-R2,4,649492,121,07cea6ab56e9e6f0fba3cdca,2025-10-02T20:09:03+01:00,1235.4,322.1,bench-host-01,peer-scaling-2025-10
PEER-04-R2,4,649492,122,e0c6222f45dd8de9f4dfcb8f,2025-10-02T20:09:04+01:00,1102.4,317.8,bench-host-01,peer-scaling-2025-10
PEER-04-R2,4,649492,123,db1f1659f047f0c6d5d5f1bc,2025-10-02T20:09:04+01:00,1117.9,327.2,bench-host-01,peer-scaling-2025-10
PEER-04-R2,4,649492,124,f9a94b018b1f89b39b498abc,2025-10-02T20:09:05+01:00,1125.7,320.1,bench-host-01,peer-scaling-2025-10
PEER-04-R2,4,649492,125,9fb3b8de5e280382b4dd72bc,2025-10-02T20:09:05+01:00,1252.0,321.0,bench-host-01,peer-scaling-2025-10
PEER-04-R2,4,649492,126,a15b092cc308268498ac64e6,2025-10-02T20:09:06+01:00,1174.9,328.2,bench-host-01,peer-scaling-2025-10
PEER-04-R2,4,649492,127,bd22ad8bf264fff0d2652781,2025-10-02T20:09:07+01:00,1286.9,328.7,bench-host-01,peer-scaling-2025-10
PEER-04-R2,4,649492,128,1c5eadb1c981397c788bd9c9,2025-10-02T20:09:07+01:00,1136.1,324.0,bench-host-01,peer-scaling-2025-10
PEER-04-R2,4,649492,129,7ad4d1762b331f31ffee91a2,2025-10-02T20:09:08+01:00,1216.6,318.7,bench-host-01,peer-scaling-2025-10
PEER-16-R3,16,606039,0,a3e5bc71f6fcbcd34f5ce475,2025-10-03T01:09:08+01:00,1096.2,322.7,bench-host-01,peer-scaling-2025-10
PEER-16-R3,16,606039,1,f01d4d1a3b60ad00b320d37e,2025-10-03T01:09:09+01:00,1045.2,324.1,bench-host-01,peer-scaling-2025-10
PEER-16-R3,16,606039,2,f132fa8d6deba393078ac6ef,2025-10-03T01:09:10+01:00,1046.2,334.0,bench-host-01,peer-scaling-2025-10
PEER-16-R3,16,606039,3,aeccab134a6470aaa9b07dd1,2025-10-03T01:09:10+01:00,1047.4,330.2,bench-host-01,peer-scaling-2025-10
PEER-16-R3,16,606039,4,f1e0b9d5b4b670270c08b3cf,2025-10-03T01:09:11+01:00,1103.0,324.6,bench-host-01,peer-scaling-2025-10
PEER-16-R3,16,606039,5,cf1967f46fcc020823e28894,2025-10-03T01:09:11+01:00,1100.7,326.2,bench-host-01,peer-scaling-2025-10
PEER-16-R3,16,606039,6,ea104d16ce7bfb50e62a47af,2025-10-03T01:09:12+01:00,1146.7,326.3,bench-host-01,peer-scaling-2025-10
PEER-16-R3,16,606039,7,7d97879bcde888cce9ef6232,2025-10-03T01:09:12+01:00,1081.6,320.1,bench-host-01,peer-scaling-2025-10
PEER-16-R3,16,606039,8,4cd59194714495768e1ee31a,2025-10-03T01:09:13+01:00,1015.0,329.9,bench-host-01,peer-scaling-2025-10
PEER-16-R3,16,606039,9,c752bc4a4e6c78df47594cb9,2025-10-03T01:09:13+01:00,1087.2,331.0,bench-host-01,peer-scaling-2025-10
PEER-16-R3,16,606039,10,d5eba2104fc3a6a93572f5c8,2025-10-03T01:09:14+01:00,1152.0,327.0,bench-host-01,peer-scaling-2025-10
PEER-16-R3,16,606039,11,a6020ebd4963fee850e015b7,2025-10-03T01:09:14+01:00,1029.6,324.2,bench-host-01,peer-scaling-2025-10
PEER-16-R3,16,606039,12,bf8b7f3a481718f54efa6668,2025-10-03T01:09:15+01:00,1051.2,325.2,bench-host-01,peer-scaling-2025-10
PEER-16-R3,16,606039,13,f513695a5a243f052446a8bb,2025-10-03T01:09:15+01:00,1008.3,329.2,bench-host-01,peer-scaling-2025-10
PEER-16-R3,16,606040,14,e42131b377cbaf9370a6322d,2025-10-03T01:09:16+01:00,1094.6,324.6,bench-host-01,peer-scaling-2025-10
PEER-16-R3,16,606040,15,a2ca61fd1681cd71d0463134,2025-10-03T01:09:16+01:00,1062.6,321.6,bench-host-01,peer-scaling-2025-10
PEER-16-R3,16,606041,16,27f3f878c984309a3cba5452,2025-10-03T01:09:17+01:00,1048.1,311.5,bench-host-01,peer-scaling-2025-10
PEER-16-R3,16,606041,17,3e76049bfebefee8207fa79e,2025-10-03T01:09:17+01:00,1071.7,324.8,bench-host-01,peer-scaling-2025-10
PEER-16-R3,16,606041,18,d1f411eae10aa692338efcd2,2025-10-03T01:09:18+01:00,1031.9,327.9,bench-host-01,peer-scaling-2025-10
PEER-16-R3,16,606041,19,e2d03677dd2c0e53f09c1ebe,2025-10-03T01:09:19+01:00,1054.9,325.3,bench-host-01,peer-scaling-2025-10
PEER-16-R3,16,606041,20,55151d1d64ab9b93e468327b,2025-10-03T01:09:19+01:00,1001.8,325.0,bench-host-01,peer-scaling-2025-10
PEER-16-R3,16,606041,21,d3c550516938911f94316f48,2025-10-03T01:09:20+01:00,1118.8,323.8,bench-host-01,peer-scaling-2025-10
PEER-16-R3,16,606042,22,79db8ad7953ebebed701ce4b,2025-10-03T01:09:20+01:00,966.6,314.3,bench-host-01,peer-scaling-2025-10
PEER-16-R3,16,606042,23,dda1d654e1043eaade35e55a,2025-10-03T01:09:21+01:00,938.7,321.2,bench-host-01,peer-scaling-2025-10
PEER-16-R3,16,606043,24,7ee1a84d53356867c43f8e52,2025-10-03T01:09:21+01:00,1085.6,322.8,bench-host-01,peer-scaling-2025-10
PEER-16-R3,16,606043,25,9d39b802f2f4f5599e880ec1,2025-10-03T01:09:22+01:00,925.2,320.8,bench-host-01,peer-scaling-2025-10
PEER-16-R3,16,606044,26,d17bab1975227c3c8909a55b,2025-10-03T01:09:22+01:00,1119.5,323.4,bench-host-01,peer-scaling-2025-10
PEER-16-R3,16,606044,27,1ae0f4100bc793eaa108aaf2,2025-10-03T01:09:23+01:00,988.2,326.9,bench-host-01,peer-scaling-2025-10
PEER-16-R3,16,606044,28,b986ccd235a7173ec11a23e9,2025-10-03T01:09:23+01:00,1026.7,324.8,bench-host-01,peer-scaling-2025-10
PEER-16-R3,16,606044,29,5e8d6f433c2527ee0068f6b1,2025-10-03T01:09:24+01:00,949.6,328.2,bench-host-01,peer-scaling-2025-10
PEER-16-R3,16,606044,30,7c31b68bfe0e7fb6aa14f7b7,2025-10-03T01:09:24+01:00,981.5,317.1,bench-host-01,peer-scaling-2025-10
PEER-16-R3,16,606044,31,36aaa558d41a02911c6cefc6,2025-10-03T01:09:25+01:00,1054.8,319.9,bench-host-01,peer-scaling-2025-10
PEER-16-R3,16,606045,32,8c297998a95ff742ab78249a,2025-10-03T01:09:25+01:00,1041.7,327.5,bench-host-01,peer-scaling-2025-10
PEER-16-R3,16,606045,33,22b699f84fa06b0f8110aa01,2025-10-03T01:09:26+01:00,1024.2,324.8,bench-host-01,peer-scaling-2025-10
PEER-16-R3,16,606045,34,055d691b5147a74d089df960,2025-10-03T01:09:26+01:00,1148.1,318.2,bench-host-01,peer-scaling-2025-10
PEER-16-R3,16,606045,35,eb2c0d7d1f3968057049b028,2025-10-03T01:09:27+01:00,1011.5,315.4,bench-host-01,peer-scaling-2025-10
PEER-16-R3,16,606045,36,4d4789aa623bbefcf1351a48,2025-10-03T01:09:28+01:00,1044.1,320.8,bench-host-01,peer-scaling-2025-10
PEER-16-R3,16,606045,37,fc48d490f9d0e25b0a94d382,2025-10-03T01:09:28+01:00,1051.6,323.8,bench-host-01,peer-scaling-2025-10
PEER-16-R3,16,606045,38,ba3de06746b7b964f5f7d540,2025-10-03T01:09:29+01:00,1092.0,314.6,bench-host-01,peer-scaling-2025-10
PEER-16-R3,16,606045,39,ce53507cb285846ae934b428,2025-10-03T01:09:29+01:00,1058.3,325.8,bench-host-01,peer-scaling-2025-10
PEER-16-R3,16,606045,40,9cb5355eff51e8fa88b032ca,2025-10-03T01:09:30+01:00,1051.4,332.5,bench-host-01,peer-scaling-2025-10
PEER-16-R3,16,606045,41,2482bcc2d87cf8e92d574424,2025-10-03T01:09:30+01:00,1059.9,325.7,bench-host-01,peer-scaling-2025-10
PEER-16-R3,16,606046,42,c757fe2cdc5de976cdf2ab4a,2025-10-03T01:09:31+01:00,1039.6,324.5,bench-host-01,peer-scaling-2025-10
PEER-16-R3,16,606046,43,0972ded4b60f7be7d1f4cc68,2025-10-03T01:09:31+01:00,1106.5,322.2,bench-host-01,peer-scaling-2025-10
PEER-16-R3,16,606046,44,c92fd0e1fcfbdacff0d900a5,2025-10-03T01:09:32+01:00,1095.5,316.5,bench-host-01,peer-scaling-2025-10
PEER-16-R3,16,606046,45,adf8280b66f4942ad64862ff,2025-10-03T01:09:32+01:00,1131.4,320.9,bench-host-01,peer-scaling-2025-10
PEER-16-R3,16,606046,46,0fc30a1f86d066ecf3c553bd,2025-10-03T01:09:33+01:00,1039.8,319.6,bench-host-01,peer-scaling-2025-10
PEER-16-R3,16,606046,47,a22710cd7aa98b9668c39cab,2025-10-03T01:09:33+01:00,1115.5,317.0,bench-host-01,peer-scaling-2025-10
PEER-16-R3,16,606046,48,fdd70a7a158781a69b138664,2025-10-03T01:09:34+01:00,1069.5,323.2,bench-host-01,peer-scaling-2025-10
PEER-16-R3,16,606046,49,74364949ed8e4da2cebe8c56,2025-10-03T01:09:34+01:00,1052.8,324.6,bench-host-01,peer-scaling-2025-10
PEER-16-R3,16,606046,50,34651b9d589db3d026a9a1df,2025-10-03T01:09:35+01:00,1011.5,321.8,bench-host-01,peer-scaling-2025-10
PEER-16-R3,16,606046,51,7a26383d2d66a7b6d31c7a60,2025-10-03T01:09:35+01:00,1001.2,326.1,bench-host-01,peer-scaling-2025-10
PEER-16-R3,16,606046,52,9675c79920ba74ad8cd3c1e0,2025-10-03T01:09:36+01:00,1083.3,314.8,bench-host-01,peer-scaling-2025-10
PEER-16-R3,16,606046,53,21eb15b8f5d77734d7a5dff3,2025-10-03T01:09:36+01:00,1027.5,316.2,bench-host-01,peer-scaling-2025-10
PEER-16-R3,16,606047,54,1b539fe6b420a8ce09236684,2025-10-03T01:09:37+01:00,1184.9,322.4,bench-host-01,peer-scaling-2025-10
PEER-16-R3,16,606047,55,11fe97415f01e6e62f422277,2025-10-03T01:09:38+01:00,1023.8,331.5,bench-host-01,peer-scaling-2025-10
PEER-16-R3,16,606047,56,dd041a6154eb9b3dc137e9f0,2025-10-03T01:09:38+01:00,1098.7,323.7,bench-host-01,peer-scaling-2025-10
PEER-16-R3,16,606047,57,e747a0737b7b363feff11cea,2025-10-03T01:09:39+01:00,1060.6,321.8,bench-host-01,peer-scaling-2025-10
PEER-16-R3,16,606047,58,e38e6f464f613027f5968f77,2025-10-03T01:09:39+01:00,1086.7,318.8,bench-host-01,peer-scaling-2025-10
PEER-16-R3,16,606047,59,cc5890ce258a9e3ce9c3e6e0,2025-10-03T01:09:40+01:00,1026.8,332.4,bench-host-01,peer-scaling-2025-10
PEER-16-R3,16,606048,60,b4117db685634c436a89d4fa,2025-10-03T01:09:40+01:00,1076.3,321.7,bench-host-01,peer-scaling-2025-10
PEER-16-R3,16,606048,61,18684867c50ac322d1be90a4,2025-10-03T01:09:41+01:00,1080.4,320.3,bench-host-01,peer-scaling-2025-10
PEER-16-R3,16,606048,62,36709b81a1b169853123b227,2025-10-03T01:09:41+01:00,1094.3,323.7,bench-host-01,peer-scaling-2025-10
PEER-16-R3,16,606048,63,e9cb62be1b9498f5db1d3a8c,2025-10-03T01:09:42+01:00,1073.0,329.0,bench-host-01,peer-scaling-2025-10
PEER-16-R3,16,606048,64,da097ed7cd156f2d15991631,2025-10-03T01:09:42+01:00,1018.5,319.6,bench-host-01,peer-scaling-2025-10
PEER-16-R3,16,606048,65,196aaf1533feb00161001356,2025-10-03T01:09:43+01:00,1050.4,323.0,bench-host-01,peer-scaling-2025-10
PEER-16-R3,16,606048,66,b444bb0675db488cd7b87284,2025-10-03T01:09:43+01:00,1022.2,328.0,bench-host-01,peer-scaling-2025-10
PEER-16-R3,16,606048,67,bffb356a7cd6231745110770,2025-10-03T01:09:44+01:00,1091.5,324.3,bench-host-01,peer-scaling-2025-10
PEER-16-R3,16,606048,68,4edf73c6aad1ceb4f6ac115a,2025-10-03T01:09:44+01:00,1155.3,322.1,bench-host-01,peer-scaling-2025-10
PEER-16-R3,16,606048,69,4b4490227c63e1c1c47c1c03,2025-10-03T01:09:45+01:00,977.4,324.4,bench-host-01,peer-scaling-2025-10
PEER-16-R3,16,606048,70,43ce51dced3956c4e74497da,2025-10-03T01:09:45+01:00,1034.3,326.9,bench-host-01,peer-scaling-2025-10
PEER-16-R3,16,606048,71,833907937ea4e5c480580da7,2025-10-03T01:09:46+01:00,921.4,328.8,bench-host-01,peer-scaling-2025-10
PEER-16-R3,16,606049,72,d45549d6422c75814324131f,2025-10-03T01:09:47+01:00,960.7,321.7,bench-host-01,peer-scaling-2025-10
PEER-16-R3,16,606049,73,db4be180edeee122fba722c2,2025-10-03T01:09:47+01:00,1033.1,315.7,bench-host-01,peer-scaling-2025-10
PEER-16-R3,16,606049,74,a99fd0c67fdbe2608c96fd50,2025-10-03T01:09:48+01:00,1135.8,326.7,bench-host-01,peer-scaling-2025-10
PEER-16-R3,16,606050,75,7fcb99142aa5523e9dc0f90f,2025-10-03T01:09:48+01:00,1092.3,319.0,bench-host-01,peer-scaling-2025-10
PEER-16-R3,16,606050,76,2b1faa54cba281852a308695,2025-10-03T01:09:49+01:00,1123.3,324.2,bench-host-01,peer-scaling-2025-10
PEER-16-R3,16,606050,77,2fd506876570d90045483e14,2025-10-03T01:09:49+01:00,1116.0,323.3,bench-host-01,peer-scaling-2025-10
PEER-16-R3,16,606050,78,97672ff0c50b086c9e94a110,2025-10-03T01:09:50+01:00,1022.3,332.7,bench-host-01,peer-scaling-2025-10
PEER-16-R3,16,606050,79,cb50740500d06f7383ff1220,2025-10-03T01:09:50+01:00,1058.8,319.5,bench-host-01,peer-scaling-2025-10
PEER-16-R3,16,606050,80,b97d4b219dbdf74a05bc39c6,2025-10-03T01:09:51+01:00,1162.7,320.3,bench-host-01,peer-scaling-2025-10
PEER-16-R3,16,606050,81,b473bb8014eff089c3911686,2025-10-03T01:09:51+01:00,1025.5,321.5,bench-host-01,peer-scaling-2025-10
PEER-16-R3,16,606050,82,498d268586f36153e0ea3462,2025-10-03T01:09:52+01:00,961.7,317.3,bench-host-01,peer-scaling-2025-10
PEER-16-R3,16,606050,83,285d9720a15dbc0b75b509de,2025-10-03T01:09:52+01:00,942.3,326.1,bench-host-01,peer-scaling-2025-10
PEER-16-R3,16,606051,84,96a6313c671bee2fa7e3ddc6,2025-10-03T01:09:53+01:00,1005.5,322.7,bench-host-01,peer-scaling-2025-10
PEER-16-R3,16,606051,85,095ea5282a6a2aa6dbb718a2,2025-10-03T01:09:53+01:00,1064.1,324.8,bench-host-01,peer-scaling-2025-10
PEER-16-R3,16,606051,86,effa65a732afdc311649dd46,2025-10-03T01:09:54+01:00,1018.4,329.5,bench-host-01,peer-scaling-2025-10
PEER-16-R3,16,606051,87,b327835297dc54e6b560948d,2025-10-03T01:09:54+01:00,996.4,326.5,bench-host-01,peer-scaling-2025-10
PEER-16-R3,16,606051,88,0d9c377c10b6fe0275c5956a,2025-10-03T01:09:55+01:00,1174.7,323.6,bench-host-01,peer-scaling-2025-10
PEER-16-R3,16,606051,89,fe1839903752e98f8b71c1bc,2025-10-03T01:09:56+01:00,1038.7,319.6,bench-host-01,peer-scaling-2025-10
PEER-16-R3,16,606052,90,654c5affdf7a4dde0ea793fe,2025-10-03T01:09:56+01:00,1066.6,327.2,bench-host-01,peer-scaling-2025-10
PEER-16-R3,16,606052,91,806e6a2c75eb2d3dff0fb4d9,2025-10-03T01:09:57+01:00,1106.5,319.1,bench-host-01,peer-scaling-2025-10
PEER-16-R3,16,606052,92,f2ed2ee16f8da0770c0f9c49,2025-10-03T01:09:57+01:00,1030.2,321.1,bench-host-01,peer-scaling-2025-10
PEER-16-R3,16,606052,93,729a8992ef79234081997e20,2025-10-03T01:09:58+01:00,1052.9,318.0,bench-host-01,peer-scaling-2025-10
PEER-16-R3,16,606052,94,20f989e57816298fb3d9a9cf,2025-10-03T01:09:58+01:00,1127.2,330.9,bench-host-01,peer-scaling-2025-10
PEER-16-R3,16,606052,95,437f82bdb723118432053e0c,2025-10-03T01:09:59+01:00,1230.6,318.5,bench-host-01,peer-scaling-2025-10
PEER-16-R3,16,606052,96,1b307a9efa943243d38cebc5,2025-10-03T01:09:59+01:00,1001.1,323.4,bench-host-01,peer-scaling-2025-10
PEER-16-R3,16,606052,97,47814c04c6be53932577b195,2025-10-03T01:10:00+01:00,1044.8,324.5,bench-host-01,peer-scaling-2025-10
PEER-16-R3,16,606052,98,cdd06b0af4189942bf092482,2025-10-03T01:10:00+01:00,1075.5,313.5,bench-host-01,peer-scaling-2025-10
PEER-16-R3,16,606053,99,73c50d2101d4340ec90d0dba,2025-10-03T01:10:01+01:00,1122.1,328.1,bench-host-01,peer-scaling-2025-10
PEER-16-R3,16,606053,100,7d19cc4f7befaa835bda76f9,2025-10-03T01:10:01+01:00,1008.2,323.3,bench-host-01,peer-scaling-2025-10
PEER-16-R3,16,606053,101,e2438d5688592d7dc3037062,2025-10-03T01:10:02+01:00,903.3,319.8,bench-host-01,peer-scaling-2025-10
PEER-16-R3,16,606053,102,4770ca074e7a6b48567eefde,2025-10-03T01:10:02+01:00,965.6,325.3,bench-host-01,peer-scaling-2025-10
PEER-16-R3,16,606053,103,56220cacd1152b664bc2d846,2025-10-03T01:10:03+01:00,991.7,322.9,bench-host-01,peer-scaling-2025-10
PEER-16-R3,16,606053,104,e8699022fb80482b1a84789d,2025-10-03T01:10:03+01:00,1098.1,322.4,bench-host-01,peer-scaling-2025-10
PEER-16-R3,16,606054,105,cd8832f7c3a741c79e9ff0ed,2025-10-03T01:10:04+01:00,1147.8,323.5,bench-host-01,peer-scaling-2025-10
PEER-16-R3,16,606054,106,1356e2858ba4595d0ac91129,2025-10-03T01:10:05+01:00,1118.2,327.4,bench-host-01,peer-scaling-2025-10
PEER-16-R3,16,606054,107,8199348be974f7c50ea5be16,2025-10-03T01:10:05+01:00,1070.0,330.9,bench-host-01,peer-scaling-2025-10
PEER-16-R3,16,606054,108,4e3a52826a3584edd489ee15,2025-10-03T01:10:06+01:00,1006.8,318.2,bench-host-01,peer-scaling-2025-10
PEER-16-R3,16,606054,109,c2cb3de8ee874d88e39f4057,2025-10-03T01:10:06+01:00,1067.9,319.7,bench-host-01,peer-scaling-2025-10
PEER-16-R3,16,606054,110,19738c8029117d8aca0f3e8e,2025-10-03T01:10:07+01:00,1105.7,324.5,bench-host-01,peer-scaling-2025-10
PEER-16-R3,16,606054,111,87322a858dff73970b235f97,2025-10-03T01:10:07+01:00,991.8,322.6,bench-host-01,peer-scaling-2025-10
PEER-16-R3,16,606054,112,9926d78252265c3ac45db43a,2025-10-03T01:10:08+01:00,1130.4,318.8,bench-host-01,peer-scaling-2025-10
PEER-16-R3,16,606054,113,bfa6a2178b10c9baca353337,2025-10-03T01:10:08+01:00,1106.7,322.6,bench-host-01,peer-scaling-2025-10
PEER-16-R3,16,606054,114,c7da68c8b6881427655f27b1,2025-10-03T01:10:09+01:00,1046.2,319.3,bench-host-01,peer-scaling-2025-10
PEER-16-R3,16,606054,115,db62f3be01275eec220d684d,2025-10-03T01:10:09+01:00,1047.2,327.7,bench-host-01,peer-scaling-2025-10
PEER-16-R3,16,606054,116,948151d7b3495deda5a5c48b,2025-10-03T01:10:10+01:00,1090.9,321.2,bench-host-01,peer-scaling-2025-10
PEER-16-R3,16,606054,117,69b9d82f0b2709cecfa32364,2025-10-03T01:10:10+01:00,1090.7,320.6,bench-host-01,peer-scaling-2025-10
PEER-16-R3,16,606054,118,5448f02d4367ccf12403d908,2025-10-03T01:10:11+01:00,1006.0,320.3,bench-host-01,peer-scaling-2025-10
PEER-16-R3,16,606054,119,38f34c398b87793e7b857a40,2025-10-03T01:10:11+01:00,1060.3,323.4,bench-host-01,peer-scaling-2025-10
PEER-16-R3,16,606054,120,bcc428d064547cb4e3631968,2025-10-03T01:10:12+01:00,1009.8,317.9,bench-host-01,peer-scaling-2025-10
PEER-16-R3,16,606054,121,f64ed8ae121de78257c87bf6,2025-10-03T01:10:12+01:00,1033.5,317.2,bench-host-01,peer-scaling-2025-10
PEER-16-R3,16,606054,122,5a7299fbec80241d732e5b70,2025-10-03T01:10:13+01:00,1006.9,316.4,bench-host-01,peer-scaling-2025-10
PEER-16-R3,16,606054,123,450858628d4e68f4af56b4bd,2025-10-03T01:10:13+01:00,1006.8,328.1,bench-host-01,peer-scaling-2025-10
PEER-16-R3,16,606054,124,83ac5244bb9e6d36e1d86a1d,2025-10-03T01:10:14+01:00,936.7,316.8,bench-host-01,peer-scaling-2025-10
PEER-16-R3,16,606054,125,2961af5d80bb871bef91dd00,2025-10-03T01:10:15+01:00,1002.0,316.8,bench-host-01,peer-scaling-2025-10
PEER-16-R3,16,606054,126,e048d07b09f173c8e45fecbd,2025-10-03T01:10:15+01:00,1006.3,318.2,bench-host-01,peer-scaling-2025-10
PEER-16-R3,16,606054,127,f8728f208cde931094e98db2,2025-10-03T01:10:16+01:00,1016.5,316.3,bench-host-01,peer-scaling-2025-10
PEER-16-R3,16,606054,128,5a415cb2145656939f831335,2025-10-03T01:10:16+01:00,1000.5,326.8,bench-host-01,peer-scaling-2025-10
PEER-16-R3,16,606054,129,d795962233ca0f1267230c99,2025-10-03T01:10:17+01:00,1178.0,322.8,bench-host-01,peer-scaling-2025-10
PEER-32-R3,32,160147,0,b18c7e05463ac2010cdc263b,2025-10-03T06:10:17+01:00,815.3,315.9,bench-host-01,peer-scaling-2025-10
PEER-32-R3,32,160147,1,62b1ab4d480108c3f372238f,2025-10-03T06:10:18+01:00,808.8,324.4,bench-host-01,peer-scaling-2025-10
PEER-32-R3,32,160147,2,56fb8d18d2390aeb2bd29158,2025-10-03T06:10:18+01:00,790.0,316.0,bench-host-01,peer-scaling-2025-10
PEER-32-R3,32,160147,3,89a905ff11fc90ad9eeca3ef,2025-10-03T06:10:18+01:00,853.0,325.9,bench-host-01,peer-scaling-2025-10
PEER-32-R3,32,160147,4,3ccc44f38121c94916aca28d,2025-10-03T06:10:19+01:00,890.1,316.4,bench-host-01,peer-scaling-2025-10
PEER-32-R3,32,160147,5,2c1e762502b4e86d1234fda4,2025-10-03T06:10:19+01:00,722.0,317.8,bench-host-01,peer-scaling-2025-10
PEER-32-R3,32,160147,6,42e0f8303f087e20e4f2cc2d,2025-10-03T06:10:20+01:00,856.7,323.7,bench-host-01,peer-scaling-2025-10
PEER-32-R3,32,160147,7,c34313291f9d4a69b2044831,2025-10-03T06:10:20+01:00,779.6,323.1,bench-host-01,peer-scaling-2025-10
PEER-32-R3,32,160147,8,8ce6a2720fe33f9e564537ba,2025-10-03T06:10:20+01:00,746.3,317.2,bench-host-01,peer-scaling-2025-10
PEER-32-R3,32,160147,9,455548ef56f04bf9a70c0e6d,2025-10-03T06:10:21+01:00,765.4,315.0,bench-host-01,peer-scaling-2025-10
PEER-32-R3,32,160147,10,74dfca17ee23309fa374fa3f,2025-10-03T06:10:21+01:00,859.9,326.1,bench-host-01,peer-scaling-2025-10
PEER-32-R3,32,160147,11,ccb5d3dbd2692d144a98622b,2025-10-03T06:10:22+01:00,851.9,312.1,bench-host-01,peer-scaling-2025-10
PEER-32-R3,32,160147,12,9d306eb230bbddf863a1e9bc,2025-10-03T06:10:22+01:00,818.0,307.7,bench-host-01,peer-scaling-2025-10
PEER-32-R3,32,160147,13,ec1b30a3d984c2c6ae34787e,2025-10-03T06:10:22+01:00,759.4,314.0,bench-host-01,peer-scaling-2025-10
PEER-32-R3,32,160147,14,59360c4a8c454bba10ced775,2025-10-03T06:10:23+01:00,892.3,318.3,bench-host-01,peer-scaling-2025-10
PEER-32-R3,32,160147,15,4e99b26eb0b003298c442694,2025-10-03T06:10:23+01:00,812.0,313.0,bench-host-01,peer-scaling-2025-10
PEER-32-R3,32,160147,16,a22081c45e27df6ffa0201cb,2025-10-03T06:10:24+01:00,875.2,314.8,bench-host-01,peer-scaling-2025-10
PEER-32-R3,32,160147,17,1152b9518a5dd766d1793144,2025-10-03T06:10:24+01:00,787.8,322.3,bench-host-01,peer-scaling-2025-10
PEER-32-R3,32,160148,18,45e8bc6492e5a43063a8d058,2025-10-03T06:10:24+01:00,816.1,315.4,bench-host-01,peer-scaling-2025-10
PEER-32-R3,32,160148,19,2a99f63d60e9a7c021f22180,2025-10-03T06:10:25+01:00,823.2,328.5,bench-host-01,peer-scaling-2025-10
PEER-32-R3,32,160148,20,80cb0f1a368c86cb05d14914,2025-10-03T06:10:25+01:00,896.5,320.1,bench-host-01,peer-scaling-2025-10
PEER-32-R3,32,160148,21,1b03d5063f9f2f7dbd53dc17,2025-10-03T06:10:26+01:00,798.2,305.6,bench-host-01,peer-scaling-2025-10
PEER-32-R3,32,160148,22,d462acfabf7e2560de7d8eb7,2025-10-03T06:10:26+01:00,731.4,311.7,bench-host-01,peer-scaling-2025-10
PEER-32-R3,32,160148,23,b25e5d34e4b0bbdd2e735508,2025-10-03T06:10:27+01:00,788.3,320.3,bench-host-01,peer-scaling-2025-10
PEER-32-R3,32,160148,24,a5c342e01be5a39753adcc01,2025-10-03T06:10:27+01:00,751.9,308.0,bench-host-01,peer-scaling-2025-10
PEER-32-R3,32,160148,25,7d45cb513bf8c621822f946b,2025-10-03T06:10:27+01:00,827.0,315.0,bench-host-01,peer-scaling-2025-10
PEER-32-R3,32,160148,26,98ba467f919f4edc2ec6df74,2025-10-03T06:10:28+01:00,863.8,308.8,bench-host-01,peer-scaling-2025-10
PEER-32-R3,32,160149,27,0713293b0171e8e7446a6501,2025-10-03T06:10:28+01:00,816.4,312.1,bench-host-01,peer-scaling-2025-10
PEER-32-R3,32,160150,28,46cbfa24f60b728af648b942,2025-10-03T06:10:29+01:00,771.2,320.4,bench-host-01,peer-scaling-2025-10
PEER-32-R3,32,160150,29,bc1a1863e9b1bedfe46ae106,2025-10-03T06:10:29+01:00,823.2,319.0,bench-host-01,peer-scaling-2025-10
PEER-32-R3,32,160150,30,95a9a29a9c649bebe049a5b6,2025-10-03T06:10:29+01:00,729.4,326.6,bench-host-01,peer-scaling-2025-10
PEER-32-R3,32,160150,31,65df81825387cc44f325c863,2025-10-03T06:10:30+01:00,771.2,318.7,bench-host-01,peer-scaling-2025-10
PEER-32-R3,32,160150,32,80b04130cc4b4e2166874c2d,2025-10-03T06:10:30+01:00,816.2,321.9,bench-host-01,peer-scaling-2025-10
PEER-32-R3,32,160150,33,26437cf1b8c77d91ed35551c,2025-10-03T06:10:31+01:00,768.6,317.5,bench-host-01,peer-scaling-2025-10
PEER-32-R3,32,160150,34,cacb03bf4c931f981b77819a,2025-10-03T06:10:31+01:00,809.4,319.4,bench-host-01,peer-scaling-2025-10
PEER-32-R3,32,160150,35,5a1e115767fa4e09f1f84c2f,2025-10-03T06:10:31+01:00,759.2,323.2,bench-host-01,peer-scaling-2025-10
PEER-32-R3,32,160150,36,95c020284d2425792e7f21b4,2025-10-03T06:10:32+01:00,810.8,319.8,bench-host-01,peer-scaling-2025-10
PEER-32-R3,32,160150,37,e8c9ec490a92423d10c2109e,2025-10-03T06:10:32+01:00,853.0,313.0,bench-host-01,peer-scaling-2025-10
PEER-32-R3,32,160150,38,b8fe710066b313f690afc32b,2025-10-03T06:10:33+01:00,786.8,311.5,bench-host-01,peer-scaling-2025-10
PEER-32-R3,32,160150,39,ac59206f6c8751553467c9af,2025-10-03T06:10:33+01:00,780.5,329.9,bench-host-01,peer-scaling-2025-10
PEER-32-R3,32,160150,40,a54a8f578bc73223005092f2,2025-10-03T06:10:33+01:00,724.7,319.3,bench-host-01,peer-scaling-2025-10
PEER-32-R3,32,160150,41,dde266c18988301d71625081,2025-10-03T06:10:34+01:00,773.4,311.7,bench-host-01,peer-scaling-2025-10
PEER-32-R3,32,160150,42,20d5075607bfbe49d1c4f886,2025-10-03T06:10:34+01:00,795.4,312.6,bench-host-01,peer-scaling-2025-10
PEER-32-R3,32,160150,43,d9eb457e0ac37bcedc68f7e5,2025-10-03T06:10:35+01:00,835.2,321.5,bench-host-01,peer-scaling-2025-10
PEER-32-R3,32,160150,44,adcd9fbf71553d136aef7571,2025-10-03T06:10:35+01:00,730.2,309.7,bench-host-01,peer-scaling-2025-10
PEER-32-R3,32,160150,45,fef2995b46ea41b1a019a765,2025-10-03T06:10:35+01:00,797.1,324.2,bench-host-01,peer-scaling-2025-10
PEER-32-R3,32,160150,46,11f5aa59579659d5b5493887,2025-10-03T06:10:36+01:00,843.7,315.2,bench-host-01,peer-scaling-2025-10
PEER-32-R3,32,160150,47,f7bae43d7475960b8be63b55,2025-10-03T06:10:36+01:00,831.2,322.0,bench-host-01,peer-scaling-2025-10
PEER-32-R3,32,160150,48,c7f877703543153e682f5e02,2025-10-03T06:10:37+01:00,777.3,322.5,bench-host-01,peer-scaling-2025-10
PEER-32-R3,32,160150,49,b75ebdaa744d7e116769c8ef,2025-10-03T06:10:37+01:00,805.3,318.0,bench-host-01,peer-scaling-2025-10
PEER-32-R3,32,160150,50,b8d76cd191fddb9a726aa7eb,2025-10-03T06:10:37+01:00,946.7,322.5,bench-host-01,peer-scaling-2025-10
PEER-32-R3,32,160150,51,d68b08c008569ea306578223,2025-10-03T06:10:38+01:00,858.5,316.8,bench-host-01,peer-scaling-2025-10
PEER-32-R3,32,160150,52,1040c2e43ab08c7d53f86957,2025-10-03T06:10:38+01:00,890.2,315.4,bench-host-01,peer-scaling-2025-10
PEER-32-R3,32,160150,53,85821ab1319cbca079b98285,2025-10-03T06:10:39+01:00,743.0,316.6,bench-host-01,peer-scaling-2025-10
PEER-32-R3,32,160150,54,bb20a5f906ce94c2b5e6cfe7,2025-10-03T06:10:39+01:00,843.3,315.9,bench-host-01,peer-scaling-2025-10
PEER-32-R3,32,160151,55,010513a56dc6676eb83140cf,2025-10-03T06:10:40+01:00,877.4,323.1,bench-host-01,peer-scaling-2025-10
PEER-32-R3,32,160151,56,2df670877bb303a8a555869e,2025-10-03T06:10:40+01:00,758.3,311.1,bench-host-01,peer-scaling-2025-10
PEER-32-R3,32,160151,57,bc73b7a36dd7bbd140a37079,2025-10-03T06:10:40+01:00,805.1,321.9,bench-host-01,peer-scaling-2025-10
PEER-32-R3,32,160151,58,95f15e9248a1ab89e3c3eb87,2025-10-03T06:10:41+01:00,752.8,326.4,bench-host-01,peer-scaling-2025-10
PEER-32-R3,32,160151,59,a3f8001cdfb9a559f2ce28b0,2025-10-03T06:10:41+01:00,745.5,320.6,bench-host-01,peer-scaling-2025-10
PEER-32-R3,32,160152,60,798e52cdd256bb116e175f2d,2025-10-03T06:10:42+01:00,873.6,311.3,bench-host-01,peer-scaling-2025-10
PEER-32-R3,32,160152,61,eb504c12f549e0203d9a10c1,2025-10-03T06:10:42+01:00,738.6,318.2,bench-host-01,peer-scaling-2025-10
PEER-32-R3,32,160152,62,736dec72dd96a6f05bf593b8,2025-10-03T06:10:42+01:00,793.1,323.8,bench-host-01,peer-scaling-2025-10
PEER-32-R3,32,160152,63,9d070173008aeff56c08a4b3,2025-10-03T06:10:43+01:00,773.2,311.7,bench-host-01,peer-scaling-2025-10
PEER-32-R3,32,160152,64,49d38d9e34862e120d7b8223,2025-10-03T06:10:43+01:00,803.8,317.5,bench-host-01,peer-scaling-2025-10
PEER-32-R3,32,160152,65,984fc62a74878449b4f00dd6,2025-10-03T06:10:44+01:00,794.3,313.5,bench-host-01,peer-scaling-2025-10
PEER-32-R3,32,160152,66,bd1f4d3150079647bcb692ac,2025-10-03T06:10:44+01:00,798.6,319.0,bench-host-01,peer-scaling-2025-10
PEER-32-R3,32,160152,67,fbd7dc8dcd34298c42a32dc2,2025-10-03T06:10:44+01:00,853.2,324.9,bench-host-01,peer-scaling-2025-10
PEER-32-R3,32,160152,68,1913c9d84ab99c133fbd9411,2025-10-03T06:10:45+01:00,841.3,316.2,bench-host-01,peer-scaling-2025-10
PEER-32-R3,32,160152,69,4a551eec6131a7d5132fc106,2025-10-03T06:10:45+01:00,733.3,316.9,bench-host-01,peer-scaling-2025-10
PEER-32-R3,32,160153,70,c8e624076191fd7932fd94b2,2025-10-03T06:10:46+01:00,868.6,310.4,bench-host-01,peer-scaling-2025-10
PEER-32-R3,32,160153,71,4334749e00a8ba2a563cfa06,2025-10-03T06:10:46+01:00,784.5,324.3,bench-host-01,peer-scaling-2025-10
PEER-32-R3,32,160153,72,839c5e6fab47ff60e6174c65,2025-10-03T06:10:46+01:00,765.3,316.9,bench-host-01,peer-scaling-2025-10
PEER-32-R3,32,160153,73,f253bb437225ac5b2b218ae8,2025-10-03T06:10:47+01:00,782.9,314.4,bench-host-01,peer-scaling-2025-10
PEER-32-R3,32,160153,74,5713be7fb150356460faa04d,2025-10-03T06:10:47+01:00,776.8,321.0,bench-host-01,peer-scaling-2025-10
PEER-32-R3,32,160153,75,b2e1dcfaba4d485fdb91554a,2025-10-03T06:10:48+01:00,778.8,313.8,bench-host-01,peer-scaling-2025-10
PEER-32-R3,32,160153,76,3cf16de0059215abc6af7ae5,2025-10-03T06:10:48+01:00,772.2,316.2,bench-host-01,peer-scaling-2025-10
PEER-32-R3,32,160153,77,6d29f622838be9323f900178,2025-10-03T06:10:48+01:00,790.1,320.2,bench-host-01,peer-scaling-2025-10
PEER-32-R3,32,160153,78,462ac42af7f8e67071c9ff26,2025-10-03T06:10:49+01:00,837.1,317.3,bench-host-01,peer-scaling-2025-10
PEER-32-R3,32,160153,79,5152908d0084359ae6d794d4,2025-10-03T06:10:49+01:00,843.5,315.1,bench-host-01,peer-scaling-2025-10
PEER-32-R3,32,160153,80,e46c2da48c16cbdbbb5699d0,2025-10-03T06:10:50+01:00,872.2,318.8,bench-host-01,peer-scaling-2025-10
PEER-32-R3,32,160154,81,62c91d074ffcd969792c48c3,2025-10-03T06:10:50+01:00,857.3,313.9,bench-host-01,peer-scaling-2025-10
PEER-32-R3,32,160154,82,39e57b4aeaf1d7e0a0b17079,2025-10-03T06:10:50+01:00,852.9,317.0,bench-host-01,peer-scaling-2025-10
PEER-32-R3,32,160154,83,fd499438934dbae72b0e1f5d,2025-10-03T06:10:51+01:00,748.1,321.4,bench-host-01,peer-scaling-2025-10
PEER-32-R3,32,160155,84,85803a1dbbfd53c204d45856,2025-10-03T06:10:51+01:00,783.6,314.5,bench-host-01,peer-scaling-2025-10
PEER-32-R3,32,160155,85,89186aea2f57c85dffcb14d4,2025-10-03T06:10:52+01:00,885.9,317.2,bench-host-01,peer-scaling-2025-10
PEER-32-R3,32,160155,86,d4174148934e92a4ea8b06df,2025-10-03T06:10:52+01:00,862.1,317.6,bench-host-01,peer-scaling-2025-10
PEER-32-R3,32,160155,87,77439e8ae393e1f6921cbfe3,2025-10-03T06:10:53+01:00,905.2,319.4,bench-host-01,peer-scaling-2025-10
PEER-32-R3,32,160156,88,ae4444615d1b39b5fb60c278,2025-10-03T06:10:53+01:00,830.1,316.3,bench-host-01,peer-scaling-2025-10
PEER-32-R3,32,160156,89,6d34d7f12ff597f04d7bb0eb,2025-10-03T06:10:53+01:00,860.2,316.1,bench-host-01,peer-scaling-2025-10
PEER-32-R3,32,160156,90,05f91de078f2b6743ad1a1e2,2025-10-03T06:10:54+01:00,849.2,315.0,bench-host-01,peer-scaling-2025-10
PEER-32-R3,32,160156,91,ea062f35dcc8533d792f1fcc,2025-10-03T06:10:54+01:00,826.7,316.4,bench-host-01,peer-scaling-2025-10
PEER-32-R3,32,160156,92,eb0b98e6237de8c77da894ed,2025-10-03T06:10:55+01:00,839.1,325.9,bench-host-01,peer-scaling-2025-10
PEER-32-R3,32,160156,93,b564f3dee467cd5c789572de,2025-10-03T06:10:55+01:00,878.7,316.9,bench-host-01,peer-scaling-2025-10
PEER-32-R3,32,160156,94,98feb61c953944a1ed644882,2025-10-03T06:10:55+01:00,841.3,318.8,bench-host-01,peer-scaling-2025-10
PEER-32-R3,32,160156,95,db56068fbe3f411526dfd1d6,2025-10-03T06:10:56+01:00,787.1,319.3,bench-host-01,peer-scaling-2025-10
PEER-32-R3,32,160157,96,5f9f1229a83cf320013c86d4,2025-10-03T06:10:56+01:00,767.0,311.6,bench-host-01,peer-scaling-2025-10
PEER-32-R3,32,160157,97,5efacd59775e7bebe11737d8,2025-10-03T06:10:57+01:00,842.9,318.6,bench-host-01,peer-scaling-2025-10
PEER-32-R3,32,160157,98,fedaa7b8f87a2c098a4089f1,2025-10-03T06:10:57+01:00,719.7,312.9,bench-host-01,peer-scaling-2025-10
PEER-32-R3,32,160157,99,e7b12cd14bc3368f331c82d3,2025-10-03T06:10:57+01:00,857.0,317.0,bench-host-01,peer-scaling-2025-10
PEER-32-R3,32,160157,100,7d7ec216dd460ea45c274f02,2025-10-03T06:10:58+01:00,868.4,306.1,bench-host-01,peer-scaling-2025-10
PEER-32-R3,32,160157,101,22e7f725c9fd4cfb96f4bdd7,2025-10-03T06:10:58+01:00,786.6,310.7,bench-host-01,peer-scaling-2025-10
PEER-32-R3,32,160157,102,5efe33ce19baa295f7c5a5da,2025-10-03T06:10:59+01:00,800.5,315.7,bench-host-01,peer-scaling-2025-10
PEER-32-R3,32,160157,103,623f0178c24e72f66f2dd7e8,2025-10-03T06:10:59+01:00,914.6,314.8,bench-host-01,peer-scaling-2025-10
PEER-32-R3,32,160158,104,5b9c3088801e68dea5279033,2025-10-03T06:10:59+01:00,792.9,322.1,bench-host-01,peer-scaling-2025-10
PEER-32-R3,32,160158,105,32a8fc0356f95dda2f72f6e1,2025-10-03T06:11:00+01:00,733.7,326.2,bench-host-01,peer-scaling-2025-10
PEER-32-R3,32,160158,106,3fb7ce0c2f4f4d6a9904b923,2025-10-03T06:11:00+01:00,821.8,315.0,bench-host-01,peer-scaling-2025-10
PEER-32-R3,32,160158,107,43a4a77d17167689978a0c6e,2025-10-03T06:11:01+01:00,776.3,323.3,bench-host-01,peer-scaling-2025-10
PEER-32-R3,32,160158,108,9dc954abe03e32c524557a6c,2025-10-03T06:11:01+01:00,788.4,308.9,bench-host-01,peer-scaling-2025-10
PEER-32-R3,32,160158,109,a5505e795292654fc475b96f,2025-10-03T06:11:01+01:00,866.4,323.0,bench-host-01,peer-scaling-2025-10
PEER-32-R3,32,160158,110,995ba738dbf37027801987ad,2025-10-03T06:11:02+01:00,798.4,311.2,bench-host-01,peer-scaling-2025-10
PEER-32-R3,32,160158,111,692491ace7c6cf99f9aaeb68,2025-10-03T06:11:02+01:00,775.9,330.7,bench-host-01,peer-scaling-2025-10
PEER-32-R3,32,160158,112,5a410ae56e2f6a3313f38490,2025-10-03T06:11:03+01:00,930.4,324.7,bench-host-01,peer-scaling-2025-10
PEER-32-R3,32,160158,113,0edfa8f21baa50e8b5884bb3,2025-10-03T06:11:03+01:00,780.0,328.8,bench-host-01,peer-scaling-2025-10
PEER-32-R3,32,160158,114,f74cf53f606f71bab1e8fc44,2025-10-03T06:11:03+01:00,853.6,314.9,bench-host-01,peer-scaling-2025-10
PEER-32-R3,32,160158,115,9b79c6c5877fe49b78a46497,2025-10-03T06:11:04+01:00,760.6,319.3,bench-host-01,peer-scaling-2025-10
PEER-32-R3,32,160158,116,5af9e4c437ec071bc22674e3,2025-10-03T06:11:04+01:00,828.8,317.0,bench-host-01,peer-scaling-2025-10
PEER-32-R3,32,160158,117,5ad547d12f108e77d08db69b,2025-10-03T06:11:05+01:00,818.5,320.6,bench-host-01,peer-scaling-2025-10
PEER-32-R3,32,160158,118,d008a38ff1a4965f8003ebe5,2025-10-03T06:11:05+01:00,877.1,317.8,bench-host-01,peer-scaling-2025-10
PEER-32-R3,32,160158,119,e31088b4a17becec393d1533,2025-10-03T06:11:05+01:00,847.9,317.9,bench-host-01,peer-scaling-2025-10
PEER-32-R3,32,160159,120,f3f228fe3a337fbc948efd91,2025-10-03T06:11:06+01:00,785.0,318.8,bench-host-01,peer-scaling-2025-10
PEER-32-R3,32,160159,121,dc60d4d975020212f52e5cdb,2025-10-03T06:11:06+01:00,781.7,311.1,bench-host-01,peer-scaling-2025-10
PEER-32-R3,32,160159,122,71dc3a85de2174e9ef941abd,2025-10-03T06:11:07+01:00,752.2,322.7,bench-host-01,peer-scaling-2025-10
PEER-32-R3,32,160159,123,bd8a604a0fee55fcf1387b27,2025-10-03T06:11:07+01:00,750.5,324.0,bench-host-01,peer-scaling-2025-10
PEER-32-R3,32,160159,124,d9774bec8b62c6a57ea65f23,2025-10-03T06:11:08+01:00,787.3,317.2,bench-host-01,peer-scaling-2025-10
PEER-32-R3,32,160159,125,123b71d5bfeaa6a17aeae5b8,2025-10-03T06:11:08+01:00,770.4,319.6,bench-host-01,peer-scaling-2025-10
PEER-32-R3,32,160159,126,9f0c9c7e26ec617e6ee4e362,2025-10-03T06:11:08+01:00,824.3,318.4,bench-host-01,peer-scaling-2025-10
PEER-32-R3,32,160159,127,79565fdce56fa61bf341cf6b,2025-10-03T06:11:09+01:00,818.7,317.5,bench-host-01,peer-scaling-2025-10
PEER-32-R3,32,160159,128,601583f819ab6be0ba130916,2025-10-03T06:11:09+01:00,806.0,323.4,bench-host-01,peer-scaling-2025-10
PEER-32-R3,32,160159,129,f1d9a38b4b7bc673cc87c022,2025-10-03T06:11:10+01:00,747.6,315.8,bench-host-01,peer-scaling-2025-10
PEER-04-R3,4,390280,0,d841d97a108f804f4bcdd965,2025-10-03T11:11:10+01:00,1241.6,318.7,bench-host-01,peer-scaling-2025-10
PEER-04-R3,4,390280,1,8a805036bd9e79b37c2cd025,2025-10-03T11:11:11+01:00,1201.2,324.9,bench-host-01,peer-scaling-2025-10
PEER-04-R3,4,390280,2,654800edc0d44dae24385688,2025-10-03T11:11:11+01:00,1252.9,318.3,bench-host-01,peer-scaling-2025-10
PEER-04-R3,4,390280,3,e95b35cf77e69f613e7facb7,2025-10-03T11:11:12+01:00,1190.3,323.3,bench-host-01,peer-scaling-2025-10
PEER-04-R3,4,390280,4,b12bc5fc9ed94a73f0a92e95,2025-10-03T11:11:12+01:00,1236.7,322.5,bench-host-01,peer-scaling-2025-10
PEER-04-R3,4,390280,5,0c6b22c17d94bc71320cce83,2025-10-03T11:11:13+01:00,1237.2,325.4,bench-host-01,peer-scaling-2025-10
PEER-04-R3,4,390280,6,a5b9be86a97f60c9d31df65a,2025-10-03T11:11:14+01:00,1151.1,314.6,bench-host-01,peer-scaling-2025-10
PEER-04-R3,4,390280,7,b2e2808c0a0925148f7ee28f,2025-10-03T11:11:14+01:00,1235.0,325.5,bench-host-01,peer-scaling-2025-10
PEER-04-R3,4,390280,8,06fd57921f5271791ad61b08,2025-10-03T11:11:15+01:00,1161.0,307.6,bench-host-01,peer-scaling-2025-10
PEER-04-R3,4,390280,9,2055c5309ac3d9037214312a,2025-10-03T11:11:15+01:00,1221.7,312.3,bench-host-01,peer-scaling-2025-10
PEER-04-R3,4,390280,10,027e22cd05771926f4706722,2025-10-03T11:11:16+01:00,1144.7,328.0,bench-host-01,peer-scaling-2025-10
PEER-04-R3,4,390280,11,be48f5541998d491f9d2a705,2025-10-03T11:11:17+01:00,1299.4,319.4,bench-host-01,peer-scaling-2025-10
PEER-04-R3,4,390280,12,a7b59c701d4852b1d2ce7581,2025-10-03T11:11:17+01:00,1180.5,321.7,bench-host-01,peer-scaling-2025-10
PEER-04-R3,4,390280,13,23f6bf47b8ebc2ae4a22de7b,2025-10-03T11:11:18+01:00,1251.4,326.4,bench-host-01,peer-scaling-2025-10
PEER-04-R3,4,390280,14,8f156839ae1ff58b56aa1d1b,2025-10-03T11:11:18+01:00,1101.1,319.2,bench-host-01,peer-scaling-2025-10
PEER-04-R3,4,390280,15,fe6955cc086327c05858995d,2025-10-03T11:11:19+01:00,1289.4,317.6,bench-host-01,peer-scaling-2025-10
PEER-04-R3,4,390281,16,2fb997144c78324492f581e7,2025-10-03T11:11:20+01:00,1100.6,320.4,bench-host-01,peer-scaling-2025-10
PEER-04-R3,4,390281,17,d0de44fbd2561cf9c4c6b840,2025-10-03T11:11:20+01:00,1173.5,325.7,bench-host-01,peer-scaling-2025-10
PEER-04-R3,4,390281,18,397ca78f91a0ef55e8bdb33f,2025-10-03T11:11:21+01:00,1186.1,322.7,bench-host-01,peer-scaling-2025-10
PEER-04-R3,4,390281,19,a040cd63c2971858faa5ce89,2025-10-03T11:11:21+01:00,1203.7,318.5,bench-host-01,peer-scaling-2025-10
PEER-04-R3,4,390281,20,6bd2030a466a28dd0c83c999,2025-10-03T11:11:22+01:00,1186.0,319.3,bench-host-01,peer-scaling-2025-10
PEER-04-R3,4,390281,21,68ebd3a61bab135582528a2b,2025-10-03T11:11:23+01:00,1154.8,318.4,bench-host-01,peer-scaling-2025-10
PEER-04-R3,4,390282,22,b801ded5703d06a1fbb4a7d0,2025-10-03T11:11:23+01:00,1250.3,314.2,bench-host-01,peer-scaling-2025-10
PEER-04-R3,4,390282,23,a0469b96d31fa770f4d42124,2025-10-03T11:11:24+01:00,1094.9,318.6,bench-host-01,peer-scaling-2025-10
PEER-04-R3,4,390282,24,f0230e3bff3f2fb93f059fff,2025-10-03T11:11:24+01:00,1151.0,322.8,bench-host-01,peer-scaling-2025-10
PEER-04-R3,4,390282,25,7d08adaccf456482c873b3c5,2025-10-03T11:11:25+01:00,1101.3,323.4,bench-host-01,peer-scaling-2025-10
PEER-04-R3,4,390282,26,fdcdb684a7841f3579dd5701,2025-10-03T11:11:26+01:00,1135.6,311.3,bench-host-01,peer-scaling-2025-10
PEER-04-R3,4,390282,27,f134277f43683b8663321c9c,2025-10-03T11:11:26+01:00,1159.8,323.1,bench-host-01,peer-scaling-2025-10
PEER-04-R3,4,390283,28,c047a925cb61bf9fc95ca524,2025-10-03T11:11:27+01:00,1150.4,325.7,bench-host-01,peer-scaling-2025-10
PEER-04-R3,4,390283,29,3a3149843ca0d2b7df349e42,2025-10-03T11:11:27+01:00,1255.4,321.5,bench-host-01,peer-scaling-2025-10
PEER-04-R3,4,390284,30,cc76c8b7c9505ce35630a8b1,2025-10-03T11:11:28+01:00,1142.0,321.2,bench-host-01,peer-scaling-2025-10
PEER-04-R3,4,390284,31,7ab16bf710c59d94eac09bcd,2025-10-03T11:11:29+01:00,1257.6,318.2,bench-host-01,peer-scaling-2025-10
PEER-04-R3,4,390284,32,1e15321ad48f8ac72bc39415,2025-10-03T11:11:29+01:00,1202.6,313.5,bench-host-01,peer-scaling-2025-10
PEER-04-R3,4,390284,33,abece5e9f82c23c8b2efd33f,2025-10-03T11:11:30+01:00,1106.8,330.7,bench-host-01,peer-scaling-2025-10
PEER-04-R3,4,390284,34,955e68ec895a53c361bfda31,2025-10-03T11:11:30+01:00,1239.6,325.8,bench-host-01,peer-scaling-2025-10
PEER-04-R3,4,390284,35,d0c5fa6ee9f7a6ce516261b8,2025-10-03T11:11:31+01:00,1208.9,325.4,bench-host-01,peer-scaling-2025-10
PEER-04-R3,4,390284,36,65cac3b73afb16bf9b2b62ff,2025-10-03T11:11:32+01:00,1238.7,323.4,bench-host-01,peer-scaling-2025-10
PEER-04-R3,4,390284,37,cc2da68c114bc878b22fae70,2025-10-03T11:11:32+01:00,1185.7,318.8,bench-host-01,peer-scaling-2025-10
PEER-04-R3,4,390284,38,4edd8b0f1408862faa596914,2025-10-03T11:11:33+01:00,1194.4,313.6,bench-host-01,peer-scaling-2025-10
PEER-04-R3,4,390284,39,66e8691e9d7ceda8dc2dfda2,2025-10-03T11:11:33+01:00,1285.6,321.4,bench-host-01,peer-scaling-2025-10
PEER-04-R3,4,390284,40,328c33eeb01d53ec3ce907a7,2025-10-03T11:11:34+01:00,1121.4,323.3,bench-host-01,peer-scaling-2025-10
PEER-04-R3,4,390284,41,705a784aa485144e0384d603,2025-10-03T11:11:35+01:00,1212.2,329.3,bench-host-01,peer-scaling-2025-10
PEER-04-R3,4,390284,42,f8f56c0d2e198083d552c3fa,2025-10-03T11:11:35+01:00,1212.9,323.4,bench-host-01,peer-scaling-2025-10
PEER-04-R3,4,390284,43,d5d298509466548f9d92b864,2025-10-03T11:11:36+01:00,1321.6,320.6,bench-host-01,peer-scaling-2025-10
PEER-04-R3,4,390284,44,bfd6b31fec4df710e5cb5a00,2025-10-03T11:11:36+01:00,1196.7,320.2,bench-host-01,peer-scaling-2025-10
PEER-04-R3,4,390284,45,87bfd62ac630b04b38ace9bb,2025-10-03T11:11:37+01:00,1163.6,314.2,bench-host-01,peer-scaling-2025-10
PEER-04-R3,4,390284,46,d103b204cc458c6465f09214,2025-10-03T11:11:38+01:00,1109.3,320.2,bench-host-01,peer-scaling-2025-10
PEER-04-R3,4,390284,47,ba273d01dfe2bccc1f59d540,2025-10-03T11:11:38+01:00,1165.6,311.8,bench-host-01,peer-scaling-2025-10
PEER-04-R3,4,390284,48,cb5ea47b85890c6f1b26ec09,2025-10-03T11:11:39+01:00,1233.6,320.8,bench-host-01,peer-scaling-2025-10
PEER-04-R3,4,390284,49,7c975f29507b3ed5be5914d6,2025-10-03T11:11:39+01:00,1282.8,315.1,bench-host-01,peer-scaling-2025-10
PEER-04-R3,4,390284,50,1f0d2e65fec463bc537c3590,2025-10-03T11:11:40+01:00,1275.4,325.2,bench-host-01,peer-scaling-2025-10
PEER-04-R3,4,390284,51,20d73e76873d0ea30ab1fc85,2025-10-03T11:11:41+01:00,1223.1,325.6,bench-host-01,peer-scaling-2025-10
PEER-04-R3,4,390285,52,15a38bd4310fcdfbe5806525,2025-10-03T11:11:41+01:00,1231.0,313.3,bench-host-01,peer-scaling-2025-10
PEER-04-R3,4,390285,53,2bf8006e44d525692d925a7a,2025-10-03T11:11:42+01:00,1213.1,322.3,bench-host-01,peer-scaling-2025-10
PEER-04-R3,4,390285,54,c6fbe6f4499a03de6cb34573,2025-10-03T11:11:42+01:00,1200.1,328.6,bench-host-01,peer-scaling-2025-10
PEER-04-R3,4,390285,55,87f090d3e6af9579f77ea141,2025-10-03T11:11:43+01:00,1231.7,318.7,bench-host-01,peer-scaling-2025-10
PEER-04-R3,4,390286,56,286626cdf17fe6532be4ad1b,2025-10-03T11:11:44+01:00,1261.1,320.8,bench-host-01,peer-scaling-2025-10
PEER-04-R3,4,390286,57,556a4ba94f92990ac6f28428,2025-10-03T11:11:44+01:00,1220.4,323.2,bench-host-01,peer-scaling-2025-10
PEER-04-R3,4,390286,58,82c6f68ad410292807220ebe,2025-10-03T11:11:45+01:00,1271.5,314.4,bench-host-01,peer-scaling-2025-10
PEER-04-R3,4,390286,59,1f8332b3a3369a0370fed847,2025-10-03T11:11:45+01:00,1179.3,321.5,bench-host-01,peer-scaling-2025-10
PEER-04-R3,4,390286,60,6128ba9e290c7e00ce2169ec,2025-10-03T11:11:46+01:00,1155.7,322.3,bench-host-01,peer-scaling-2025-10
PEER-04-R3,4,390286,61,7dba0b92322037d8e581038d,2025-10-03T11:11:47+01:00,1279.3,318.9,bench-host-01,peer-scaling-2025-10
PEER-04-R3,4,390286,62,77035575063bb34fbee6d945,2025-10-03T11:11:47+01:00,1307.8,314.9,bench-host-01,peer-scaling-2025-10
PEER-04-R3,4,390286,63,da9ef41fbd34cb1908a1233c,2025-10-03T11:11:48+01:00,1252.8,320.2,bench-host-01,peer-scaling-2025-10
PEER-04-R3,4,390286,64,141c454a24067b1246b8f43d,2025-10-03T11:11:49+01:00,1186.1,324.5,bench-host-01,peer-scaling-2025-10
PEER-04-R3,4,390286,65,3d831dc70f3b05373c6571c8,2025-10-03T11:11:49+01:00,1281.0,322.2,bench-host-01,peer-scaling-2025-10
PEER-04-R3,4,390286,66,046d039e71fc0b21f092e4e5,2025-10-03T11:11:50+01:00,1266.8,319.4,bench-host-01,peer-scaling-2025-10
PEER-04-R3,4,390286,67,61d661c4118be9078a1eff50,2025-10-03T11:11:50+01:00,1277.7,320.7,bench-host-01,peer-scaling-2025-10
PEER-04-R3,4,390286,68,fcee80806f7f30f3088b8457,2025-10-03T11:11:51+01:00,1205.3,316.7,bench-host-01,peer-scaling-2025-10
PEER-04-R3,4,390286,69,cb1d0681d16861d813d9e239,2025-10-03T11:11:52+01:00,1170.9,327.7,bench-host-01,peer-scaling-2025-10
PEER-04-R3,4,390286,70,334128fde8a2f25a1b08d8d9,2025-10-03T11:11:52+01:00,1184.6,325.4,bench-host-01,peer-scaling-2025-10
PEER-04-R3,4,390286,71,98183da182df99afb53ed956,2025-10-03T11:11:53+01:00,1263.0,323.9,bench-host-01,peer-scaling-2025-10
PEER-04-R3,4,390287,72,c739afcae55597bda1a74795,2025-10-03T11:11:53+01:00,1276.0,317.5,bench-host-01,peer-scaling-2025-10
PEER-04-R3,4,390287,73,f951b4523ddb737fc6c7a956,2025-10-03T11:11:54+01:00,1187.3,316.6,bench-host-01,peer-scaling-2025-10
PEER-04-R3,4,390287,74,ddce68f9d9da1b1da879c3e5,2025-10-03T11:11:55+01:00,1184.6,327.5,bench-host-01,peer-scaling-2025-10
PEER-04-R3,4,390287,75,2995e1614b4853cb75c39dc3,2025-10-03T11:11:55+01:00,1189.5,322.8,bench-host-01,peer-scaling-2025-10
PEER-04-R3,4,390287,76,b24dde5ee5f39de7d5f275ef,2025-10-03T11:11:56+01:00,1136.8,323.5,bench-host-01,peer-scaling-2025-10
PEER-04-R3,4,390287,77,99159d0d134a5fa5488d0356,2025-10-03T11:11:56+01:00,1216.8,325.4,bench-host-01,peer-scaling-2025-10
PEER-04-R3,4,390287,78,8dbb38045ab0987e72acdae7,2025-10-03T11:11:57+01:00,1151.5,325.9,bench-host-01,peer-scaling-2025-10
PEER-04-R3,4,390287,79,bfb7a64606a1bffcc4c47143,2025-10-03T11:11:58+01:00,1171.1,329.7,bench-host-01,peer-scaling-2025-10
PEER-04-R3,4,390287,80,91716a4f60cdb2850d7f4f54,2025-10-03T11:11:58+01:00,1114.2,329.7,bench-host-01,peer-scaling-2025-10
PEER-04-R3,4,390287,81,a78ec0cf678e6b5e77d0c549,2025-10-03T11:11:59+01:00,1224.6,325.6,bench-host-01,peer-scaling-2025-10
PEER-04-R3,4,390287,82,7f42621d3e7ea7879f09bab1,2025-10-03T11:11:59+01:00,1237.7,322.3,bench-host-01,peer-scaling-2025-10
PEER-04-R3,4,390287,83,05a660f7ba2af035b66713d8,2025-10-03T11:12:00+01:00,1176.3,324.0,bench-host-01,peer-scaling-2025-10
PEER-04-R3,4,390287,84,be7515f5d3242499b50c0e6a,2025-10-03T11:12:01+01:00,1209.5,319.8,bench-host-01,peer-scaling-2025-10
PEER-04-R3,4,390287,85,f4e842cf347eb7120f70870c,2025-10-03T11:12:01+01:00,1252.5,318.3,bench-host-01,peer-scaling-2025-10
PEER-04-R3,4,390287,86,6a21de0fe9c0a64877a07f7d,2025-10-03T11:12:02+01:00,1237.2,321.1,bench-host-01,peer-scaling-2025-10
PEER-04-R3,4,390287,87,aabf0068a87a7a42bcd9aa7e,2025-10-03T11:12:02+01:00,1219.5,319.6,bench-host-01,peer-scaling-2025-10
PEER-04-R3,4,390288,88,b7b834721e5eb3b0daec710d,2025-10-03T11:12:03+01:00,1087.5,321.0,bench-host-01,peer-scaling-2025-10
PEER-04-R3,4,390288,89,15883b3ec5a8283f315a2415,2025-10-03T11:12:04+01:00,1169.7,327.9,bench-host-01,peer-scaling-2025-10
PEER-04-R3,4,390289,90,51ba9f54d183561e131217be,2025-10-03T11:12:04+01:00,1151.8,318.7,bench-host-01,peer-scaling-2025-10
PEER-04-R3,4,390289,91,a855a6f7bc51f2905ceb5bd0,2025-10-03T11:12:05+01:00,1150.5,319.8,bench-host-01,peer-scaling-2025-10
PEER-04-R3,4,390289,92,0f50d99afece15761adf5175,2025-10-03T11:12:05+01:00,1184.6,327.0,bench-host-01,peer-scaling-2025-10
PEER-04-R3,4,390289,93,6bc60e812582b880bd71dc9c,2025-10-03T11:12:06+01:00,1252.5,320.8,bench-host-01,peer-scaling-2025-10
PEER-04-R3,4,390289,94,8e0bb8ca2bbdc2a67785a338,2025-10-03T11:12:07+01:00,1171.2,325.4,bench-host-01,peer-scaling-2025-10
PEER-04-R3,4,390289,95,ed48c43b03b564fa8eabfea2,2025-10-03T11:12:07+01:00,1292.9,315.5,bench-host-01,peer-scaling-2025-10
PEER-04-R3,4,390289,96,94e8a0246cfa51ff5ed68012,2025-10-03T11:12:08+01:00,1168.7,330.9,bench-host-01,peer-scaling-2025-10
PEER-04-R3,4,390289,97,fb4c1b28720962ac53225821,2025-10-03T11:12:08+01:00,1215.8,324.5,bench-host-01,peer-scaling-2025-10
PEER-04-R3,4,390289,98,0c6af56fd65798a2f971e9ba,2025-10-03T11:12:09+01:00,1285.4,317.5,bench-host-01,peer-scaling-2025-10
PEER-04-R3,4,390289,99,f30743cfa19733d2b229dbcc,2025-10-03T11:12:10+01:00,1318.7,321.2,bench-host-01,peer-scaling-2025-10
PEER-04-R3,4,390289,100,2ad817e969c138fe6260da5c,2025-10-03T11:12:10+01:00,1213.7,323.3,bench-host-01,peer-scaling-2025-10
PEER-04-R3,4,390289,101,14d1acb4fc09ad46eebe80f6,2025-10-03T11:12:11+01:00,1156.2,320.5,bench-host-01,peer-scaling-2025-10
PEER-04-R3,4,390289,102,36232956a6e4ef29561a1ca6,2025-10-03T11:12:11+01:00,1172.5,333.5,bench-host-01,peer-scaling-2025-10
PEER-04-R3,4,390289,103,ba0c5c98b8a1b97f74ca6188,2025-10-03T11:12:12+01:00,1212.1,315.6,bench-host-01,peer-scaling-2025-10
PEER-04-R3,4,390290,104,38ba5438eb0f0ca7f2b00d58,2025-10-03T11:12:13+01:00,1123.2,330.9,bench-host-01,peer-scaling-2025-10
PEER-04-R3,4,390290,105,bb2d6f1e499901ba76e82050,2025-10-03T11:12:13+01:00,1265.8,328.3,bench-host-01,peer-scaling-2025-10
PEER-04-R3,4,390290,106,edb42b7f9437aaaaa01862ed,2025-10-03T11:12:14+01:00,1316.0,329.8,bench-host-01,peer-scaling-2025-10
PEER-04-R3,4,390290,107,73d47769fc64f5b15a05855c,2025-10-03T11:12:14+01:00,1073.2,322.4,bench-host-01,peer-scaling-2025-10
PEER-04-R3,4,390290,108,a261c2664db70e3bd5055297,2025-10-03T11:12:15+01:00,1137.6,318.4,bench-host-01,peer-scaling-2025-10
PEER-04-R3,4,390290,109,3848f03a22fbe6d52d0c44b2,2025-10-03T11:12:16+01:00,1161.1,319.9,bench-host-01,peer-scaling-2025-10
PEER-04-R3,4,390290,110,deefe92d0896f66e37410909,2025-10-03T11:12:16+01:00,1242.8,324.1,bench-host-01,peer-scaling-2025-10
PEER-04-R3,4,390290,111,e5c5cedf39d5d4693cffc802,2025-10-03T11:12:17+01:00,1263.8,319.9,bench-host-01,peer-scaling-2025-10
PEER-04-R3,4,390290,112,841d8d24a3f5d34e9ff5d27d,2025-10-03T11:12:17+01:00,1253.9,316.8,bench-host-01,peer-scaling-2025-10
PEER-04-R3,4,390290,113,fb43562269a3d4616136e7d4,2025-10-03T11:12:18+01:00,1264.3,324.9,bench-host-01,peer-scaling-2025-10
PEER-04-R3,4,390290,114,2da3de145899e5773da8fc95,2025-10-03T11:12:19+01:00,1204.6,329.7,bench-host-01,peer-scaling-2025-10
PEER-04-R3,4,390290,115,05e04048f1315aca496834c8,2025-10-03T11:12:19+01:00,1198.0,324.6,bench-host-01,peer-scaling-2025-10
PEER-04-R3,4,390290,116,af5d792e8880867b8f3292b9,2025-10-03T11:12:20+01:00,1295.1,309.8,bench-host-01,peer-scaling-2025-10
PEER-04-R3,4,390291,117,474d1403daafd8e14874de9e,2025-10-03T11:12:20+01:00,1175.4,330.3,bench-host-01,peer-scaling-2025-10
PEER-04-R3,4,390291,118,169235130ff73d7e1fd5c61b,2025-10-03T11:12:21+01:00,1200.2,320.1,bench-host-01,peer-scaling-2025-10
PEER-04-R3,4,390291,119,76c14837ac28bd69a236ee7d,2025-10-03T11:12:22+01:00,1155.6,312.0,bench-host-01,peer-scaling-2025-10
PEER-04-R3,4,390291,120,aedf239efd22d192be453fd0,2025-10-03T11:12:22+01:00,1269.5,323.9,bench-host-01,peer-scaling-2025-10
PEER-04-R3,4,390291,121,a9ef5f8c18d26931aa483813,2025-10-03T11:12:23+01:00,1201.3,316.0,bench-host-01,peer-scaling-2025-10
PEER-04-R3,4,390291,122,ef471ae1899e3b7ac2a57537,2025-10-03T11:12:23+01:00,1195.1,318.9,bench-host-01,peer-scaling-2025-10
PEER-04-R3,4,390291,123,a663798ae54ea01fc3b66cf8,2025-10-03T11:12:24+01:00,1281.4,319.9,bench-host-01,peer-scaling-2025-10
PEER-04-R3,4,390291,124,80f2fe24a60637fe03b30282,2025-10-03T11:12:25+01:00,1259.3,318.1,bench-host-01,peer-scaling-2025-10
PEER-04-R3,4,390291,125,d096e5a5b3496390141e0ef9,2025-10-03T11:12:25+01:00,1112.1,322.8,bench-host-01,peer-scaling-2025-10
PEER-04-R3,4,390291,126,da10d892b7b52a8e9068d5f8,2025-10-03T11:12:26+01:00,1094.0,326.4,bench-host-01,peer-scaling-2025-10
PEER-04-R3,4,390291,127,2cf0324ea50ffa562f80821a,2025-10-03T11:12:26+01:00,1257.4,317.5,bench-host-01,peer-scaling-2025-10
PEER-04-R3,4,390291,128,db9f21be90c30b2215ac2a19,2025-10-03T11:12:27+01:00,1233.7,330.6,bench-host-01,peer-scaling-2025-10
PEER-04-R3,4,390291,129,9194925bbd333fd7997c6d44,2025-10-03T11:12:28+01:00,1265.4,316.4,bench-host-01,peer-scaling-2025-10
PEER-08-R3,8,866213,0,cd2f36196510592a938515a5,2025-10-03T16:12:28+01:00,1061.8,319.3,bench-host-01,peer-scaling-2025-10
PEER-08-R3,8,866213,1,db6bb517f1dbb2127a89e8e0,2025-10-03T16:12:29+01:00,1085.6,314.2,bench-host-01,peer-scaling-2025-10
PEER-08-R3,8,866213,2,3cd944d451e1c9c4c3100632,2025-10-03T16:12:29+01:00,1133.4,318.7,bench-host-01,peer-scaling-2025-10
PEER-08-R3,8,866213,3,86a21e16f29af06378a03a64,2025-10-03T16:12:30+01:00,1135.6,322.6,bench-host-01,peer-scaling-2025-10
PEER-08-R3,8,866213,4,23261dacbc45fb0fcfa78bc5,2025-10-03T16:12:31+01:00,1155.3,325.7,bench-host-01,peer-scaling-2025-10
PEER-08-R3,8,866213,5,86b57262b39c7fa2ade1f56f,2025-10-03T16:12:31+01:00,1235.0,325.5,bench-host-01,peer-scaling-2025-10
PEER-08-R3,8,866213,6,ba1bada50aee25b19e347fc3,2025-10-03T16:12:32+01:00,1246.1,327.6,bench-host-01,peer-scaling-2025-10
PEER-08-R3,8,866213,7,7b89c4e51ed0ff33245d2f3c,2025-10-03T16:12:32+01:00,1156.9,325.1,bench-host-01,peer-scaling-2025-10
PEER-08-R3,8,866213,8,f866e32158bd82bcba5323c8,2025-10-03T16:12:33+01:00,1151.2,317.6,bench-host-01,peer-scaling-2025-10
PEER-08-R3,8,866213,9,42265a2427876714cd105feb,2025-10-03T16:12:33+01:00,1168.9,331.7,bench-host-01,peer-scaling-2025-10
PEER-08-R3,8,866213,10,d853ae0b2f26acf22279d712,2025-10-03T16:12:34+01:00,1220.9,322.0,bench-host-01,peer-scaling-2025-10
PEER-08-R3,8,866213,11,dd6c112c172d38ebb00f186b,2025-10-03T16:12:35+01:00,1089.0,314.0,bench-host-01,peer-scaling-2025-10
PEER-08-R3,8,866213,12,64663753bbf6368bd888b69e,2025-10-03T16:12:35+01:00,1168.8,316.0,bench-host-01,peer-scaling-2025-10
PEER-08-R3,8,866213,13,6f8bd924b967251772ff1997,2025-10-03T16:12:36+01:00,1131.0,317.4,bench-host-01,peer-scaling-2025-10
PEER-08-R3,8,866213,14,d59c642c4888a05631816cc9,2025-10-03T16:12:36+01:00,1156.9,327.7,bench-host-01,peer-scaling-2025-10
PEER-08-R3,8,866214,15,0409181d388d23bf32865e42,2025-10-03T16:12:37+01:00,1214.3,318.6,bench-host-01,peer-scaling-2025-10
PEER-08-R3,8,866214,16,bf3c85fcb54b678985233c07,2025-10-03T16:12:37+01:00,1193.9,320.3,bench-host-01,peer-scaling-2025-10
PEER-08-R3,8,866214,17,b2669c2d82e0bde4366d68c3,2025-10-03T16:12:38+01:00,1169.5,322.7,bench-host-01,peer-scaling-2025-10
PEER-08-R3,8,866214,18,4f720c93dda9d8309ad9960a,2025-10-03T16:12:39+01:00,1180.1,328.0,bench-host-01,peer-scaling-2025-10
PEER-08-R3,8,866214,19,ca267a73997cdc3715679af1,2025-10-03T16:12:39+01:00,1229.2,317.9,bench-host-01,peer-scaling-2025-10
PEER-08-R3,8,866214,20,693ae673ddb73da938a2c6de,2025-10-03T16:12:40+01:00,1159.2,316.6,bench-host-01,peer-scaling-2025-10
PEER-08-R3,8,866214,21,242ade7cfc2fbffa3317bbc5,2025-10-03T16:12:40+01:00,1126.0,322.5,bench-host-01,peer-scaling-2025-10
PEER-08-R3,8,866215,22,edabe8deabc6011eeddf4162,2025-10-03T16:12:41+01:00,1182.9,318.1,bench-host-01,peer-scaling-2025-10
PEER-08-R3,8,866215,23,5ba8b1204ba92e5de686b33f,2025-10-03T16:12:41+01:00,1118.1,323.8,bench-host-01,peer-scaling-2025-10
PEER-08-R3,8,866215,24,48901050b9e1c508150437ce,2025-10-03T16:12:42+01:00,1147.4,319.8,bench-host-01,peer-scaling-2025-10
PEER-08-R3,8,866215,25,9be451938bea7951c80e874c,2025-10-03T16:12:43+01:00,1141.3,323.0,bench-host-01,peer-scaling-2025-10
PEER-08-R3,8,866215,26,d361c08ad0b3490db2d51de6,2025-10-03T16:12:43+01:00,1204.3,314.3,bench-host-01,peer-scaling-2025-10
PEER-08-R3,8,866215,27,3753e71639a573b56e45e020,2025-10-03T16:12:44+01:00,1146.7,327.1,bench-host-01,peer-scaling-2025-10
PEER-08-R3,8,866215,28,6130bc62314d31ca6783689a,2025-10-03T16:12:44+01:00,1231.5,320.9,bench-host-01,peer-scaling-2025-10
PEER-08-R3,8,866215,29,6489be867c3f571b811b91b9,2025-10-03T16:12:45+01:00,1150.6,315.3,bench-host-01,peer-scaling-2025-10
PEER-08-R3,8,866216,30,68756d6af23687a0197d7f99,2025-10-03T16:12:46+01:00,1309.2,326.5,bench-host-01,peer-scaling-2025-10
PEER-08-R3,8,866216,31,fbc3bb3573a8e3c2961ed5cf,2025-10-03T16:12:46+01:00,1020.4,317.2,bench-host-01,peer-scaling-2025-10
PEER-08-R3,8,866216,32,2ba424c2414f17daa89377ef,2025-10-03T16:12:47+01:00,1139.2,325.2,bench-host-01,peer-scaling-2025-10
PEER-08-R3,8,866216,33,dbc07e59fda57067f897296c,2025-10-03T16:12:47+01:00,1229.5,312.4,bench-host-01,peer-scaling-2025-10
PEER-08-R3,8,866216,34,1cf34a4c7f95a0c96c326dc5,2025-10-03T16:12:48+01:00,1172.9,321.9,bench-host-01,peer-scaling-2025-10
PEER-08-R3,8,866216,35,260e8eb8de3f6b322c084a86,2025-10-03T16:12:48+01:00,1192.5,321.5,bench-host-01,peer-scaling-2025-10
PEER-08-R3,8,866216,36,13c168b78a91fb7ea6226fbf,2025-10-03T16:12:49+01:00,1136.3,329.5,bench-host-01,peer-scaling-2025-10
PEER-08-R3,8,866216,37,9ddab5d4143c90298dddeecb,2025-10-03T16:12:50+01:00,1163.1,318.1,bench-host-01,peer-scaling-2025-10
PEER-08-R3,8,866216,38,eeb2680ba855529734750f39,2025-10-03T16:12:50+01:00,1134.4,324.4,bench-host-01,peer-scaling-2025-10
PEER-08-R3,8,866216,39,d813ef0e7959bd540f95034d,2025-10-03T16:12:51+01:00,1148.9,329.3,bench-host-01,peer-scaling-2025-10
PEER-08-R3,8,866216,40,861d2bff750c903a92270e9b,2025-10-03T16:12:51+01:00,1053.5,314.1,bench-host-01,peer-scaling-2025-10
PEER-08-R3,8,866216,41,779b011d2808e37d2fed7fa9,2025-10-03T16:12:52+01:00,1044.7,316.9,bench-host-01,peer-scaling-2025-10
PEER-08-R3,8,866216,42,1afdce45e5764e92b730f5e1,2025-10-03T16:12:52+01:00,1200.5,322.7,bench-host-01,peer-scaling-2025-10
PEER-08-R3,8,866216,43,6b115a3b365e85ef236df301,2025-10-03T16:12:53+01:00,1108.8,319.0,bench-host-01,peer-scaling-2025-10
PEER-08-R3,8,866216,44,19261da8f1580e52b2a07205,2025-10-03T16:12:54+01:00,1104.9,324.0,bench-host-01,peer-scaling-2025-10
PEER-08-R3,8,866217,45,e80b45e00aaea21c94257af5,2025-10-03T16:12:54+01:00,1086.5,327.3,bench-host-01,peer-scaling-2025-10
PEER-08-R3,8,866217,46,717746c1307e71649f071d98,2025-10-03T16:12:55+01:00,1096.8,324.2,bench-host-01,peer-scaling-2025-10
PEER-08-R3,8,866217,47,53405213fddf7818d3be2950,2025-10-03T16:12:55+01:00,1137.0,327.2,bench-host-01,peer-scaling-2025-10
PEER-08-R3,8,866218,48,3c535ed4eb28244b0c7caef8,2025-10-03T16:12:56+01:00,1144.5,310.4,bench-host-01,peer-scaling-2025-10
PEER-08-R3,8,866218,49,c829ac10fda814b411b07c70,2025-10-03T16:12:56+01:00,1124.9,317.6,bench-host-01,peer-scaling-2025-10
PEER-08-R3,8,866218,50,4a394d2984b7b87ac92d0d82,2025-10-03T16:12:57+01:00,1144.5,322.7,bench-host-01,peer-scaling-2025-10
PEER-08-R3,8,866218,51,6afbbea908422b391058dd1a,2025-10-03T16:12:58+01:00,1169.2,322.0,bench-host-01,peer-scaling-2025-10
PEER-08-R3,8,866218,52,efaac839493080c4fc5934f9,2025-10-03T16:12:58+01:00,1033.8,320.8,bench-host-01,peer-scaling-2025-10
PEER-08-R3,8,866218,53,e8c8c2defefd7331c59ff0cc,2025-10-03T16:12:59+01:00,1206.4,325.6,bench-host-01,peer-scaling-2025-10
PEER-08-R3,8,866218,54,13db2674a9a85cfcfb238d0d,2025-10-03T16:12:59+01:00,1144.0,322.8,bench-host-01,peer-scaling-2025-10
PEER-08-R3,8,866218,55,5a58b8e112e1f289b9859a8e,2025-10-03T16:13:00+01:00,1123.4,325.5,bench-host-01,peer-scaling-2025-10
PEER-08-R3,8,866218,56,3e8f46d06178713002d422d0,2025-10-03T16:13:00+01:00,1063.6,330.2,bench-host-01,peer-scaling-2025-10
PEER-08-R3,8,866218,57,05e4ecc9f8b50c3b318d2f3f,2025-10-03T16:13:01+01:00,1088.9,320.2,bench-host-01,peer-scaling-2025-10
PEER-08-R3,8,866218,58,0a28a8ef7fa8271ced67efbd,2025-10-03T16:13:02+01:00,1166.6,319.2,bench-host-01,peer-scaling-2025-10
PEER-08-R3,8,866218,59,599c984d9f928318b9c01e46,2025-10-03T16:13:02+01:00,1195.5,316.1,bench-host-01,peer-scaling-2025-10
PEER-08-R3,8,866218,60,8e73b330315177d25ea465a5,2025-10-03T16:13:03+01:00,1120.8,322.1,bench-host-01,peer-scaling-2025-10
PEER-08-R3,8,866218,61,4738eec0f079697264cf22c7,2025-10-03T16:13:03+01:00,1098.1,312.9,bench-host-01,peer-scaling-2025-10
PEER-08-R3,8,866218,62,49f32217084268470f8b98fe,2025-10-03T16:13:04+01:00,1181.6,319.9,bench-host-01,peer-scaling-2025-10
PEER-08-R3,8,866218,63,a3ed51c4c7c9eca08ab63ebc,2025-10-03T16:13:04+01:00,1173.1,323.8,bench-host-01,peer-scaling-2025-10
PEER-08-R3,8,866218,64,e9a47cf81a83dd50e44a4558,2025-10-03T16:13:05+01:00,1090.0,322.9,bench-host-01,peer-scaling-2025-10
PEER-08-R3,8,866218,65,0a9e48795a494e55208212d6,2025-10-03T16:13:06+01:00,1099.9,322.0,bench-host-01,peer-scaling-2025-10
PEER-08-R3,8,866218,66,0da94741e61882294f2fe7b2,2025-10-03T16:13:06+01:00,1093.7,316.0,bench-host-01,peer-scaling-2025-10
PEER-08-R3,8,866218,67,0602355c913ab8cfb6521083,2025-10-03T16:13:07+01:00,1210.5,314.7,bench-host-01,peer-scaling-2025-10
PEER-08-R3,8,866218,68,b05c748187c8b348bee60972,2025-10-03T16:13:07+01:00,1187.6,323.1,bench-host-01,peer-scaling-2025-10
PEER-08-R3,8,866218,69,e7f87be9993289bbb78ce54b,2025-10-03T16:13:08+01:00,1150.0,324.4,bench-host-01,peer-scaling-2025-10
PEER-08-R3,8,866219,70,5b115ceb1425529e3d6056c0,2025-10-03T16:13:09+01:00,1185.9,318.5,bench-host-01,peer-scaling-2025-10
PEER-08-R3,8,866219,71,9d2bb2749761366b6bc1e46f,2025-10-03T16:13:09+01:00,1182.9,316.7,bench-host-01,peer-scaling-2025-10
PEER-08-R3,8,866219,72,b5309cf5043c56f221b8b841,2025-10-03T16:13:10+01:00,1103.1,321.0,bench-host-01,peer-scaling-2025-10
PEER-08-R3,8,866219,73,5ad997dc6242a272cedd34ff,2025-10-03T16:13:10+01:00,1242.2,314.0,bench-host-01,peer-scaling-2025-10
PEER-08-R3,8,866219,74,1cc09a1f65a00f0436ab040d,2025-10-03T16:13:11+01:00,1176.1,318.6,bench-host-01,peer-scaling-2025-10
PEER-08-R3,8,866219,75,fda802ba3ee0b2ed44a752f1,2025-10-03T16:13:11+01:00,1086.6,321.4,bench-host-01,peer-scaling-2025-10
PEER-08-R3,8,866219,76,0a1841ce73c01fd83cde507d,2025-10-03T16:13:12+01:00,1125.2,312.7,bench-host-01,peer-scaling-2025-10
PEER-08-R3,8,866219,77,90bd2d21c4201868dd7676ed,2025-10-03T16:13:13+01:00,1119.9,321.1,bench-host-01,peer-scaling-2025-10
PEER-08-R3,8,866219,78,41297a9549382a284e4dcf30,2025-10-03T16:13:13+01:00,1187.1,320.5,bench-host-01,peer-scaling-2025-10
PEER-08-R3,8,866219,79,c5ed7df1f364d898cd471723,2025-10-03T16:13:14+01:00,1078.5,318.6,bench-host-01,peer-scaling-2025-10
PEER-08-R3,8,866219,80,c4d2d5d6d3f641c9a0ac42ee,2025-10-03T16:13:14+01:00,1136.0,311.0,bench-host-01,peer-scaling-2025-10
PEER-08-R3,8,866219,81,8147bf1b3c9f9eb828793e35,2025-10-03T16:13:15+01:00,1116.3,326.4,bench-host-01,peer-scaling-2025-10
PEER-08-R3,8,866219,82,f611e03d4dd4ec9356404b1c,2025-10-03T16:13:15+01:00,1053.3,328.3,bench-host-01,peer-scaling-2025-10
PEER-08-R3,8,866219,83,a06256214a20f645be8fe1a6,2025-10-03T16:13:16+01:00,1031.4,325.7,bench-host-01,peer-scaling-2025-10
PEER-08-R3,8,866219,84,2d490b3e6044aaecd06bf7eb,2025-10-03T16:13:17+01:00,1080.4,326.6,bench-host-01,peer-scaling-2025-10
PEER-08-R3,8,866219,85,b1bc1a7cc8f4e51975ebdcfb,2025-10-03T16:13:17+01:00,1176.8,323.3,bench-host-01,peer-scaling-2025-10
PEER-08-R3,8,866219,86,081102f71ad8d9ebc90781ac,2025-10-03T16:13:18+01:00,1123.0,323.3,bench-host-01,peer-scaling-2025-10
PEER-08-R3,8,866219,87,8ba59f92afa119a3b0bcfaf5,2025-10-03T16:13:18+01:00,1162.9,315.7,bench-host-01,peer-scaling-2025-10
PEER-08-R3,8,866219,88,bd75f65aecb8c1916ae3b193,2025-10-03T16:13:19+01:00,1131.8,325.2,bench-host-01,peer-scaling-2025-10
PEER-08-R3,8,866219,89,2d61c7a5b78eecab23befa02,2025-10-03T16:13:19+01:00,1129.4,317.7,bench-host-01,peer-scaling-2025-10
PEER-08-R3,8,866219,90,058ec85e10f141ef5894eb50,2025-10-03T16:13:20+01:00,1267.5,320.6,bench-host-01,peer-scaling-2025-10
PEER-08-R3,8,866219,91,7be8d16127fa028217444815,2025-10-03T16:13:21+01:00,1159.7,320.0,bench-host-01,peer-scaling-2025-10
PEER-08-R3,8,866219,92,9333e3ec43a7be0717ecc5b3,2025-10-03T16:13:21+01:00,1119.6,327.3,bench-host-01,peer-scaling-2025-10
PEER-08-R3,8,866219,93,1337df1a23725901480df9c2,2025-10-03T16:13:22+01:00,1203.0,315.3,bench-host-01,peer-scaling-2025-10
PEER-08-R3,8,866219,94,a735f8802a4fabe84804e489,2025-10-03T16:13:22+01:00,1239.6,322.4,bench-host-01,peer-scaling-2025-10
PEER-08-R3,8,866219,95,94ff239a65a19e278078aa19,2025-10-03T16:13:23+01:00,1194.3,319.3,bench-host-01,peer-scaling-2025-10
PEER-08-R3,8,866220,96,65000f6311716bd48e576907,2025-10-03T16:13:23+01:00,1057.2,317.4,bench-host-01,peer-scaling-2025-10
PEER-08-R3,8,866220,97,af72c49b183b62c477992818,2025-10-03T16:13:24+01:00,1125.8,320.9,bench-host-01,peer-scaling-2025-10
PEER-08-R3,8,866220,98,5a7c632a857a5dee1079da33,2025-10-03T16:13:25+01:00,1214.3,312.2,bench-host-01,peer-scaling-2025-10
PEER-08-R3,8,866220,99,a764787ba899f75c04305e92,2025-10-03T16:13:25+01:00,1194.0,315.2,bench-host-01,peer-scaling-2025-10
PEER-08-R3,8,866220,100,748459347a0a4d74ad53ebe7,2025-10-03T16:13:26+01:00,1046.2,321.9,bench-host-01,peer-scaling-2025-10
PEER-08-R3,8,866220,101,720055c943b952c207563c6a,2025-10-03T16:13:26+01:00,1131.3,313.3,bench-host-01,peer-scaling-2025-10
PEER-08-R3,8,866220,102,35dae10dd172c1760d1e7dce,2025-10-03T16:13:27+01:00,1054.2,321.0,bench-host-01,peer-scaling-2025-10
PEER-08-R3,8,866220,103,4a7ff19eef8ff06c30ae6b2e,2025-10-03T16:13:27+01:00,1243.5,320.7,bench-host-01,peer-scaling-2025-10
PEER-08-R3,8,866220,104,2c01798a6e297c2329aae80a,2025-10-03T16:13:28+01:00,1151.4,319.5,bench-host-01,peer-scaling-2025-10
PEER-08-R3,8,866220,105,a0c6a60b83cb90f258558ab8,2025-10-03T16:13:29+01:00,1135.7,319.6,bench-host-01,peer-scaling-2025-10
PEER-08-R3,8,866220,106,9aee7a49135e44c58a0b5f6a,2025-10-03T16:13:29+01:00,1124.2,325.0,bench-host-01,peer-scaling-2025-10
PEER-08-R3,8,866220,107,4040972aeea68e8f37f5f465,2025-10-03T16:13:30+01:00,1180.3,319.9,bench-host-01,peer-scaling-2025-10
PEER-08-R3,8,866221,108,cb98cdf1e545be572c498823,2025-10-03T16:13:30+01:00,1134.3,323.6,bench-host-01,peer-scaling-2025-10
PEER-08-R3,8,866221,109,3cd835a94bef60f85bb715e2,2025-10-03T16:13:31+01:00,1222.9,323.2,bench-host-01,peer-scaling-2025-10
PEER-08-R3,8,866221,110,600cb928c061f112b16d5b21,2025-10-03T16:13:31+01:00,1058.1,321.0,bench-host-01,peer-scaling-2025-10
PEER-08-R3,8,866221,111,730e7078e91546de7a236802,2025-10-03T16:13:32+01:00,1187.8,317.0,bench-host-01,peer-scaling-2025-10
PEER-08-R3,8,866221,112,80a8b7d76097b69ba1e73d9e,2025-10-03T16:13:33+01:00,1140.3,320.8,bench-host-01,peer-scaling-2025-10
PEER-08-R3,8,866221,113,3059ceab95272ad886c34b72,2025-10-03T16:13:33+01:00,1188.2,321.0,bench-host-01,peer-scaling-2025-10
PEER-08-R3,8,866221,114,5ede85d1b5fbf4dcfb10c55b,2025-10-03T16:13:34+01:00,1237.7,320.3,bench-host-01,peer-scaling-2025-10
PEER-08-R3,8,866221,115,efaa6e7de0a4d77c42e29c35,2025-10-03T16:13:34+01:00,1152.5,324.0,bench-host-01,peer-scaling-2025-10
PEER-08-R3,8,866221,116,339bfe33815fa7b8ce968e2d,2025-10-03T16:13:35+01:00,1215.5,318.2,bench-host-01,peer-scaling-2025-10
PEER-08-R3,8,866221,117,6e0254aed74ff7f8478fc70d,2025-10-03T16:13:36+01:00,1170.3,316.7,bench-host-01,peer-scaling-2025-10
PEER-08-R3,8,866221,118,488f622a6fcc8433a5a332b7,2025-10-03T16:13:36+01:00,1135.9,314.7,bench-host-01,peer-scaling-2025-10
PEER-08-R3,8,866221,119,09528a99a1acfc604f405a89,2025-10-03T16:13:37+01:00,1142.0,318.5,bench-host-01,peer-scaling-2025-10
PEER-08-R3,8,866222,120,e2b112774f2bd1bd7b97c4b4,2025-10-03T16:13:37+01:00,1121.7,323.7,bench-host-01,peer-scaling-2025-10
PEER-08-R3,8,866222,121,c3e187acddd7a287eb817543,2025-10-03T16:13:38+01:00,1163.1,323.9,bench-host-01,peer-scaling-2025-10
PEER-08-R3,8,866222,122,16019116a0f148a91e394922,2025-10-03T16:13:38+01:00,1104.6,322.3,bench-host-01,peer-scaling-2025-10
PEER-08-R3,8,866222,123,f7b19fe2c1367c4232d597f8,2025-10-03T16:13:39+01:00,1037.7,318.0,bench-host-01,peer-scaling-2025-10
PEER-08-R3,8,866222,124,80340d324fe96333a1260174,2025-10-03T16:13:40+01:00,1113.9,316.2,bench-host-01,peer-scaling-2025-10
PEER-08-R3,8,866222,125,f635b1c18a3f78e20e9ebb45,2025-10-03T16:13:40+01:00,982.0,320.2,bench-host-01,peer-scaling-2025-10
PEER-08-R3,8,866222,126,e828402f56e34466fcc3f5c9,2025-10-03T16:13:41+01:00,1086.1,318.7,bench-host-01,peer-scaling-2025-10
PEER-08-R3,8,866222,127,93400c3372ef0b42cae48039,2025-10-03T16:13:41+01:00,1166.9,322.6,bench-host-01,peer-scaling-2025-10
PEER-08-R3,8,866222,128,3bc70b9b6682ba5600317fa6,2025-10-03T16:13:42+01:00,1161.7,321.1,bench-host-01,peer-scaling-2025-10
PEER-08-R3,8,866222,129,f30198738f192bb864a20e13,2025-10-03T16:13:42+01:00,1145.7,321.8,bench-host-01,peer-scaling-2025-10
PEER-32-R4,32,222426,0,3fe05cfe447c50f951590d98,2025-10-03T21:13:43+01:00,791.9,305.6,bench-host-01,peer-scaling-2025-10
PEER-32-R4,32,222426,1,a6871398f67cfa047faf55c2,2025-10-03T21:13:43+01:00,736.8,318.1,bench-host-01,peer-scaling-2025-10
PEER-32-R4,32,222426,2,e814736021da82c5e892b79f,2025-10-03T21:13:44+01:00,833.0,322.0,bench-host-01,peer-scaling-2025-10
PEER-32-R4,32,222426,3,d18210a1292f3cf935ac08a4,2025-10-03T21:13:44+01:00,836.0,320.4,bench-host-01,peer-scaling-2025-10
PEER-32-R4,32,222426,4,25814d41b0236fb40f552db5,2025-10-03T21:13:45+01:00,753.7,311.0,bench-host-01,peer-scaling-2025-10
PEER-32-R4,32,222426,5,baf57649823e227ccd71437a,2025-10-03T21:13:45+01:00,763.2,315.1,bench-host-01,peer-scaling-2025-10
PEER-32-R4,32,222426,6,7ad397748c2089c37fea9f0e,2025-10-03T21:13:45+01:00,810.8,316.3,bench-host-01,peer-scaling-2025-10
PEER-32-R4,32,222426,7,93491758512ee0acc43fdd2e,2025-10-03T21:13:46+01:00,869.1,329.9,bench-host-01,peer-scaling-2025-10
PEER-32-R4,32,222427,8,8c9d35d43ea81bdb18c811c9,2025-10-03T21:13:46+01:00,830.8,316.2,bench-host-01,peer-scaling-2025-10
PEER-32-R4,32,222427,9,80340d038d8a07f331fdc24e,2025-10-03T21:13:47+01:00,822.1,317.5,bench-host-01,peer-scaling-2025-10
PEER-32-R4,32,222427,10,536fcaf4b8bf6bd464ec86ba,2025-10-03T21:13:47+01:00,714.3,320.1,bench-host-01,peer-scaling-2025-10
PEER-32-R4,32,222427,11,2627dd1bcc138a3c5f0406d6,2025-10-03T21:13:47+01:00,680.6,319.4,bench-host-01,peer-scaling-2025-10
PEER-32-R4,32,222427,12,d6a70957b1782bf712204e84,2025-10-03T21:13:48+01:00,851.3,316.2,bench-host-01,peer-scaling-2025-10
PEER-32-R4,32,222427,13,9d9d4ac4f274b8d967c189da,2025-10-03T21:13:48+01:00,829.4,318.6,bench-host-01,peer-scaling-2025-10
PEER-32-R4,32,222428,14,12b6ea0311f30fc5ef10195f,2025-10-03T21:13:49+01:00,772.8,317.0,bench-host-01,peer-scaling-2025-10
PEER-32-R4,32,222428,15,3ccec01bca50c2bf9d4d4649,2025-10-03T21:13:49+01:00,728.8,314.4,bench-host-01,peer-scaling-2025-10
PEER-32-R4,32,222428,16,b00240caaae12399fdb2ae35,2025-10-03T21:13:49+01:00,815.6,316.0,bench-host-01,peer-scaling-2025-10
PEER-32-R4,32,222428,17,7614c623679e8a048c0e52a7,2025-10-03T21:13:50+01:00,781.2,316.5,bench-host-01,peer-scaling-2025-10
PEER-32-R4,32,222428,18,8b81550f080c79b9f63303a3,2025-10-03T21:13:50+01:00,791.8,323.8,bench-host-01,peer-scaling-2025-10
PEER-32-R4,32,222428,19,ca4fd1d26d29cc02dcd53334,2025-10-03T21:13:51+01:00,902.8,320.2,bench-host-01,peer-scaling-2025-10
PEER-32-R4,32,222428,20,fbfaefe77a58de89515861ea,2025-10-03T21:13:51+01:00,881.1,324.0,bench-host-01,peer-scaling-2025-10
PEER-32-R4,32,222428,21,4dd1e80065d7f736f0ddf452,2025-10-03T21:13:52+01:00,801.3,305.2,bench-host-01,peer-scaling-2025-10
PEER-32-R4,32,222428,22,89dd29255b779bd36ffeab85,2025-10-03T21:13:52+01:00,782.8,317.7,bench-host-01,peer-scaling-2025-10
PEER-32-R4,32,222428,23,1ea464ae597e8fbc5a6bb086,2025-10-03T21:13:52+01:00,799.1,316.6,bench-host-01,peer-scaling-2025-10
PEER-32-R4,32,222428,24,e3bf76571d24b0b7e0563c9f,2025-10-03T21:13:53+01:00,802.0,328.7,bench-host-01,peer-scaling-2025-10
PEER-32-R4,32,222428,25,5a6aa95112d53d2c46ed8ee7,2025-10-03T21:13:53+01:00,782.7,315.6,bench-host-01,peer-scaling-2025-10
PEER-32-R4,32,222428,26,2c3d198316872753888c7ab0,2025-10-03T21:13:54+01:00,836.5,325.5,bench-host-01,peer-scaling-2025-10
PEER-32-R4,32,222429,27,b9b6204f2b3eaab4c125d565,2025-10-03T21:13:54+01:00,857.7,319.2,bench-host-01,peer-scaling-2025-10
PEER-32-R4,32,222429,28,1571debd76624f8a791630f4,2025-10-03T21:13:54+01:00,849.9,313.8,bench-host-01,peer-scaling-2025-10
PEER-32-R4,32,222429,29,61996dc9459fffcbd649982c,2025-10-03T21:13:55+01:00,845.1,312.0,bench-host-01,peer-scaling-2025-10
PEER-32-R4,32,222429,30,007d340f287e83a8dd5edb46,2025-10-03T21:13:55+01:00,874.6,316.3,bench-host-01,peer-scaling-2025-10
PEER-32-R4,32,222429,31,c59595bf697dab654740a3e2,2025-10-03T21:13:56+01:00,716.4,316.1,bench-host-01,peer-scaling-2025-10
PEER-32-R4,32,222429,32,f22ead42fbfae1654a6150d1,2025-10-03T21:13:56+01:00,700.3,317.7,bench-host-01,peer-scaling-2025-10
PEER-32-R4,32,222430,33,ee4b5cecbef2bd5143cbee95,2025-10-03T21:13:56+01:00,928.4,323.2,bench-host-01,peer-scaling-2025-10
PEER-32-R4,32,222430,34,618605c0b3d3a5bdfab2cf79,2025-10-03T21:13:57+01:00,762.3,310.4,bench-host-01,peer-scaling-2025-10
PEER-32-R4,32,222430,35,b24a097113a33a4bc6028283,2025-10-03T21:13:57+01:00,747.5,322.3,bench-host-01,peer-scaling-2025-10
PEER-32-R4,32,222430,36,44f6ae218d7c169a69a023ff,2025-10-03T21:13:58+01:00,865.1,308.3,bench-host-01,peer-scaling-2025-10
PEER-32-R4,32,222430,37,ee2afd44f0d90f8681fc8626,2025-10-03T21:13:58+01:00,910.9,326.7,bench-host-01,peer-scaling-2025-10
PEER-32-R4,32,222430,38,69af135878d45634221e17f5,2025-10-03T21:13:58+01:00,859.3,319.6,bench-host-01,peer-scaling-2025-10
PEER-32-R4,32,222430,39,40d800f40f38fbf102b43dfc,2025-10-03T21:13:59+01:00,906.0,317.4,bench-host-01,peer-scaling-2025-10
PEER-32-R4,32,222431,40,69416bfb7a01d984ce7fd4e8,2025-10-03T21:13:59+01:00,766.2,310.8,bench-host-01,peer-scaling-2025-10
PEER-32-R4,32,222431,41,d944b9e1dfefc57b21b32439,2025-10-03T21:14:00+01:00,903.3,317.2,bench-host-01,peer-scaling-2025-10
PEER-32-R4,32,222431,42,1d53693d68b886cc191613b7,2025-10-03T21:14:00+01:00,814.0,318.9,bench-host-01,peer-scaling-2025-10
PEER-32-R4,32,222431,43,c19e2aa5ef908ba93dcec757,2025-10-03T21:14:00+01:00,741.6,312.6,bench-host-01,peer-scaling-2025-10
PEER-32-R4,32,222431,44,b434e7a7f318c853c7ea2848,2025-10-03T21:14:01+01:00,781.7,315.7,bench-host-01,peer-scaling-2025-10
PEER-32-R4,32,222431,45,98cf5bfd0cec2d39144453d7,2025-10-03T21:14:01+01:00,850.5,310.6,bench-host-01,peer-scaling-2025-10
PEER-32-R4,32,222431,46,f0a8820087ecc99377ad6cbf,2025-10-03T21:14:02+01:00,778.8,322.0,bench-host-01,peer-scaling-2025-10
PEER-32-R4,32,222431,47,f48fc0dcfa09ac6a91f2ff64,2025-10-03T21:14:02+01:00,849.3,312.3,bench-host-01,peer-scaling-2025-10
PEER-32-R4,32,222431,48,f0de86676ca72c584ba5d77e,2025-10-03T21:14:02+01:00,749.3,320.4,bench-host-01,peer-scaling-2025-10
PEER-32-R4,32,222431,49,694e12134b95284099e1b47c,2025-10-03T21:14:03+01:00,680.9,322.1,bench-host-01,peer-scaling-2025-10
PEER-32-R4,32,222432,50,af709f7b728416ea43d47ea8,2025-10-03T21:14:03+01:00,847.8,313.3,bench-host-01,peer-scaling-2025-10
PEER-32-R4,32,222432,51,63d4e4da80151d9bb3678699,2025-10-03T21:14:04+01:00,884.5,315.2,bench-host-01,peer-scaling-2025-10
PEER-32-R4,32,222433,52,ec3e1b16ae8d0a7d8e6fd7fe,2025-10-03T21:14:04+01:00,826.9,318.6,bench-host-01,peer-scaling-2025-10
PEER-32-R4,32,222433,53,4e43ca2c5c035f295435b69c,2025-10-03T21:14:04+01:00,802.5,318.0,bench-host-01,peer-scaling-2025-10
PEER-32-R4,32,222433,54,897fd6c0d200233fc94a05c5,2025-10-03T21:14:05+01:00,812.3,319.6,bench-host-01,peer-scaling-2025-10
PEER-32-R4,32,222433,55,36438fe2a6ac11c73b98f5fb,2025-10-03T21:14:05+01:00,796.2,312.7,bench-host-01,peer-scaling-2025-10
PEER-32-R4,32,222433,56,342948e2304ac3d4ea00a4d4,2025-10-03T21:14:06+01:00,820.4,320.2,bench-host-01,peer-scaling-2025-10
PEER-32-R4,32,222433,57,3dda30332210a2cfaf88c334,2025-10-03T21:14:06+01:00,811.7,320.5,bench-host-01,peer-scaling-2025-10
PEER-32-R4,32,222433,58,f3034f215ba2958e7e3e7aef,2025-10-03T21:14:07+01:00,840.3,325.2,bench-host-01,peer-scaling-2025-10
PEER-32-R4,32,222433,59,a431fd93b4c9cae2ba8e5dd1,2025-10-03T21:14:07+01:00,847.6,329.5,bench-host-01,peer-scaling-2025-10
PEER-32-R4,32,222433,60,a5a076764a88782e386c8439,2025-10-03T21:14:07+01:00,813.5,314.4,bench-host-01,peer-scaling-2025-10
PEER-32-R4,32,222433,61,66c860ed9d234f7da15a21df,2025-10-03T21:14:08+01:00,842.2,309.2,bench-host-01,peer-scaling-2025-10
PEER-32-R4,32,222433,62,65aec4cd932efa6160196dc5,2025-10-03T21:14:08+01:00,802.4,310.2,bench-host-01,peer-scaling-2025-10
PEER-32-R4,32,222433,63,8697707bc1d7a04a7e01ea13,2025-10-03T21:14:09+01:00,835.3,322.3,bench-host-01,peer-scaling-2025-10
PEER-32-R4,32,222433,64,232a5ab86e17777ad66508f8,2025-10-03T21:14:09+01:00,813.1,318.9,bench-host-01,peer-scaling-2025-10
PEER-32-R4,32,222434,65,737c3d8c4b4f1915960d396c,2025-10-03T21:14:09+01:00,874.5,316.9,bench-host-01,peer-scaling-2025-10
PEER-32-R4,32,222434,66,471dba59d7c0cdf7c50ec465,2025-10-03T21:14:10+01:00,807.5,315.9,bench-host-01,peer-scaling-2025-10
PEER-32-R4,32,222434,67,646f4b88f5c65259fd90acae,2025-10-03T21:14:10+01:00,804.8,308.9,bench-host-01,peer-scaling-2025-10
PEER-32-R4,32,222434,68,1e515ab95c838504e02edc6a,2025-10-03T21:14:11+01:00,801.6,309.1,bench-host-01,peer-scaling-2025-10
PEER-32-R4,32,222434,69,aab1418e09bba62fcd22a05f,2025-10-03T21:14:11+01:00,850.3,310.3,bench-host-01,peer-scaling-2025-10
PEER-32-R4,32,222435,70,a15fe45892695e7c3587e3c2,2025-10-03T21:14:11+01:00,892.9,308.8,bench-host-01,peer-scaling-2025-10
PEER-32-R4,32,222435,71,65f53c0b19e2677e4fc20357,2025-10-03T21:14:12+01:00,873.4,319.6,bench-host-01,peer-scaling-2025-10
PEER-32-R4,32,222435,72,f0802fcf3161a9d45b4da524,2025-10-03T21:14:12+01:00,760.4,320.5,bench-host-01,peer-scaling-2025-10
PEER-32-R4,32,222435,73,6ebd44ab87e55cfb8f1ee57f,2025-10-03T21:14:13+01:00,800.6,322.6,bench-host-01,peer-scaling-2025-10
PEER-32-R4,32,222435,74,a9a34e7c6af2949ffdb274d1,2025-10-03T21:14:13+01:00,870.7,322.5,bench-host-01,peer-scaling-2025-10
PEER-32-R4,32,222435,75,0e106d73130add1184b88f5d,2025-10-03T21:14:13+01:00,726.6,325.6,bench-host-01,peer-scaling-2025-10
PEER-32-R4,32,222435,76,1fab55b32837245f72944b39,2025-10-03T21:14:14+01:00,731.5,322.9,bench-host-01,peer-scaling-2025-10
PEER-32-R4,32,222435,77,7cc581cdaa3916e141fa2f02,2025-10-03T21:14:14+01:00,847.0,321.1,bench-host-01,peer-scaling-2025-10
PEER-32-R4,32,222435,78,fc1d9909a9602477b5528c5c,2025-10-03T21:14:15+01:00,769.8,320.9,bench-host-01,peer-scaling-2025-10
PEER-32-R4,32,222435,79,2097bb048497485d54df1209,2025-10-03T21:14:15+01:00,699.3,313.6,bench-host-01,peer-scaling-2025-10
PEER-32-R4,32,222435,80,4658f09e64cef7643a5e3b42,2025-10-03T21:14:15+01:00,693.3,321.0,bench-host-01,peer-scaling-2025-10
PEER-32-R4,32,222435,81,f9291658f8d539f4e478b290,2025-10-03T21:14:16+01:00,852.3,320.3,bench-host-01,peer-scaling-2025-10
PEER-32-R4,32,222435,82,94db74b58d898daa73d86b91,2025-10-03T21:14:16+01:00,819.5,315.8,bench-host-01,peer-scaling-2025-10
PEER-32-R4,32,222435,83,dfadfe7f13b51bda3158e133,2025-10-03T21:14:17+01:00,890.5,320.5,bench-host-01,peer-scaling-2025-10
PEER-32-R4,32,222436,84,c1680a5dd138c443c9aa6db6,2025-10-03T21:14:17+01:00,862.9,323.3,bench-host-01,peer-scaling-2025-10
PEER-32-R4,32,222436,85,d6bc35163ba5310258aca3aa,2025-10-03T21:14:17+01:00,678.6,318.6,bench-host-01,peer-scaling-2025-10
PEER-32-R4,32,222436,86,df11e97046e56f1fdd10af5c,2025-10-03T21:14:18+01:00,829.0,321.7,bench-host-01,peer-scaling-2025-10
PEER-32-R4,32,222436,87,39b55940d811f911d186ac71,2025-10-03T21:14:18+01:00,833.7,318.7,bench-host-01,peer-scaling-2025-10
PEER-32-R4,32,222436,88,262ec4ef77d72225e43cf243,2025-10-03T21:14:19+01:00,764.0,312.4,bench-host-01,peer-scaling-2025-10
PEER-32-R4,32,222436,89,1167b79825ab956de0e02603,2025-10-03T21:14:19+01:00,772.8,318.0,bench-host-01,peer-scaling-2025-10
PEER-32-R4,32,222436,90,d977d21d907b864ad05f3e39,2025-10-03T21:14:20+01:00,889.3,321.3,bench-host-01,peer-scaling-2025-10
PEER-32-R4,32,222436,91,92a5a9d5fd630306aea3282c,2025-10-03T21:14:20+01:00,890.6,316.9,bench-host-01,peer-scaling-2025-10
PEER-32-R4,32,222436,92,3a4f3dfe71647641697c2e56,2025-10-03T21:14:20+01:00,786.8,308.7,bench-host-01,peer-scaling-2025-10
PEER-32-R4,32,222436,93,e8f3f1d0a68c75c532dee9d8,2025-10-03T21:14:21+01:00,740.6,322.6,bench-host-01,peer-scaling-2025-10
PEER-32-R4,32,222436,94,ed3bb2a44cfa1bd95dd2ccfc,2025-10-03T21:14:21+01:00,800.1,320.7,bench-host-01,peer-scaling-2025-10
PEER-32-R4,32,222436,95,8e0be7716abd85366ce89e42,2025-10-03T21:14:22+01:00,803.5,312.2,bench-host-01,peer-scaling-2025-10
PEER-32-R4,32,222437,96,39136a149e0fdf9d01f9738e,2025-10-03T21:14:22+01:00,800.3,317.8,bench-host-01,peer-scaling-2025-10
PEER-32-R4,32,222437,97,332730b04c547e85185bf56a,2025-10-03T21:14:22+01:00,815.3,308.2,bench-host-01,peer-scaling-2025-10
PEER-32-R4,32,222437,98,391f88d8bc7b190ecfbd3d37,2025-10-03T21:14:23+01:00,852.0,317.0,bench-host-01,peer-scaling-2025-10
PEER-32-R4,32,222437,99,54faa2e5adbf46e9280d244d,2025-10-03T21:14:23+01:00,845.3,325.0,bench-host-01,peer-scaling-2025-10
PEER-32-R4,32,222437,100,05df5db87b82305d045a9cd4,2025-10-03T21:14:24+01:00,766.0,319.0,bench-host-01,peer-scaling-2025-10
PEER-32-R4,32,222437,101,69661da4d06a00273c5820bf,2025-10-03T21:14:24+01:00,808.6,311.2,bench-host-01,peer-scaling-2025-10
PEER-32-R4,32,222437,102,97fc2e391b265582b2e70748,2025-10-03T21:14:24+01:00,869.2,315.8,bench-host-01,peer-scaling-2025-10
PEER-32-R4,32,222437,103,797b920cdbf8d357bc23741f,2025-10-03T21:14:25+01:00,844.3,319.7,bench-host-01,peer-scaling-2025-10
PEER-32-R4,32,222437,104,08ea8f719f1ce78dd1640ad2,2025-10-03T21:14:25+01:00,787.5,314.4,bench-host-01,peer-scaling-2025-10
PEER-32-R4,32,222437,105,85b59bfc4e03649bb91e9e78,2025-10-03T21:14:26+01:00,891.7,314.0,bench-host-01,peer-scaling-2025-10
PEER-32-R4,32,222437,106,7baf571f8d3132ff62fd84d4,2025-10-03T21:14:26+01:00,891.3,317.0,bench-host-01,peer-scaling-2025-10
PEER-32-R4,32,222437,107,9d4e69987c53a2f59519ba54,2025-10-03T21:14:26+01:00,823.1,319.3,bench-host-01,peer-scaling-2025-10
PEER-32-R4,32,222437,108,0ca196d5b3e5fbb550663cac,2025-10-03T21:14:27+01:00,846.1,321.5,bench-host-01,peer-scaling-2025-10
PEER-32-R4,32,222437,109,e9970bd8c4ea401b978fc4a9,2025-10-03T21:14:27+01:00,834.6,316.9,bench-host-01,peer-scaling-2025-10
PEER-32-R4,32,222438,110,e6513234176e7404699193f7,2025-10-03T21:14:28+01:00,761.1,311.8,bench-host-01,peer-scaling-2025-10
PEER-32-R4,32,222438,111,f9576e5a35c73645475bb851,2025-10-03T21:14:28+01:00,790.0,313.0,bench-host-01,peer-scaling-2025-10
PEER-32-R4,32,222438,112,699c32a23b8739c310095460,2025-10-03T21:14:28+01:00,766.6,324.9,bench-host-01,peer-scaling-2025-10
PEER-32-R4,32,222438,113,51b112a883e98491c2f63af4,2025-10-03T21:14:29+01:00,775.2,318.1,bench-host-01,peer-scaling-2025-10
PEER-32-R4,32,222438,114,c6f8d6431ef3f2c85b726de7,2025-10-03T21:14:29+01:00,852.7,314.1,bench-host-01,peer-scaling-2025-10
PEER-32-R4,32,222438,115,962174750d607d6c65db099c,2025-10-03T21:14:30+01:00,797.8,309.7,bench-host-01,peer-scaling-2025-10
PEER-32-R4,32,222438,116,61d50a95d91c7d662743d5c4,2025-10-03T21:14:30+01:00,896.0,317.7,bench-host-01,peer-scaling-2025-10
PEER-32-R4,32,222438,117,5e507d501261f0a7da27d710,2025-10-03T21:14:30+01:00,860.0,314.1,bench-host-01,peer-scaling-2025-10
PEER-32-R4,32,222438,118,e1d571661370b63bdde56647,2025-10-03T21:14:31+01:00,802.2,306.3,bench-host-01,peer-scaling-2025-10
PEER-32-R4,32,222438,119,522e04b6a68b8ab00654b7e0,2025-10-03T21:14:31+01:00,795.4,326.5,bench-host-01,peer-scaling-2025-10
PEER-32-R4,32,222438,120,236a21b84b1fd4993d2ef42f,2025-10-03T21:14:32+01:00,835.9,319.9,bench-host-01,peer-scaling-2025-10
PEER-32-R4,32,222439,121,f8fd35246e6837ef9832c540,2025-10-03T21:14:32+01:00,745.0,319.1,bench-host-01,peer-scaling-2025-10
PEER-32-R4,32,222439,122,2d96267bda32f43a62858c03,2025-10-03T21:14:33+01:00,744.6,318.7,bench-host-01,peer-scaling-2025-10
PEER-32-R4,32,222439,123,abd7bdf326f2968d72573691,2025-10-03T21:14:33+01:00,731.1,320.1,bench-host-01,peer-scaling-2025-10
PEER-32-R4,32,222439,124,145d8bdd040967759815b09e,2025-10-03T21:14:33+01:00,717.2,316.0,bench-host-01,peer-scaling-2025-10
PEER-32-R4,32,222439,125,a6ee7c282ed7419072b85c6a,2025-10-03T21:14:34+01:00,802.6,318.0,bench-host-01,peer-scaling-2025-10
PEER-32-R4,32,222439,126,ccc04cad2cb2ed3141c1b51a,2025-10-03T21:14:34+01:00,710.9,309.2,bench-host-01,peer-scaling-2025-10
PEER-32-R4,32,222439,127,283f1ec12f77684583ae4abd,2025-10-03T21:14:35+01:00,833.4,308.8,bench-host-01,peer-scaling-2025-10
PEER-32-R4,32,222440,128,297672e7e06b9db6471cb3cb,2025-10-03T21:14:35+01:00,787.5,319.4,bench-host-01,peer-scaling-2025-10
PEER-32-R4,32,222440,129,4d6718463006ca17d9eebc38,2025-10-03T21:14:35+01:00,841.0,319.6,bench-host-01,peer-scaling-2025-10
PEER-04-R4,4,142002,0,05b12f6cbce15be1967b409d,2025-10-04T02:14:36+01:00,1224.9,321.5,bench-host-01,peer-scaling-2025-10
PEER-04-R4,4,142002,1,3617ef50c3978b42895b11bf,2025-10-04T02:14:36+01:00,1252.2,338.2,bench-host-01,peer-scaling-2025-10
PEER-04-R4,4,142002,2,f33ceed9fcc41b8cb30842d4,2025-10-04T02:14:37+01:00,1229.4,316.8,bench-host-01,peer-scaling-2025-10
PEER-04-R4,4,142002,3,1b1509a1f75aa3094849e4ad,2025-10-04T02:14:38+01:00,1249.2,319.3,bench-host-01,peer-scaling-2025-10
PEER-04-R4,4,142002,4,1ba24f7a998ae92770d59e58,2025-10-04T02:14:38+01:00,1272.4,314.6,bench-host-01,peer-scaling-2025-10
PEER-04-R4,4,142002,5,32caef7fad598eaf68943ad2,2025-10-04T02:14:39+01:00,1300.7,322.4,bench-host-01,peer-scaling-2025-10
PEER-04-R4,4,142002,6,22afb101b0d84b9af9e695ce,2025-10-04T02:14:39+01:00,1148.0,318.7,bench-host-01,peer-scaling-2025-10
PEER-04-R4,4,142002,7,842304edbec7502572d0db82,2025-10-04T02:14:40+01:00,1212.7,320.4,bench-host-01,peer-scaling-2025-10
PEER-04-R4,4,142002,8,e0615a17117a489e2c251417,2025-10-04T02:14:41+01:00,1199.0,319.9,bench-host-01,peer-scaling-2025-10
PEER-04-R4,4,142002,9,238881fa9a5f30cfa014050b,2025-10-04T02:14:41+01:00,1224.3,329.0,bench-host-01,peer-scaling-2025-10
PEER-04-R4,4,142002,10,927bc9fd8d3ade22004a9376,2025-10-04T02:14:42+01:00,1149.1,324.0,bench-host-01,peer-scaling-2025-10
PEER-04-R4,4,142002,11,a0c1eabdbba5f766cc1b92e5,2025-10-04T02:14:42+01:00,1098.1,312.5,bench-host-01,peer-scaling-2025-10
PEER-04-R4,4,142002,12,73d756b19236beaef802b5bf,2025-10-04T02:14:43+01:00,1223.8,316.1,bench-host-01,peer-scaling-2025-10
PEER-04-R4,4,142002,13,394577336b480f06ef9824c4,2025-10-04T02:14:44+01:00,1254.2,323.0,bench-host-01,peer-scaling-2025-10
PEER-04-R4,4,142002,14,7ffb3ebdd8408035bdd94cbe,2025-10-04T02:14:44+01:00,1191.3,326.6,bench-host-01,peer-scaling-2025-10
PEER-04-R4,4,142002,15,1eb90c34380bc5d5499d10cf,2025-10-04T02:14:45+01:00,1244.1,323.4,bench-host-01,peer-scaling-2025-10
PEER-04-R4,4,142002,16,fed2ac3bc8ac78628c4329be,2025-10-04T02:14:45+01:00,1213.9,328.2,bench-host-01,peer-scaling-2025-10
PEER-04-R4,4,142002,17,3c873f0f3e0dd9accac5e04b,2025-10-04T02:14:46+01:00,1208.3,323.9,bench-host-01,peer-scaling-2025-10
PEER-04-R4,4,142002,18,88287f8811241e7a3aac934b,2025-10-04T02:14:47+01:00,1245.8,333.1,bench-host-01,peer-scaling-2025-10
PEER-04-R4,4,142002,19,559abf01fc01cec889f22140,2025-10-04T02:14:47+01:00,1094.6,325.0,bench-host-01,peer-scaling-2025-10
PEER-04-R4,4,142002,20,b7318b15becf21ace9094a63,2025-10-04T02:14:48+01:00,1203.9,313.1,bench-host-01,peer-scaling-2025-10
PEER-04-R4,4,142002,21,66d5c7c114778fea7ba96f60,2025-10-04T02:14:48+01:00,1302.5,316.0,bench-host-01,peer-scaling-2025-10
PEER-04-R4,4,142002,22,83f0ae6ef0a4d2975059a5ac,2025-10-04T02:14:49+01:00,1178.8,323.9,bench-host-01,peer-scaling-2025-10
PEER-04-R4,4,142002,23,65094bfa4e78c2f957607a04,2025-10-04T02:14:50+01:00,1142.2,325.4,bench-host-01,peer-scaling-2025-10
PEER-04-R4,4,142003,24,b8e3fca997f15d1687dfc880,2025-10-04T02:14:50+01:00,1137.3,322.7,bench-host-01,peer-scaling-2025-10
PEER-04-R4,4,142003,25,ac02a381a944c2c666cce790,2025-10-04T02:14:51+01:00,1241.3,316.9,bench-host-01,peer-scaling-2025-10
PEER-04-R4,4,142003,26,9eff9db9def49dc61ff6bab7,2025-10-04T02:14:51+01:00,1143.0,320.4,bench-host-01,peer-scaling-2025-10
PEER-04-R4,4,142003,27,14a6896290715f631a80fcf8,2025-10-04T02:14:52+01:00,1227.9,321.9,bench-host-01,peer-scaling-2025-10
PEER-04-R4,4,142003,28,fe7e0dc9e3b3020c5ccfea95,2025-10-04T02:14:53+01:00,1310.5,316.5,bench-host-01,peer-scaling-2025-10
PEER-04-R4,4,142003,29,12476cb37bf50670d5fd7055,2025-10-04T02:14:53+01:00,1121.0,328.8,bench-host-01,peer-scaling-2025-10
PEER-04-R4,4,142003,30,199fd1176fcf706829f07138,2025-10-04T02:14:54+01:00,1236.6,322.4,bench-host-01,peer-scaling-2025-10
PEER-04-R4,4,142003,31,9bc48312051728050c8b421a,2025-10-04T02:14:54+01:00,1145.5,320.7,bench-host-01,peer-scaling-2025-10
PEER-04-R4,4,142003,32,5e5a5ed95402096599743785,2025-10-04T02:14:55+01:00,1276.6,325.8,bench-host-01,peer-scaling-2025-10
PEER-04-R4,4,142003,33,684e24e9afca4be531ffe621,2025-10-04T02:14:56+01:00,1237.0,316.0,bench-host-01,peer-scaling-2025-10
PEER-04-R4,4,142003,34,808f7b7d05cebdd03e472cea,2025-10-04T02:14:56+01:00,1240.5,319.0,bench-host-01,peer-scaling-2025-10
PEER-04-R4,4,142003,35,ffad9b02a83128a9499acddd,2025-10-04T02:14:57+01:00,1243.1,333.6,bench-host-01,peer-scaling-2025-10
PEER-04-R4,4,142003,36,301035f2ddc2b3280f7e213d,2025-10-04T02:14:57+01:00,1276.6,327.5,bench-host-01,peer-scaling-2025-10
PEER-04-R4,4,142003,37,056ca0a797220f6aae5d3ded,2025-10-04T02:14:58+01:00,1271.9,320.4,bench-host-01,peer-scaling-2025-10
PEER-04-R4,4,142003,38,3bd51d48c35aeb6785279580,2025-10-04T02:14:59+01:00,1183.5,320.4,bench-host-01,peer-scaling-2025-10
PEER-04-R4,4,142004,39,028e0ec5e1f5defa7aab2de9,2025-10-04T02:14:59+01:00,1154.4,321.1,bench-host-01,peer-scaling-2025-10
PEER-04-R4,4,142004,40,5ee40c1a5ebc2b8ada1d29de,2025-10-04T02:15:00+01:00,1202.6,323.5,bench-host-01,peer-scaling-2025-10
PEER-04-R4,4,142004,41,c58335fb784b0463154b5202,2025-10-04T02:15:00+01:00,1197.9,321.1,bench-host-01,peer-scaling-2025-10
PEER-04-R4,4,142004,42,52e6d6ff79ba6c2cfd809ded,2025-10-04T02:15:01+01:00,1164.2,319.5,bench-host-01,peer-scaling-2025-10
PEER-04-R4,4,142004,43,0b957c018b3d8f02d46c122e,2025-10-04T02:15:02+01:00,1227.7,318.5,bench-host-01,peer-scaling-2025-10
PEER-04-R4,4,142005,44,7959d4aecf170d8d4fd83865,2025-10-04T02:15:02+01:00,1187.4,324.4,bench-host-01,peer-scaling-2025-10
PEER-04-R4,4,142006,45,1230f4b198b885b74e874ed9,2025-10-04T02:15:03+01:00,1274.5,325.1,bench-host-01,peer-scaling-2025-10
PEER-04-R4,4,142006,46,6f77ee3cac0401b75ab456c8,2025-10-04T02:15:03+01:00,1252.7,320.6,bench-host-01,peer-scaling-2025-10
PEER-04-R4,4,142006,47,f5e8942868d6a14fca644c3a,2025-10-04T02:15:04+01:00,1259.4,315.9,bench-host-01,peer-scaling-2025-10
PEER-04-R4,4,142007,48,1d91e804762d900a4f0819c8,2025-10-04T02:15:05+01:00,1149.5,324.1,bench-host-01,peer-scaling-2025-10
PEER-04-R4,4,142007,49,eb7deff631ef6286ada470bb,2025-10-04T02:15:05+01:00,1251.1,323.2,bench-host-01,peer-scaling-2025-10
PEER-04-R4,4,142007,50,e29961602898a5ea27840a1d,2025-10-04T02:15:06+01:00,1182.8,318.0,bench-host-01,peer-scaling-2025-10
PEER-04-R4,4,142007,51,fcc9a1b1f5a60d58a8b88b8a,2025-10-04T02:15:06+01:00,1294.9,319.3,bench-host-01,peer-scaling-2025-10
PEER-04-R4,4,142007,52,16fd19d1b9ed23a56c9a8f66,2025-10-04T02:15:07+01:00,1203.3,326.3,bench-host-01,peer-scaling-2025-10
PEER-04-R4,4,142007,53,cfbdf6b5a8a0f4b966e2b956,2025-10-04T02:15:08+01:00,1216.9,324.6,bench-host-01,peer-scaling-2025-10
PEER-04-R4,4,142007,54,1de34dac65531e203eaa8c28,2025-10-04T02:15:08+01:00,1303.0,317.1,bench-host-01,peer-scaling-2025-10
PEER-04-R4,4,142007,55,4996718052454d1feade268b,2025-10-04T02:15:09+01:00,1178.5,318.8,bench-host-01,peer-scaling-2025-10
PEER-04-R4,4,142007,56,ce7b0e48e41794aec83c0d5e,2025-10-04T02:15:09+01:00,1340.6,316.3,bench-host-01,peer-scaling-2025-10
PEER-04-R4,4,142007,57,1b2c5026223c852cbd3fc2b8,2025-10-04T02:15:10+01:00,1241.9,324.0,bench-host-01,peer-scaling-2025-10
PEER-04-R4,4,142007,58,941348ef189a2168df6eb031,2025-10-04T02:15:11+01:00,1116.9,327.0,bench-host-01,peer-scaling-2025-10
PEER-04-R4,4,142007,59,1445ebc8635b251265a81aac,2025-10-04T02:15:11+01:00,1088.6,313.5,bench-host-01,peer-scaling-2025-10
PEER-04-R4,4,142008,60,22b939294c99fc504f2c2bba,2025-10-04T02:15:12+01:00,1158.9,319.8,bench-host-01,peer-scaling-2025-10
PEER-04-R4,4,142008,61,5e5ce6bb6d635bb7a4184b1c,2025-10-04T02:15:12+01:00,1188.8,314.0,bench-host-01,peer-scaling-2025-10
PEER-04-R4,4,142008,62,cc606f1ace72a70e616a4334,2025-10-04T02:15:13+01:00,1316.4,322.4,bench-host-01,peer-scaling-2025-10
PEER-04-R4,4,142008,63,bd4b027e1b2012341910f26e,2025-10-04T02:15:14+01:00,1139.0,320.1,bench-host-01,peer-scaling-2025-10
PEER-04-R4,4,142008,64,1f345e478565404cd5b9f138,2025-10-04T02:15:14+01:00,1151.2,313.4,bench-host-01,peer-scaling-2025-10
PEER-04-R4,4,142008,65,513741f0493fddb6936264e7,2025-10-04T02:15:15+01:00,1281.5,320.7,bench-host-01,peer-scaling-2025-10
PEER-04-R4,4,142008,66,23645279f550227a1f63a6fa,2025-10-04T02:15:16+01:00,1170.6,323.9,bench-host-01,peer-scaling-2025-10
PEER-04-R4,4,142008,67,b4169d5f52893fe2714ff819,2025-10-04T02:15:16+01:00,1149.3,331.8,bench-host-01,peer-scaling-2025-10
PEER-04-R4,4,142008,68,2a0e0f1a21c901a84c83a4ca,2025-10-04T02:15:17+01:00,1227.5,315.0,bench-host-01,peer-scaling-2025-10
PEER-04-R4,4,142008,69,6eb361d0df725a3e9e3b3291,2025-10-04T02:15:17+01:00,1263.8,321.1,bench-host-01,peer-scaling-2025-10
PEER-04-R4,4,142009,70,b63d592925fcd968ce7eb856,2025-10-04T02:15:18+01:00,1183.6,324.6,bench-host-01,peer-scaling-2025-10
PEER-04-R4,4,142009,71,bee1cd40f585db845de207c9,2025-10-04T02:15:19+01:00,1209.0,316.9,bench-host-01,peer-scaling-2025-10
PEER-04-R4,4,142009,72,3e6eabace9bd8c42827c689a,2025-10-04T02:15:19+01:00,1204.1,320.1,bench-host-01,peer-scaling-2025-10
PEER-04-R4,4,142009,73,95d5892c881b116d068196ab,2025-10-04T02:15:20+01:00,1203.8,316.3,bench-host-01,peer-scaling-2025-10
PEER-04-R4,4,142009,74,74078211e81bf122430764ba,2025-10-04T02:15:20+01:00,1283.5,322.5,bench-host-01,peer-scaling-2025-10
PEER-04-R4,4,142009,75,25c22a6eb2f45fef759681f8,2025-10-04T02:15:21+01:00,1162.2,317.9,bench-host-01,peer-scaling-2025-10
PEER-04-R4,4,142009,76,12383304473157cce67d842e,2025-10-04T02:15:22+01:00,1213.0,320.2,bench-host-01,peer-scaling-2025-10
PEER-04-R4,4,142009,77,7396538393b874e87a146df4,2025-10-04T02:15:22+01:00,1232.7,310.7,bench-host-01,peer-scaling-2025-10
PEER-04-R4,4,142010,78,b5f76498b051c0aaa1f32689,2025-10-04T02:15:23+01:00,1224.0,319.1,bench-host-01,peer-scaling-2025-10
PEER-04-R4,4,142010,79,b889f400842f4061c95ca68c,2025-10-04T02:15:23+01:00,1110.3,328.8,bench-host-01,peer-scaling-2025-10
PEER-04-R4,4,142010,80,591ea30de883a7ca81f96425,2025-10-04T02:15:24+01:00,1216.7,332.0,bench-host-01,peer-scaling-2025-10
PEER-04-R4,4,142010,81,4082e89d7b94202913859fe4,2025-10-04T02:15:25+01:00,1266.0,318.1,bench-host-01,peer-scaling-2025-10
PEER-04-R4,4,142010,82,48f154feefe04b5fdd3784bb,2025-10-04T02:15:25+01:00,1259.2,331.7,bench-host-01,peer-scaling-2025-10
PEER-04-R4,4,142010,83,6116e061858f04a01f735f80,2025-10-04T02:15:26+01:00,1225.8,327.6,bench-host-01,peer-scaling-2025-10
PEER-04-R4,4,142010,84,a2a058df2ba58201a9fbee1c,2025-10-04T02:15:26+01:00,1155.8,322.8,bench-host-01,peer-scaling-2025-10
PEER-04-R4,4,142010,85,fc7fef8250ef68ecc65640f2,2025-10-04T02:15:27+01:00,1226.0,320.8,bench-host-01,peer-scaling-2025-10
PEER-04-R4,4,142010,86,ec0d57ee2771644631bbcb33,2025-10-04T02:15:28+01:00,1220.0,319.2,bench-host-01,peer-scaling-2025-10
PEER-04-R4,4,142010,87,f266998cfcdfeb0c4e426c74,2025-10-04T02:15:28+01:00,1229.8,322.6,bench-host-01,peer-scaling-2025-10
PEER-04-R4,4,142010,88,f138f18a9c516f5de61f3045,2025-10-04T02:15:29+01:00,1069.2,324.6,bench-host-01,peer-scaling-2025-10
PEER-04-R4,4,142010,89,d65ddff3b13ac5df2485d1a1,2025-10-04T02:15:29+01:00,1174.1,320.9,bench-host-01,peer-scaling-2025-10
PEER-04-R4,4,142011,90,ba1e46c7057095a45265445e,2025-10-04T02:15:30+01:00,1196.7,329.6,bench-host-01,peer-scaling-2025-10
PEER-04-R4,4,142011,91,532001de196491928313c770,2025-10-04T02:15:31+01:00,1237.3,325.5,bench-host-01,peer-scaling-2025-10
PEER-04-R4,4,142011,92,332a4f6f0e504c3ee318fa46,2025-10-04T02:15:31+01:00,1108.8,313.7,bench-host-01,peer-scaling-2025-10
PEER-04-R4,4,142011,93,f7757d8a3baf7f1cb9429909,2025-10-04T02:15:32+01:00,1193.9,330.1,bench-host-01,peer-scaling-2025-10
PEER-04-R4,4,142011,94,f073a55603c64d15d7d95667,2025-10-04T02:15:32+01:00,1208.6,312.0,bench-host-01,peer-scaling-2025-10
PEER-04-R4,4,142011,95,83a23a0a876f706757d38944,2025-10-04T02:15:33+01:00,1289.8,319.9,bench-host-01,peer-scaling-2025-10
PEER-04-R4,4,142012,96,10fbcf584f60132e800c4237,2025-10-04T02:15:34+01:00,1101.6,315.2,bench-host-01,peer-scaling-2025-10
PEER-04-R4,4,142012,97,6d9cd88a7282398034b797ee,2025-10-04T02:15:34+01:00,1175.7,323.7,bench-host-01,peer-scaling-2025-10
PEER-04-R4,4,142012,98,76f430331881c09f02726b97,2025-10-04T02:15:35+01:00,1245.8,326.5,bench-host-01,peer-scaling-2025-10
PEER-04-R4,4,142012,99,9ee06060ad4da83a608a9163,2025-10-04T02:15:35+01:00,1214.2,320.1,bench-host-01,peer-scaling-2025-10
PEER-04-R4,4,142012,100,40bdf84320d76914cbbef725,2025-10-04T02:15:36+01:00,1227.0,324.2,bench-host-01,peer-scaling-2025-10
PEER-04-R4,4,142012,101,dece163e27cb80ba5bdd536e,2025-10-04T02:15:37+01:00,1171.3,329.1,bench-host-01,peer-scaling-2025-10
PEER-04-R4,4,142012,102,528fc2526966239fbd48bb7a,2025-10-04T02:15:37+01:00,1308.5,323.3,bench-host-01,peer-scaling-2025-10
PEER-04-R4,4,142012,103,89e4efd6eb624346adc5d95e,2025-10-04T02:15:38+01:00,1241.4,325.2,bench-host-01,peer-scaling-2025-10
PEER-04-R4,4,142013,104,e7753d9f77742b0ebefbab05,2025-10-04T02:15:38+01:00,1264.5,324.9,bench-host-01,peer-scaling-2025-10
PEER-04-R4,4,142013,105,2d7053f07b5f23977182aa59,2025-10-04T02:15:39+01:00,1251.7,316.7,bench-host-01,peer-scaling-2025-10
PEER-04-R4,4,142013,106,49b8841ecdbeea27a5b371f1,2025-10-04T02:15:40+01:00,1154.3,319.3,bench-host-01,peer-scaling-2025-10
PEER-04-R4,4,142013,107,9b582c50fcef453f59fffeab,2025-10-04T02:15:40+01:00,1221.0,334.2,bench-host-01,peer-scaling-2025-10
PEER-04-R4,4,142013,108,4d2097b759bc2336a30cdf76,2025-10-04T02:15:41+01:00,1187.7,322.5,bench-host-01,peer-scaling-2025-10
PEER-04-R4,4,142013,109,3fbf80da82d53a6a0028293f,2025-10-04T02:15:41+01:00,1223.0,313.9,bench-host-01,peer-scaling-2025-10
PEER-04-R4,4,142013,110,2fffbad7395637e77eb6b15d,2025-10-04T02:15:42+01:00,1188.4,320.8,bench-host-01,peer-scaling-2025-10
PEER-04-R4,4,142013,111,61c86275aecbf7d15c705fc4,2025-10-04T02:15:43+01:00,1147.8,326.3,bench-host-01,peer-scaling-2025-10
PEER-04-R4,4,142013,112,d1575d798862b6fece813dc8,2025-10-04T02:15:43+01:00,1267.4,324.6,bench-host-01,peer-scaling-2025-10
PEER-04-R4,4,142013,113,d1abb859988e751d2a87c518,2025-10-04T02:15:44+01:00,1162.4,323.7,bench-host-01,peer-scaling-2025-10
PEER-04-R4,4,142013,114,788a68f69fc735f0801b7bfb,2025-10-04T02:15:44+01:00,1214.3,319.0,bench-host-01,peer-scaling-2025-10
PEER-04-R4,4,142013,115,7cda492164a92af39e397589,2025-10-04T02:15:45+01:00,1075.0,329.3,bench-host-01,peer-scaling-2025-10
PEER-04-R4,4,142013,116,42f1735096e37bd35d0f1d68,2025-10-04T02:15:46+01:00,1167.7,321.4,bench-host-01,peer-scaling-2025-10
PEER-04-R4,4,142014,117,519320d435f74d8583244c9a,2025-10-04T02:15:46+01:00,1177.0,327.3,bench-host-01,peer-scaling-2025-10
PEER-04-R4,4,142014,118,ac67e5926fde09832354c6fc,2025-10-04T02:15:47+01:00,1141.2,324.2,bench-host-01,peer-scaling-2025-10
PEER-04-R4,4,142014,119,7e4977705021a72442e8845b,2025-10-04T02:15:47+01:00,1147.7,319.4,bench-host-01,peer-scaling-2025-10
PEER-04-R4,4,142014,120,54d76f9f0adfdc5d40c2ff53,2025-10-04T02:15:48+01:00,1204.3,322.1,bench-host-01,peer-scaling-2025-10
PEER-04-R4,4,142014,121,c6468ac137b71948050114bf,2025-10-04T02:15:49+01:00,1245.2,320.5,bench-host-01,peer-scaling-2025-10
PEER-04-R4,4,142014,122,840f76ef112141da7835993b,2025-10-04T02:15:49+01:00,1237.9,317.9,bench-host-01,peer-scaling-2025-10
PEER-04-R4,4,142014,123,0e8462f99a0077674c4e9fad,2025-10-04T02:15:50+01:00,1120.8,325.5,bench-host-01,peer-scaling-2025-10
PEER-04-R4,4,142014,124,f68987b4ab01a7d52a82ca72,2025-10-04T02:15:50+01:00,1250.6,320.1,bench-host-01,peer-scaling-2025-10
PEER-04-R4,4,142014,125,e2c1dbdffac1f971684a08bb,2025-10-04T02:15:51+01:00,1207.7,322.6,bench-host-01,peer-scaling-2025-10
PEER-04-R4,4,142014,126,2e3cddbceb88e75617809806,2025-10-04T02:15:52+01:00,1155.8,324.2,bench-host-01,peer-scaling-2025-10
PEER-04-R4,4,142014,127,2dc3a31743c205479ba74eec,2025-10-04T02:15:52+01:00,1233.7,313.3,bench-host-01,peer-scaling-2025-10
PEER-04-R4,4,142015,128,a299ab0baa3ada691b3255ce,2025-10-04T02:15:53+01:00,1202.2,326.7,bench-host-01,peer-scaling-2025-10
PEER-04-R4,4,142015,129,ffe21bd60e9aa8be72bfe5ef,2025-10-04T02:15:53+01:00,1234.7,320.5,bench-host-01,peer-scaling-2025-10
PEER-08-R4,8,560432,0,9c8159776225d7cb32f762ad,2025-10-04T07:15:54+01:00,1214.6,322.1,bench-host-01,peer-scaling-2025-10
PEER-08-R4,8,560432,1,d3ebe097b29eab4a36da8bf3,2025-10-04T07:15:55+01:00,1217.6,329.3,bench-host-01,peer-scaling-2025-10
PEER-08-R4,8,560432,2,0ca7fd88c0a403952a2aa1e7,2025-10-04T07:15:55+01:00,1114.5,310.1,bench-host-01,peer-scaling-2025-10
PEER-08-R4,8,560432,3,9043ceac95e64a019c7c60a6,2025-10-04T07:15:56+01:00,1143.9,322.4,bench-host-01,peer-scaling-2025-10
PEER-08-R4,8,560432,4,89526e432985c1019f04359f,2025-10-04T07:15:56+01:00,1227.8,326.5,bench-host-01,peer-scaling-2025-10
PEER-08-R4,8,560432,5,0da05ec454f7be80cd3b7cce,2025-10-04T07:15:57+01:00,1097.7,328.6,bench-host-01,peer-scaling-2025-10
PEER-08-R4,8,560432,6,24d6a4c47f056605459cc849,2025-10-04T07:15:58+01:00,1164.8,317.5,bench-host-01,peer-scaling-2025-10
PEER-08-R4,8,560432,7,71ef2dbaefc01f421b54b18b,2025-10-04T07:15:58+01:00,1150.2,324.5,bench-host-01,peer-scaling-2025-10
PEER-08-R4,8,560432,8,d3e18084971b2c915ceb2e39,2025-10-04T07:15:59+01:00,1064.4,313.9,bench-host-01,peer-scaling-2025-10
PEER-08-R4,8,560432,9,4e7acb735a64e34acc7fb231,2025-10-04T07:15:59+01:00,1178.9,317.3,bench-host-01,peer-scaling-2025-10
PEER-08-R4,8,560432,10,08c33a921737439ed8cda1e9,2025-10-04T07:16:00+01:00,1066.4,312.6,bench-host-01,peer-scaling-2025-10
PEER-08-R4,8,560432,11,1ed96ddf528ef83964aa0c9b,2025-10-04T07:16:00+01:00,1150.4,312.1,bench-host-01,peer-scaling-2025-10
PEER-08-R4,8,560432,12,ff21b6f010e7759074d9fcb9,2025-10-04T07:16:01+01:00,1122.3,315.1,bench-host-01,peer-scaling-2025-10
PEER-08-R4,8,560432,13,aef0a6d43f8e3baf54d7b554,2025-10-04T07:16:02+01:00,1142.7,323.9,bench-host-01,peer-scaling-2025-10
PEER-08-R4,8,560433,14,972e983e66f3f7b56aa399c2,2025-10-04T07:16:02+01:00,1083.1,330.3,bench-host-01,peer-scaling-2025-10
PEER-08-R4,8,560433,15,510f8cd4face05711f51fc70,2025-10-04T07:16:03+01:00,1133.1,323.0,bench-host-01,peer-scaling-2025-10
PEER-08-R4,8,560433,16,7b313ae8691bd0bd860a7252,2025-10-04T07:16:03+01:00,1187.5,322.8,bench-host-01,peer-scaling-2025-10
PEER-08-R4,8,560433,17,c64cc91fb67feb382f32aa15,2025-10-04T07:16:04+01:00,1117.8,317.7,bench-host-01,peer-scaling-2025-10
PEER-08-R4,8,560434,18,f195ccd24b3e40b5e6931605,2025-10-04T07:16:04+01:00,1107.9,324.3,bench-host-01,peer-scaling-2025-10
PEER-08-R4,8,560434,19,d66a5249ac289932de2dc769,2025-10-04T07:16:05+01:00,1211.8,320.8,bench-host-01,peer-scaling-2025-10
PEER-08-R4,8,560434,20,cc0e4c86ac96ebee4e04ea9e,2025-10-04T07:16:06+01:00,1114.8,323.6,bench-host-01,peer-scaling-2025-10
PEER-08-R4,8,560434,21,822b306e36e9cdc13b92c05a,2025-10-04T07:16:06+01:00,1131.7,326.0,bench-host-01,peer-scaling-2025-10
PEER-08-R4,8,560434,22,a9be2d73cae7aae3e8241daf,2025-10-04T07:16:07+01:00,1106.6,317.0,bench-host-01,peer-scaling-2025-10
PEER-08-R4,8,560434,23,b5c50c2c74516709e8e87976,2025-10-04T07:16:07+01:00,1166.4,311.3,bench-host-01,peer-scaling-2025-10
PEER-08-R4,8,560434,24,1c0cc1ecbb9ccaf0096191b2,2025-10-04T07:16:08+01:00,1120.2,322.8,bench-host-01,peer-scaling-2025-10
PEER-08-R4,8,560434,25,cab20c241cb0d86f74aad086,2025-10-04T07:16:08+01:00,1144.6,315.9,bench-host-01,peer-scaling-2025-10
PEER-08-R4,8,560434,26,69bf0ddc6b93e24f9a884f00,2025-10-04T07:16:09+01:00,1251.4,322.7,bench-host-01,peer-scaling-2025-10
PEER-08-R4,8,560435,27,2d89e414620338c59e186de2,2025-10-04T07:16:10+01:00,1068.6,317.4,bench-host-01,peer-scaling-2025-10
PEER-08-R4,8,560435,28,674d2149fd0806a456354ad2,2025-10-04T07:16:10+01:00,1153.1,318.7,bench-host-01,peer-scaling-2025-10
PEER-08-R4,8,560435,29,8352a01ab3f358df5ab2a7dc,2025-10-04T07:16:11+01:00,1205.9,322.3,bench-host-01,peer-scaling-2025-10
PEER-08-R4,8,560435,30,3e03cade0aca9201215ee04d,2025-10-04T07:16:11+01:00,1121.0,317.4,bench-host-01,peer-scaling-2025-10
PEER-08-R4,8,560435,31,1ae6dee2d0ce6f6fa294162b,2025-10-04T07:16:12+01:00,1155.0,324.2,bench-host-01,peer-scaling-2025-10
PEER-08-R4,8,560435,32,eb9c541d65c1f4d477f9537c,2025-10-04T07:16:12+01:00,1086.0,329.6,bench-host-01,peer-scaling-2025-10
PEER-08-R4,8,560435,33,75d8f3b3d3e17ff0919252b4,2025-10-04T07:16:13+01:00,1130.8,323.3,bench-host-01,peer-scaling-2025-10
PEER-08-R4,8,560435,34,1f92d02c6eadd0a09ef4d55c,2025-10-04T07:16:14+01:00,1186.6,319.0,bench-host-01,peer-scaling-2025-10
PEER-08-R4,8,560435,35,5e2f7c490c6a5db70591e13a,2025-10-04T07:16:14+01:00,1160.0,320.1,bench-host-01,peer-scaling-2025-10
PEER-08-R4,8,560436,36,5b14abe4c3e9c1627d807402,2025-10-04T07:16:15+01:00,1048.3,312.4,bench-host-01,peer-scaling-2025-10
PEER-08-R4,8,560436,37,d7c64408b9077ab457b22407,2025-10-04T07:16:15+01:00,1198.1,321.6,bench-host-01,peer-scaling-2025-10
PEER-08-R4,8,560436,38,5fb4aad3c1eaa90d99c6a844,2025-10-04T07:16:16+01:00,1141.3,316.2,bench-host-01,peer-scaling-2025-10
PEER-08-R4,8,560436,39,1a27f14b7bb3cb0136be9b79,2025-10-04T07:16:16+01:00,1190.5,328.0,bench-host-01,peer-scaling-2025-10
PEER-08-R4,8,560437,40,148bac53cdf83b0d263cf5ce,2025-10-04T07:16:17+01:00,1162.7,321.7,bench-host-01,peer-scaling-2025-10
PEER-08-R4,8,560437,41,010aa8d72b8da5f6663241a1,2025-10-04T07:16:18+01:00,1161.6,319.6,bench-host-01,peer-scaling-2025-10
PEER-08-R4,8,560437,42,ac7d750f070a6c2fda11d676,2025-10-04T07:16:18+01:00,1120.6,320.9,bench-host-01,peer-scaling-2025-10
PEER-08-R4,8,560437,43,8124a7156294f651761a115f,2025-10-04T07:16:19+01:00,1086.2,319.7,bench-host-01,peer-scaling-2025-10
PEER-08-R4,8,560438,44,13b91f41219571f1399cc9cd,2025-10-04T07:16:19+01:00,1177.7,321.4,bench-host-01,peer-scaling-2025-10
PEER-08-R4,8,560438,45,22c2326ada9aeb8b25081e04,2025-10-04T07:16:20+01:00,1095.1,319.7,bench-host-01,peer-scaling-2025-10
PEER-08-R4,8,560438,46,82d0503e09283b0c1ba03bfc,2025-10-04T07:16:21+01:00,1149.9,320.1,bench-host-01,peer-scaling-2025-10
PEER-08-R4,8,560438,47,a9d2f5483c2458cbb8441dc2,2025-10-04T07:16:21+01:00,1203.7,312.2,bench-host-01,peer-scaling-2025-10
PEER-08-R4,8,560438,48,3469a678e43e83bc44ca9e2a,2025-10-04T07:16:22+01:00,1152.3,316.0,bench-host-01,peer-scaling-2025-10
PEER-08-R4,8,560438,49,ea3a60aa6f5e0dbf5a6d0b27,2025-10-04T07:16:22+01:00,1192.6,322.6,bench-host-01,peer-scaling-2025-10
PEER-08-R4,8,560438,50,2cef27499a9426371e478244,2025-10-04T07:16:23+01:00,1162.7,330.5,bench-host-01,peer-scaling-2025-10
PEER-08-R4,8,560438,51,9cdf7824e0a585a6366bce91,2025-10-04T07:16:23+01:00,1085.8,316.3,bench-host-01,peer-scaling-2025-10
PEER-08-R4,8,560438,52,ecb51d791e2a63dff1a433d4,2025-10-04T07:16:24+01:00,1070.7,319.3,bench-host-01,peer-scaling-2025-10
PEER-08-R4,8,560438,53,8922699fc2d76ae2ef3f5be2,2025-10-04T07:16:25+01:00,1175.0,324.9,bench-host-01,peer-scaling-2025-10
PEER-08-R4,8,560438,54,5b319bd49f82cdb05c350953,2025-10-04T07:16:25+01:00,1097.8,313.7,bench-host-01,peer-scaling-2025-10
PEER-08-R4,8,560438,55,896fe0104a35d62b558fc7ab,2025-10-04T07:16:26+01:00,1192.7,334.9,bench-host-01,peer-scaling-2025-10
PEER-08-R4,8,560439,56,63ad0402c2316816b5f9eb94,2025-10-04T07:16:26+01:00,1194.2,329.2,bench-host-01,peer-scaling-2025-10
PEER-08-R4,8,560439,57,cf6df93b4a84f690744dbf93,2025-10-04T07:16:27+01:00,1142.7,305.9,bench-host-01,peer-scaling-2025-10
PEER-08-R4,8,560439,58,e2539b3ab18882f8062b4121,2025-10-04T07:16:27+01:00,1160.6,317.1,bench-host-01,peer-scaling-2025-10
PEER-08-R4,8,560439,59,69efef17eb72ee0cae6cae14,2025-10-04T07:16:28+01:00,1100.7,319.1,bench-host-01,peer-scaling-2025-10
PEER-08-R4,8,560439,60,7e73954a65092505eecc2f27,2025-10-04T07:16:29+01:00,1097.2,319.4,bench-host-01,peer-scaling-2025-10
PEER-08-R4,8,560439,61,7c226d55f8b367db6299bb2b,2025-10-04T07:16:29+01:00,1040.9,324.9,bench-host-01,peer-scaling-2025-10
PEER-08-R4,8,560439,62,b2fbd99b61b272e81bbe297b,2025-10-04T07:16:30+01:00,1194.3,318.9,bench-host-01,peer-scaling-2025-10
PEER-08-R4,8,560439,63,df7151443b4118aff269cf07,2025-10-04T07:16:30+01:00,1050.9,328.7,bench-host-01,peer-scaling-2025-10
PEER-08-R4,8,560439,64,e8b769a653ba30504468d1d0,2025-10-04T07:16:31+01:00,1190.5,312.3,bench-host-01,peer-scaling-2025-10
PEER-08-R4,8,560439,65,e9b4c6b9548771e5bce15915,2025-10-04T07:16:31+01:00,1182.6,327.9,bench-host-01,peer-scaling-2025-10
PEER-08-R4,8,560439,66,a97b03fcce9de2ce3021b9c9,2025-10-04T07:16:32+01:00,1160.0,324.2,bench-host-01,peer-scaling-2025-10
PEER-08-R4,8,560439,67,6c1c98b20d3ae4f564ed995b,2025-10-04T07:16:33+01:00,1135.8,317.6,bench-host-01,peer-scaling-2025-10
PEER-08-R4,8,560439,68,229e5d95493eac198b4848e4,2025-10-04T07:16:33+01:00,1113.2,313.8,bench-host-01,peer-scaling-2025-10
PEER-08-R4,8,560439,69,35d1e7460a978f9bae2cf345,2025-10-04T07:16:34+01:00,1133.3,321.9,bench-host-01,peer-scaling-2025-10
PEER-08-R4,8,560440,70,561adce9d63240dd056fcc21,2025-10-04T07:16:34+01:00,1177.0,313.8,bench-host-01,peer-scaling-2025-10
PEER-08-R4,8,560440,71,3f8eb488eec4f42ed17c63c1,2025-10-04T07:16:35+01:00,1170.2,328.3,bench-host-01,peer-scaling-2025-10
PEER-08-R4,8,560440,72,b38ef280a8f35ed1d84fa07d,2025-10-04T07:16:35+01:00,1200.5,321.7,bench-host-01,peer-scaling-2025-10
PEER-08-R4,8,560440,73,e7fdaa9218a549f86cc224b3,2025-10-04T07:16:36+01:00,1155.5,319.9,bench-host-01,peer-scaling-2025-10
PEER-08-R4,8,560440,74,e239b500b1576f661835df76,2025-10-04T07:16:37+01:00,1151.2,326.3,bench-host-01,peer-scaling-2025-10
PEER-08-R4,8,560440,75,bbc9129e762b3b28774ae132,2025-10-04T07:16:37+01:00,1131.3,329.4,bench-host-01,peer-scaling-2025-10
PEER-08-R4,8,560440,76,0a30eb92a9e54fd553eb47a8,2025-10-04T07:16:38+01:00,1142.7,321.5,bench-host-01,peer-scaling-2025-10
PEER-08-R4,8,560441,77,34b8951b4c69fb1809f366b2,2025-10-04T07:16:38+01:00,1133.0,320.6,bench-host-01,peer-scaling-2025-10
PEER-08-R4,8,560441,78,2aa1220952a960db5a0e9250,2025-10-04T07:16:39+01:00,1179.4,323.4,bench-host-01,peer-scaling-2025-10
PEER-08-R4,8,560441,79,f1ff1ec36eeeeacac1f12696,2025-10-04T07:16:39+01:00,1101.4,320.2,bench-host-01,peer-scaling-2025-10
PEER-08-R4,8,560441,80,246a50e43e00fa7585f4f563,2025-10-04T07:16:40+01:00,1240.1,323.0,bench-host-01,peer-scaling-2025-10
PEER-08-R4,8,560441,81,46b76b77203055c5fc3725d5,2025-10-04T07:16:41+01:00,1193.2,323.1,bench-host-01,peer-scaling-2025-10
PEER-08-R4,8,560441,82,157e3e40387e651691e8168e,2025-10-04T07:16:41+01:00,1147.6,319.4,bench-host-01,peer-scaling-2025-10
PEER-08-R4,8,560441,83,44f69205943b91aa3a17c1e7,2025-10-04T07:16:42+01:00,1158.1,322.2,bench-host-01,peer-scaling-2025-10
PEER-08-R4,8,560441,84,ceb25a2f54247e55fe615342,2025-10-04T07:16:42+01:00,1181.9,311.8,bench-host-01,peer-scaling-2025-10
PEER-08-R4,8,560441,85,12cccb460f0eab79cf2cbad1,2025-10-04T07:16:43+01:00,1214.3,305.4,bench-host-01,peer-scaling-2025-10
PEER-08-R4,8,560441,86,fb1fb2448d390490de028f23,2025-10-04T07:16:43+01:00,1144.0,317.8,bench-host-01,peer-scaling-2025-10
PEER-08-R4,8,560441,87,ce5104b771fbe8a190cb41a0,2025-10-04T07:16:44+01:00,1120.4,326.7,bench-host-01,peer-scaling-2025-10
PEER-08-R4,8,560441,88,bee1f0358c4024e468f2570f,2025-10-04T07:16:45+01:00,1175.1,328.8,bench-host-01,peer-scaling-2025-10
PEER-08-R4,8,560441,89,21dbac8e3068953f0bbe27a9,2025-10-04T07:16:45+01:00,1147.5,323.1,bench-host-01,peer-scaling-2025-10
PEER-08-R4,8,560442,90,8bab4e558280d961a554ae6a,2025-10-04T07:16:46+01:00,1084.5,320.8,bench-host-01,peer-scaling-2025-10
PEER-08-R4,8,560442,91,96234630a1790d846f4d0f12,2025-10-04T07:16:46+01:00,1303.2,315.7,bench-host-01,peer-scaling-2025-10
PEER-08-R4,8,560442,92,47bb52ca6cc9ce04bdbb4bf1,2025-10-04T07:16:47+01:00,1165.6,322.7,bench-host-01,peer-scaling-2025-10
PEER-08-R4,8,560442,93,af4a9d2a5ef881d4685fd532,2025-10-04T07:16:48+01:00,1192.3,321.4,bench-host-01,peer-scaling-2025-10
PEER-08-R4,8,560442,94,fe642045d9c69e1b78a0aa3c,2025-10-04T07:16:48+01:00,1232.6,325.9,bench-host-01,peer-scaling-2025-10
PEER-08-R4,8,560442,95,1b443b090a2110263d2a9649,2025-10-04T07:16:49+01:00,1079.3,312.1,bench-host-01,peer-scaling-2025-10
PEER-08-R4,8,560442,96,bc2d9fdb3639becef01241bf,2025-10-04T07:16:49+01:00,1240.5,321.0,bench-host-01,peer-scaling-2025-10
PEER-08-R4,8,560442,97,f4969a7a66f5495378744cdb,2025-10-04T07:16:50+01:00,1186.7,316.5,bench-host-01,peer-scaling-2025-10
PEER-08-R4,8,560442,98,02f044e1142e9b255648e88a,2025-10-04T07:16:50+01:00,1142.6,328.2,bench-host-01,peer-scaling-2025-10
PEER-08-R4,8,560443,99,273ea1cc7a399c8989625cf2,2025-10-04T07:16:51+01:00,1122.6,317.4,bench-host-01,peer-scaling-2025-10
PEER-08-R4,8,560443,100,5b133ed58507ec0d779c14b0,2025-10-04T07:16:52+01:00,1151.8,319.9,bench-host-01,peer-scaling-2025-10
PEER-08-R4,8,560443,101,5c944a7ea16f509780e46f37,2025-10-04T07:16:52+01:00,1119.5,320.7,bench-host-01,peer-scaling-2025-10
PEER-08-R4,8,560443,102,82b6a845bd6262ad165bc6fb,2025-10-04T07:16:53+01:00,1123.9,315.1,bench-host-01,peer-scaling-2025-10
PEER-08-R4,8,560443,103,a65371e2448b645ce9590ee7,2025-10-04T07:16:53+01:00,1163.2,340.0,bench-host-01,peer-scaling-2025-10
PEER-08-R4,8,560443,104,43c8b7a0862b3dc5deeed98d,2025-10-04T07:16:54+01:00,1120.4,323.8,bench-host-01,peer-scaling-2025-10
PEER-08-R4,8,560443,105,30f24fdc78e2d088b43a33af,2025-10-04T07:16:54+01:00,1255.1,326.3,bench-host-01,peer-scaling-2025-10
PEER-08-R4,8,560443,106,cd5095ece4f9e2a5a289c95e,2025-10-04T07:16:55+01:00,1213.7,319.9,bench-host-01,peer-scaling-2025-10
PEER-08-R4,8,560443,107,4829c464d0b56c48facdf3e5,2025-10-04T07:16:56+01:00,1170.3,321.2,bench-host-01,peer-scaling-2025-10
PEER-08-R4,8,560443,108,5c74bf5bfdb06655d44206b0,2025-10-04T07:16:56+01:00,1237.8,316.1,bench-host-01,peer-scaling-2025-10
PEER-08-R4,8,560443,109,5c05a9ade4d029d78f27b9e5,2025-10-04T07:16:57+01:00,1030.4,329.0,bench-host-01,peer-scaling-2025-10
PEER-08-R4,8,560443,110,12a58320546bdc0e9f871aad,2025-10-04T07:16:57+01:00,1088.4,324.4,bench-host-01,peer-scaling-2025-10
PEER-08-R4,8,560443,111,428a50bd0f3c1ed6c649a827,2025-10-04T07:16:58+01:00,1184.5,327.7,bench-host-01,peer-scaling-2025-10
PEER-08-R4,8,560443,112,a7099cb8153bdf289a3cecf9,2025-10-04T07:16:58+01:00,1144.1,326.0,bench-host-01,peer-scaling-2025-10
PEER-08-R4,8,560443,113,e54967af58da7e0a0fee0bbf,2025-10-04T07:16:59+01:00,1102.0,320.2,bench-host-01,peer-scaling-2025-10
PEER-08-R4,8,560443,114,a1afe6aec41e7d88c62cd16f,2025-10-04T07:17:00+01:00,1147.6,322.7,bench-host-01,peer-scaling-2025-10
PEER-08-R4,8,560443,115,3f0d66d6a4959e52f26c5fe9,2025-10-04T07:17:00+01:00,1182.1,321.2,bench-host-01,peer-scaling-2025-10
PEER-08-R4,8,560443,116,f61d0cfd7ea71082a6122dca,2025-10-04T07:17:01+01:00,1135.1,322.4,bench-host-01,peer-scaling-2025-10
PEER-08-R4,8,560443,117,f31b891e67ee1976e0c4d3b6,2025-10-04T07:17:01+01:00,1171.0,314.7,bench-host-01,peer-scaling-2025-10
PEER-08-R4,8,560443,118,852e4680f70551f44a65356d,2025-10-04T07:17:02+01:00,1180.6,326.0,bench-host-01,peer-scaling-2025-10
PEER-08-R4,8,560443,119,c03e0766b5747bbdb3f57682,2025-10-04T07:17:02+01:00,1244.7,316.8,bench-host-01,peer-scaling-2025-10
PEER-08-R4,8,560444,120,3a4a7b070f6d7f92872e0b67,2025-10-04T07:17:03+01:00,1192.6,316.5,bench-host-01,peer-scaling-2025-10
PEER-08-R4,8,560444,121,667e6c17fd3e3ee288352be3,2025-10-04T07:17:04+01:00,1170.7,319.0,bench-host-01,peer-scaling-2025-10
PEER-08-R4,8,560444,122,b53d569c9590e2f95f75fd1f,2025-10-04T07:17:04+01:00,1099.7,313.3,bench-host-01,peer-scaling-2025-10
PEER-08-R4,8,560444,123,fe96382786fef6b4d4aca8a1,2025-10-04T07:17:05+01:00,1221.8,317.5,bench-host-01,peer-scaling-2025-10
PEER-08-R4,8,560444,124,15df06b739e6c93068843c16,2025-10-04T07:17:05+01:00,1160.1,318.0,bench-host-01,peer-scaling-2025-10
PEER-08-R4,8,560444,125,6983f928a2f0aa2b57df390c,2025-10-04T07:17:06+01:00,1184.1,336.3,bench-host-01,peer-scaling-2025-10
PEER-08-R4,8,560444,126,8a3e99ba5b140bf8c5ed0222,2025-10-04T07:17:06+01:00,1218.4,315.7,bench-host-01,peer-scaling-2025-10
PEER-08-R4,8,560444,127,020021bea0a6be7bcdac5cd1,2025-10-04T07:17:07+01:00,1168.0,316.5,bench-host-01,peer-scaling-2025-10
PEER-08-R4,8,560444,128,9b6aa84df003c233ef440b82,2025-10-04T07:17:08+01:00,1102.3,318.6,bench-host-01,peer-scaling-2025-10
PEER-08-R4,8,560444,129,0970c077f964369532775f9d,2025-10-04T07:17:08+01:00,1002.6,328.7,bench-host-01,peer-scaling-2025-10
PEER-16-R4,16,393570,0,ca47fb4f1f8d52059fb43dec,2025-10-04T12:17:09+01:00,1186.5,317.4,bench-host-01,peer-scaling-2025-10
PEER-16-R4,16,393570,1,9afec7384037138afffc847f,2025-10-04T12:17:09+01:00,1070.9,324.1,bench-host-01,peer-scaling-2025-10
PEER-16-R4,16,393570,2,8d12a160e364d9cf051b83bd,2025-10-04T12:17:10+01:00,1148.7,327.0,bench-host-01,peer-scaling-2025-10
PEER-16-R4,16,393570,3,8d51515178be259f08e49cea,2025-10-04T12:17:10+01:00,1028.4,323.7,bench-host-01,peer-scaling-2025-10
PEER-16-R4,16,393570,4,2aa71a873b8098ea2d779445,2025-10-04T12:17:11+01:00,1079.6,319.5,bench-host-01,peer-scaling-2025-10
PEER-16-R4,16,393570,5,73ec2f23669a1b397d7aff60,2025-10-04T12:17:11+01:00,1019.0,321.9,bench-host-01,peer-scaling-2025-10
PEER-16-R4,16,393570,6,e1391e3ab9281c3cb88fd2e4,2025-10-04T12:17:12+01:00,1025.2,323.5,bench-host-01,peer-scaling-2025-10
PEER-16-R4,16,393570,7,e70e5012346a278014e3d473,2025-10-04T12:17:12+01:00,1117.0,328.2,bench-host-01,peer-scaling-2025-10
PEER-16-R4,16,393570,8,dd3acbd3f579078f7bb4a1e2,2025-10-04T12:17:13+01:00,1030.8,324.7,bench-host-01,peer-scaling-2025-10
PEER-16-R4,16,393571,9,58de023ef43896896ab8f28b,2025-10-04T12:17:14+01:00,1016.3,323.1,bench-host-01,peer-scaling-2025-10
PEER-16-R4,16,393571,10,2c92e9c66640ac66867a56a6,2025-10-04T12:17:14+01:00,1051.1,307.9,bench-host-01,peer-scaling-2025-10
PEER-16-R4,16,393571,11,ec2c1f1131b3b92a1cd3b429,2025-10-04T12:17:15+01:00,1009.5,333.0,bench-host-01,peer-scaling-2025-10
PEER-16-R4,16,393572,12,0d501cc55d1512bb3fca5b7a,2025-10-04T12:17:15+01:00,1090.4,320.6,bench-host-01,peer-scaling-2025-10
PEER-16-R4,16,393573,13,e3a5d5668cbc6ef06f584466,2025-10-04T12:17:16+01:00,1114.2,323.5,bench-host-01,peer-scaling-2025-10
PEER-16-R4,16,393573,14,c88e11b64ea51453777edb11,2025-10-04T12:17:16+01:00,1109.3,329.2,bench-host-01,peer-scaling-2025-10
PEER-16-R4,16,393573,15,7e3b7e15fefc94aad7348ddf,2025-10-04T12:17:17+01:00,1156.3,327.8,bench-host-01,peer-scaling-2025-10
PEER-16-R4,16,393573,16,ef249df0606e91d44e38a23a,2025-10-04T12:17:17+01:00,1066.1,326.6,bench-host-01,peer-scaling-2025-10
PEER-16-R4,16,393573,17,5da7877c2d3764468984b42e,2025-10-04T12:17:18+01:00,1031.0,330.6,bench-host-01,peer-scaling-2025-10
PEER-16-R4,16,393573,18,9a64647bfabe5bc587ce97bc,2025-10-04T12:17:18+01:00,1089.7,324.2,bench-host-01,peer-scaling-2025-10
PEER-16-R4,16,393573,19,c8e7139ed0547bd536cd613b,2025-10-04T12:17:19+01:00,990.7,328.8,bench-host-01,peer-scaling-2025-10
PEER-16-R4,16,393573,20,3d3395492206cd58f2285cb7,2025-10-04T12:17:19+01:00,1086.9,331.9,bench-host-01,peer-scaling-2025-10
PEER-16-R4,16,393573,21,6e22c3103886766718769977,2025-10-04T12:17:20+01:00,964.9,319.6,bench-host-01,peer-scaling-2025-10
PEER-16-R4,16,393573,22,1944ebe50e93fc4e32d5ddde,2025-10-04T12:17:20+01:00,1139.3,326.9,bench-host-01,peer-scaling-2025-10
PEER-16-R4,16,393573,23,097b2dd0efe7e011508d4f8a,2025-10-04T12:17:21+01:00,950.9,321.9,bench-host-01,peer-scaling-2025-10
PEER-16-R4,16,393573,24,daf4552ca9079b71e0731c3f,2025-10-04T12:17:21+01:00,1028.1,325.0,bench-host-01,peer-scaling-2025-10
PEER-16-R4,16,393573,25,3b4431f8288d5a7ad107bef7,2025-10-04T12:17:22+01:00,1033.2,325.4,bench-host-01,peer-scaling-2025-10
PEER-16-R4,16,393573,26,a6239e370ac04c751c7438ff,2025-10-04T12:17:23+01:00,1031.0,318.9,bench-host-01,peer-scaling-2025-10
PEER-16-R4,16,393573,27,8caf286fed34387a97241428,2025-10-04T12:17:23+01:00,1043.2,341.7,bench-host-01,peer-scaling-2025-10
PEER-16-R4,16,393573,28,a032cc1da18e8aa980e2ccb2,2025-10-04T12:17:24+01:00,1090.3,321.1,bench-host-01,peer-scaling-2025-10
PEER-16-R4,16,393573,29,1bec674528e430871ac9a8fa,2025-10-04T12:17:24+01:00,1154.2,318.5,bench-host-01,peer-scaling-2025-10
PEER-16-R4,16,393574,30,9889bc9e17ec61b975afa82d,2025-10-04T12:17:25+01:00,995.1,319.4,bench-host-01,peer-scaling-2025-10
PEER-16-R4,16,393574,31,5abf761a7397c3e779df453b,2025-10-04T12:17:25+01:00,1166.3,326.9,bench-host-01,peer-scaling-2025-10
PEER-16-R4,16,393574,32,0d265d8076e78fb8d360258f,2025-10-04T12:17:26+01:00,1042.4,319.7,bench-host-01,peer-scaling-2025-10
PEER-16-R4,16,393574,33,5b92515538eb382e4d27938d,2025-10-04T12:17:26+01:00,1060.0,325.3,bench-host-01,peer-scaling-2025-10
PEER-16-R4,16,393574,34,261f80c3998d924e7d45deb6,2025-10-04T12:17:27+01:00,1110.5,327.1,bench-host-01,peer-scaling-2025-10
PEER-16-R4,16,393574,35,78ef36077a36adebd0d1729c,2025-10-04T12:17:27+01:00,1214.7,326.3,bench-host-01,peer-scaling-2025-10
PEER-16-R4,16,393574,36,75baffb2bdffebbd7729819e,2025-10-04T12:17:28+01:00,1040.5,323.1,bench-host-01,peer-scaling-2025-10
PEER-16-R4,16,393574,37,04ad9799d83568e01becdb11,2025-10-04T12:17:28+01:00,995.0,317.9,bench-host-01,peer-scaling-2025-10
PEER-16-R4,16,393574,38,a42d4cf72b38148e01fca2af,2025-10-04T12:17:29+01:00,1072.3,319.8,bench-host-01,peer-scaling-2025-10
PEER-16-R4,16,393574,39,55a7a52697a45f89083f588f,2025-10-04T12:17:29+01:00,1049.3,328.6,bench-host-01,peer-scaling-2025-10
PEER-16-R4,16,393574,40,f96db9b038949c99d8f8b500,2025-10-04T12:17:30+01:00,1037.0,316.1,bench-host-01,peer-scaling-2025-10
PEER-16-R4,16,393574,41,ff0ecee6e4575f3f0102f291,2025-10-04T12:17:30+01:00,1086.6,314.4,bench-host-01,peer-scaling-2025-10
PEER-16-R4,16,393574,42,c0af3f5e7eac09ff1b290eda,2025-10-04T12:17:31+01:00,1016.5,340.3,bench-host-01,peer-scaling-2025-10
PEER-16-R4,16,393574,43,f5f62026730eac488e536ef3,2025-10-04T12:17:32+01:00,1117.2,318.5,bench-host-01,peer-scaling-2025-10
PEER-16-R4,16,393574,44,c9e3aae0bb3079c8ad6d5421,2025-10-04T12:17:32+01:00,1074.1,325.3,bench-host-01,peer-scaling-2025-10
PEER-16-R4,16,393574,45,b7e90b8b6736ad38b0df3b52,2025-10-04T12:17:33+01:00,1086.4,328.7,bench-host-01,peer-scaling-2025-10
PEER-16-R4,16,393574,46,1a8a037e15e3c21ed0fba310,2025-10-04T12:17:33+01:00,1083.5,327.2,bench-host-01,peer-scaling-2025-10
PEER-16-R4,16,393574,47,ca1ca32d9dde0479164f39ef,2025-10-04T12:17:34+01:00,1071.3,323.3,bench-host-01,peer-scaling-2025-10
PEER-16-R4,16,393574,48,d1a20da5fc0fd235807670ed,2025-10-04T12:17:34+01:00,1068.4,323.4,bench-host-01,peer-scaling-2025-10
PEER-16-R4,16,393574,49,807ab5a0ef9ad84ebe30bebd,2025-10-04T12:17:35+01:00,1012.6,327.8,bench-host-01,peer-scaling-2025-10
PEER-16-R4,16,393574,50,e07fd023b8baa9b61a8a424b,2025-10-04T12:17:35+01:00,1086.6,319.0,bench-host-01,peer-scaling-2025-10
PEER-16-R4,16,393574,51,a91e456728bd7873dddfeb9d,2025-10-04T12:17:36+01:00,1005.9,316.1,bench-host-01,peer-scaling-2025-10
PEER-16-R4,16,393575,52,829d7ebbd51460f3af80529e,2025-10-04T12:17:36+01:00,1086.8,316.4,bench-host-01,peer-scaling-2025-10
PEER-16-R4,16,393575,53,2592cba16064a8948c0041b5,2025-10-04T12:17:37+01:00,1037.9,324.4,bench-host-01,peer-scaling-2025-10
PEER-16-R4,16,393575,54,d57ff052c7dae09e6f258788,2025-10-04T12:17:37+01:00,1021.3,322.4,bench-host-01,peer-scaling-2025-10
PEER-16-R4,16,393575,55,11e28612c1b7d728fded9597,2025-10-04T12:17:38+01:00,970.8,328.1,bench-host-01,peer-scaling-2025-10
PEER-16-R4,16,393575,56,6b4f8dbd5f998798af630f28,2025-10-04T12:17:38+01:00,1047.3,324.8,bench-host-01,peer-scaling-2025-10
PEER-16-R4,16,393575,57,c147e1b7ac542bc575543060,2025-10-04T12:17:39+01:00,1129.7,323.7,bench-host-01,peer-scaling-2025-10
PEER-16-R4,16,393575,58,38bff33c9be07cf6ef347967,2025-10-04T12:17:39+01:00,1071.5,333.6,bench-host-01,peer-scaling-2025-10
PEER-16-R4,16,393575,59,a3ea519e286772888e453f0a,2025-10-04T12:17:40+01:00,957.8,322.2,bench-host-01,peer-scaling-2025-10
PEER-16-R4,16,393576,60,89554b5d879a5ab9a62990d5,2025-10-04T12:17:40+01:00,1177.9,322.5,bench-host-01,peer-scaling-2025-10
PEER-16-R4,16,393576,61,f239f498b2ed7ac43768ad3e,2025-10-04T12:17:41+01:00,1015.0,320.6,bench-host-01,peer-scaling-2025-10
PEER-16-R4,16,393576,62,c42a2f0e96a86da0ecd10a8a,2025-10-04T12:17:42+01:00,1064.4,319.7,bench-host-01,peer-scaling-2025-10
PEER-16-R4,16,393576,63,922474edf65903e673ba89f4,2025-10-04T12:17:42+01:00,1053.1,326.0,bench-host-01,peer-scaling-2025-10
PEER-16-R4,16,393577,64,01a5a103aba65d0fa13978e2,2025-10-04T12:17:43+01:00,1091.7,318.8,bench-host-01,peer-scaling-2025-10
PEER-16-R4,16,393577,65,1b6b2b0a9dfdda9ccbc05ec0,2025-10-04T12:17:43+01:00,1141.0,322.8,bench-host-01,peer-scaling-2025-10
PEER-16-R4,16,393578,66,9368624f96d9df7497586428,2025-10-04T12:17:44+01:00,1038.7,328.4,bench-host-01,peer-scaling-2025-10
PEER-16-R4,16,393578,67,f4adc467a757063863cd20d3,2025-10-04T12:17:44+01:00,972.5,326.1,bench-host-01,peer-scaling-2025-10
PEER-16-R4,16,393578,68,34fb030bfc77f6fbe52e8110,2025-10-04T12:17:45+01:00,986.2,330.3,bench-host-01,peer-scaling-2025-10
PEER-16-R4,16,393578,69,dc6478f045cd7104f0fadce2,2025-10-04T12:17:45+01:00,1076.0,319.7,bench-host-01,peer-scaling-2025-10
PEER-16-R4,16,393578,70,f3dfb5da592939ecdce93833,2025-10-04T12:17:46+01:00,1036.7,315.6,bench-host-01,peer-scaling-2025-10
PEER-16-R4,16,393578,71,bf7b3a523765878a75ae5365,2025-10-04T12:17:46+01:00,1014.3,320.5,bench-host-01,peer-scaling-2025-10
PEER-16-R4,16,393578,72,1f5e0934633c97259b680deb,2025-10-04T12:17:47+01:00,1146.7,332.7,bench-host-01,peer-scaling-2025-10
PEER-16-R4,16,393578,73,1871514ae06cffa73728a6b4,2025-10-04T12:17:47+01:00,1125.0,320.1,bench-host-01,peer-scaling-2025-10
PEER-16-R4,16,393578,74,c9cbb8816fced84caab9f93a,2025-10-04T12:17:48+01:00,1002.7,318.6,bench-host-01,peer-scaling-2025-10
PEER-16-R4,16,393578,75,bec96979359d7a9255cf346e,2025-10-04T12:17:48+01:00,964.6,329.0,bench-host-01,peer-scaling-2025-10
PEER-16-R4,16,393578,76,9fffb32a3facb96c6fab2120,2025-10-04T12:17:49+01:00,1060.1,320.1,bench-host-01,peer-scaling-2025-10
PEER-16-R4,16,393578,77,58ebd12b4a05511fd00b4c4b,2025-10-04T12:17:49+01:00,1008.5,320.1,bench-host-01,peer-scaling-2025-10
PEER-16-R4,16,393578,78,0072d26a4dbc943845467a61,2025-10-04T12:17:50+01:00,1059.1,323.5,bench-host-01,peer-scaling-2025-10
PEER-16-R4,16,393578,79,71533550cb13fe219e6278c2,2025-10-04T12:17:51+01:00,1081.2,326.2,bench-host-01,peer-scaling-2025-10
PEER-16-R4,16,393578,80,4292f92b7e7b2bcc08d468a1,2025-10-04T12:17:51+01:00,1085.4,318.2,bench-host-01,peer-scaling-2025-10
PEER-16-R4,16,393578,81,ba7449753269ce0b1f2b8355,2025-10-04T12:17:52+01:00,1135.1,323.7,bench-host-01,peer-scaling-2025-10
PEER-16-R4,16,393578,82,0eec9dd6382d4c7441062733,2025-10-04T12:17:52+01:00,1047.8,316.4,bench-host-01,peer-scaling-2025-10
PEER-16-R4,16,393578,83,ea4fe380e1523e8f2622b1fd,2025-10-04T12:17:53+01:00,1025.5,328.6,bench-host-01,peer-scaling-2025-10
PEER-16-R4,16,393579,84,ace7cc897df7029cbb325ff0,2025-10-04T12:17:53+01:00,970.6,321.6,bench-host-01,peer-scaling-2025-10
PEER-16-R4,16,393579,85,4101a52d9c1776ba5012d154,2025-10-04T12:17:54+01:00,1120.4,321.4,bench-host-01,peer-scaling-2025-10
PEER-16-R4,16,393579,86,306b5c7905c4ad6bbaaaf4d5,2025-10-04T12:17:54+01:00,1064.9,329.2,bench-host-01,peer-scaling-2025-10
PEER-16-R4,16,393579,87,a5a9649b6a989acde1d5368c,2025-10-04T12:17:55+01:00,1086.1,325.2,bench-host-01,peer-scaling-2025-10
PEER-16-R4,16,393579,88,bfa7f2c9c07341b140d0e927,2025-10-04T12:17:55+01:00,1116.6,326.7,bench-host-01,peer-scaling-2025-10
PEER-16-R4,16,393579,89,04325d880ca1264118658e7f,2025-10-04T12:17:56+01:00,1044.1,324.5,bench-host-01,peer-scaling-2025-10
PEER-16-R4,16,393579,90,129b78c36946b21c353f9795,2025-10-04T12:17:56+01:00,1153.1,328.3,bench-host-01,peer-scaling-2025-10
PEER-16-R4,16,393579,91,94deee9c198c8307faf60d83,2025-10-04T12:17:57+01:00,1089.7,318.0,bench-host-01,peer-scaling-2025-10
PEER-16-R4,16,393579,92,b0fd975ee23f7fb2fe720307,2025-10-04T12:17:57+01:00,991.5,320.9,bench-host-01,peer-scaling-2025-10
PEER-16-R4,16,393579,93,930db775cdc2459b5a9882be,2025-10-04T12:17:58+01:00,1093.6,326.4,bench-host-01,peer-scaling-2025-10
PEER-16-R4,16,393579,94,6ff4151b548d0f9549dd8a13,2025-10-04T12:17:58+01:00,1043.7,328.3,bench-host-01,peer-scaling-2025-10
PEER-16-R4,16,393579,95,98e22f41fa13a26f60885fe8,2025-10-04T12:17:59+01:00,1110.3,326.3,bench-host-01,peer-scaling-2025-10
PEER-16-R4,16,393579,96,284b0dbbd4f6829662b48698,2025-10-04T12:18:00+01:00,1003.2,333.3,bench-host-01,peer-scaling-2025-10
PEER-16-R4,16,393579,97,6522d8d29a773105ff1466d1,2025-10-04T12:18:00+01:00,1013.3,320.4,bench-host-01,peer-scaling-2025-10
PEER-16-R4,16,393579,98,95e831f0a687991f7ee302b1,2025-10-04T12:18:01+01:00,1027.2,322.3,bench-host-01,peer-scaling-2025-10
PEER-16-R4,16,393580,99,9388be9606b79f18a137c565,2025-10-04T12:18:01+01:00,1139.4,329.4,bench-host-01,peer-scaling-2025-10
PEER-16-R4,16,393580,100,e69c663c66a17b88bac212b0,2025-10-04T12:18:02+01:00,1067.6,322.0,bench-host-01,peer-scaling-2025-10
PEER-16-R4,16,393580,101,f0e40bd9856184be244070ae,2025-10-04T12:18:02+01:00,963.2,322.7,bench-host-01,peer-scaling-2025-10
PEER-16-R4,16,393580,102,98c6e096b52cf76ed78032b6,2025-10-04T12:18:03+01:00,1057.4,320.8,bench-host-01,peer-scaling-2025-10
PEER-16-R4,16,393580,103,280069c79d90202077d14aeb,2025-10-04T12:18:03+01:00,935.6,326.2,bench-host-01,peer-scaling-2025-10
PEER-16-R4,16,393580,104,fa12b8aadd99de54bd586a8d,2025-10-04T12:18:04+01:00,1075.2,332.1,bench-host-01,peer-scaling-2025-10
PEER-16-R4,16,393580,105,78f6132d405510bfaf5ce721,2025-10-04T12:18:04+01:00,1076.5,322.2,bench-host-01,peer-scaling-2025-10
PEER-16-R4,16,393580,106,1c3cd7d7a5fd6cffd5cb2f46,2025-10-04T12:18:05+01:00,1090.7,315.2,bench-host-01,peer-scaling-2025-10
PEER-16-R4,16,393580,107,e485bd18e1065e63fdee16c9,2025-10-04T12:18:05+01:00,1092.0,321.9,bench-host-01,peer-scaling-2025-10
PEER-16-R4,16,393580,108,5a4b5463bb3bbba7a06d179e,2025-10-04T12:18:06+01:00,1106.4,325.0,bench-host-01,peer-scaling-2025-10
PEER-16-R4,16,393580,109,808f4109561d467622443120,2025-10-04T12:18:06+01:00,1016.7,315.0,bench-host-01,peer-scaling-2025-10
PEER-16-R4,16,393581,110,a6ebb42db8218662d3e3bdbe,2025-10-04T12:18:07+01:00,1118.8,314.8,bench-host-01,peer-scaling-2025-10
PEER-16-R4,16,393581,111,db0a5e3fe8c791a29ce5b710,2025-10-04T12:18:07+01:00,980.1,330.8,bench-host-01,peer-scaling-2025-10
PEER-16-R4,16,393581,112,e7fde20ab2f4e386ff4b9cd5,2025-10-04T12:18:08+01:00,1045.7,330.8,bench-host-01,peer-scaling-2025-10
PEER-16-R4,16,393581,113,9eb3719ecc4a1b4070b9d685,2025-10-04T12:18:08+01:00,1130.7,328.6,bench-host-01,peer-scaling-2025-10
PEER-16-R4,16,393581,114,125296a8ba6c23a22c63bafa,2025-10-04T12:18:09+01:00,1043.4,318.7,bench-host-01,peer-scaling-2025-10
PEER-16-R4,16,393581,115,1939bf51a391f07f1d4a36ba,2025-10-04T12:18:10+01:00,1057.9,320.9,bench-host-01,peer-scaling-2025-10
PEER-16-R4,16,393581,116,5177e9c6e40c3a329e4ebc4a,2025-10-04T12:18:10+01:00,1009.1,320.8,bench-host-01,peer-scaling-2025-10
PEER-16-R4,16,393581,117,c1a967df21c8e938fbd8d674,2025-10-04T12:18:11+01:00,1005.1,322.6,bench-host-01,peer-scaling-2025-10
PEER-16-R4,16,393581,118,b47505738015ab8e3cc6e800,2025-10-04T12:18:11+01:00,1036.6,326.0,bench-host-01,peer-scaling-2025-10
PEER-16-R4,16,393581,119,0adb6bf8241cf239e926c1f4,2025-10-04T12:18:12+01:00,1197.7,328.6,bench-host-01,peer-scaling-2025-10
PEER-16-R4,16,393582,120,bd2dd593c214745027bcde32,2025-10-04T12:18:12+01:00,1158.9,316.2,bench-host-01,peer-scaling-2025-10
PEER-16-R4,16,393582,121,345c52ee54b16b9342adb49e,2025-10-04T12:18:13+01:00,1049.9,326.9,bench-host-01,peer-scaling-2025-10
PEER-16-R4,16,393582,122,682400e9d2992b7c9bbdf681,2025-10-04T12:18:13+01:00,1029.4,323.3,bench-host-01,peer-scaling-2025-10
PEER-16-R4,16,393582,123,f715b95d680a57f11f203929,2025-10-04T12:18:14+01:00,1144.1,327.7,bench-host-01,peer-scaling-2025-10
PEER-16-R4,16,393582,124,c21bf83f2984343bb177abf7,2025-10-04T12:18:14+01:00,1096.3,320.6,bench-host-01,peer-scaling-2025-10
PEER-16-R4,16,393582,125,0bcf7fab1190b91c871dfafa,2025-10-04T12:18:15+01:00,1120.6,325.1,bench-host-01,peer-scaling-2025-10
PEER-16-R4,16,393582,126,6c8a06083709133f1ea03731,2025-10-04T12:18:15+01:00,1055.1,325.8,bench-host-01,peer-scaling-2025-10
PEER-16-R4,16,393582,127,f85204ccee5d5e6535a26c45,2025-10-04T12:18:16+01:00,1046.6,314.6,bench-host-01,peer-scaling-2025-10
PEER-16-R4,16,393582,128,16d86cf0ddaba43b57b5580b,2025-10-04T12:18:16+01:00,1015.6,322.0,bench-host-01,peer-scaling-2025-10
PEER-16-R4,16,393582,129,20c06d986087d94c24bbc943,2025-10-04T12:18:17+01:00,996.6,315.9,bench-host-01,peer-scaling-2025-10
PEER-04-R5,4,490778,0,d3481cd1701eeb5726885622,2025-10-04T17:18:17+01:00,1188.9,331.7,bench-host-01,peer-scaling-2025-10
PEER-04-R5,4,490778,1,c32980cd64a96f877a939cc7,2025-10-04T17:18:18+01:00,1244.3,313.6,bench-host-01,peer-scaling-2025-10
PEER-04-R5,4,490778,2,1be64292f4a2816ddba4597c,2025-10-04T17:18:19+01:00,1225.8,317.4,bench-host-01,peer-scaling-2025-10
PEER-04-R5,4,490778,3,62c67cfa6128cdafeb1f5417,2025-10-04T17:18:19+01:00,1221.7,320.5,bench-host-01,peer-scaling-2025-10
PEER-04-R5,4,490778,4,b88c1b521838d17fc916a9a3,2025-10-04T17:18:20+01:00,1189.7,321.2,bench-host-01,peer-scaling-2025-10
PEER-04-R5,4,490778,5,37052153f5a152f1b15ee363,2025-10-04T17:18:20+01:00,1195.8,320.7,bench-host-01,peer-scaling-2025-10
PEER-04-R5,4,490778,6,7d648d5cf233d4899142b619,2025-10-04T17:18:21+01:00,1135.0,321.0,bench-host-01,peer-scaling-2025-10
PEER-04-R5,4,490778,7,7777ad8f3b7e10027476d185,2025-10-04T17:18:22+01:00,1149.1,320.6,bench-host-01,peer-scaling-2025-10
PEER-04-R5,4,490778,8,ea8c19134563d5b50d8ea28f,2025-10-04T17:18:22+01:00,1212.9,326.9,bench-host-01,peer-scaling-2025-10
PEER-04-R5,4,490778,9,59c6909f0ea45a488c9ca382,2025-10-04T17:18:23+01:00,1212.5,315.7,bench-host-01,peer-scaling-2025-10
PEER-04-R5,4,490778,10,387cedd61ace9555e7677373,2025-10-04T17:18:24+01:00,1116.1,321.9,bench-host-01,peer-scaling-2025-10
PEER-04-R5,4,490778,11,ee798ed6156da3526e8f3908,2025-10-04T17:18:24+01:00,1223.0,325.9,bench-host-01,peer-scaling-2025-10
PEER-04-R5,4,490778,12,20b62d2f7d53db4db94c5353,2025-10-04T17:18:25+01:00,1171.6,328.2,bench-host-01,peer-scaling-2025-10
PEER-04-R5,4,490778,13,3889255d4c14d77065eeaa72,2025-10-04T17:18:25+01:00,1315.4,318.7,bench-host-01,peer-scaling-2025-10
PEER-04-R5,4,490778,14,b59b7f945841a2b5793af4bb,2025-10-04T17:18:26+01:00,1233.5,320.7,bench-host-01,peer-scaling-2025-10
PEER-04-R5,4,490778,15,c750e9199bb046a67ae33d63,2025-10-04T17:18:27+01:00,1162.5,323.2,bench-host-01,peer-scaling-2025-10
PEER-04-R5,4,490778,16,27ed52da2b745a525f56eff9,2025-10-04T17:18:27+01:00,1205.3,328.5,bench-host-01,peer-scaling-2025-10
PEER-04-R5,4,490778,17,6ce67ca68fb8b791a4487935,2025-10-04T17:18:28+01:00,1164.4,317.7,bench-host-01,peer-scaling-2025-10
PEER-04-R5,4,490778,18,1e5850ccf2022e50a4f118a1,2025-10-04T17:18:28+01:00,1146.6,322.4,bench-host-01,peer-scaling-2025-10
PEER-04-R5,4,490778,19,6a61fff8a0da3a59e71bfdbc,2025-10-04T17:18:29+01:00,1200.7,318.4,bench-host-01,peer-scaling-2025-10
PEER-04-R5,4,490778,20,a72a484fef501d811fbc24aa,2025-10-04T17:18:30+01:00,1212.7,325.8,bench-host-01,peer-scaling-2025-10
PEER-04-R5,4,490778,21,0072c9afffca1153459803ac,2025-10-04T17:18:30+01:00,1162.6,316.5,bench-host-01,peer-scaling-2025-10
PEER-04-R5,4,490778,22,772204ae8f1bd9e7e537c977,2025-10-04T17:18:31+01:00,1279.2,320.1,bench-host-01,peer-scaling-2025-10
PEER-04-R5,4,490778,23,707fe42679b03949fedf638d,2025-10-04T17:18:31+01:00,1231.8,319.0,bench-host-01,peer-scaling-2025-10
PEER-04-R5,4,490778,24,385d19962150e82ed2193a23,2025-10-04T17:18:32+01:00,1210.6,324.0,bench-host-01,peer-scaling-2025-10
PEER-04-R5,4,490778,25,58b8bef9924c2952a74f42f7,2025-10-04T17:18:33+01:00,1157.9,325.0,bench-host-01,peer-scaling-2025-10
PEER-04-R5,4,490778,26,a89ddfc029eaadba785e2ef6,2025-10-04T17:18:33+01:00,1151.1,319.4,bench-host-01,peer-scaling-2025-10
PEER-04-R5,4,490778,27,85d18040dfa482a48047c38d,2025-10-04T17:18:34+01:00,1144.0,329.3,bench-host-01,peer-scaling-2025-10
PEER-04-R5,4,490778,28,a9bd164cbf0f1cb4334ae5c7,2025-10-04T17:18:34+01:00,1158.9,315.8,bench-host-01,peer-scaling-2025-10
PEER-04-R5,4,490778,29,b70f25a5016d3c792126c219,2025-10-04T17:18:35+01:00,1182.1,315.5,bench-host-01,peer-scaling-2025-10
PEER-04-R5,4,490778,30,8550f08629ca1f780cfe1135,2025-10-04T17:18:36+01:00,1213.1,321.4,bench-host-01,peer-scaling-2025-10
PEER-04-R5,4,490778,31,a0dcd34196d7212616f4f127,2025-10-04T17:18:36+01:00,1105.2,322.8,bench-host-01,peer-scaling-2025-10
PEER-04-R5,4,490778,32,f6c414dd22282647bf71e5d2,2025-10-04T17:18:37+01:00,1196.1,325.6,bench-host-01,peer-scaling-2025-10
PEER-04-R5,4,490778,33,14e67c4ae023e186906be50a,2025-10-04T17:18:37+01:00,1241.5,327.4,bench-host-01,peer-scaling-2025-10
PEER-04-R5,4,490778,34,c693062f7c79f53848c80830,2025-10-04T17:18:38+01:00,1214.9,331.7,bench-host-01,peer-scaling-2025-10
PEER-04-R5,4,490778,35,22b7ed86bfd9afbce9fa17dc,2025-10-04T17:18:39+01:00,1272.5,323.5,bench-host-01,peer-scaling-2025-10
PEER-04-R5,4,490778,36,e86e666d916509e5825e6605,2025-10-04T17:18:39+01:00,1284.6,322.6,bench-host-01,peer-scaling-2025-10
PEER-04-R5,4,490778,37,f41b4a1bfe938ac682cb2231,2025-10-04T17:18:40+01:00,1164.4,321.5,bench-host-01,peer-scaling-2025-10
PEER-04-R5,4,490778,38,76b81663b04e555696f0a486,2025-10-04T17:18:40+01:00,1225.5,323.5,bench-host-01,peer-scaling-2025-10
PEER-04-R5,4,490778,39,0ce29c5e3353c9f455fde350,2025-10-04T17:18:41+01:00,1179.9,321.1,bench-host-01,peer-scaling-2025-10
PEER-04-R5,4,490778,40,d0aa1f5c08808d050bcfa540,2025-10-04T17:18:42+01:00,1346.3,320.0,bench-host-01,peer-scaling-2025-10
PEER-04-R5,4,490778,41,8eb2ee1e567a42a88cb2d36d,2025-10-04T17:18:42+01:00,1249.9,325.2,bench-host-01,peer-scaling-2025-10
PEER-04-R5,4,490778,42,831b7b579560882fd1849606,2025-10-04T17:18:43+01:00,1196.1,326.6,bench-host-01,peer-scaling-2025-10
PEER-04-R5,4,490778,43,fd44fee7b6e7009daa9562b8,2025-10-04T17:18:43+01:00,1207.7,313.6,bench-host-01,peer-scaling-2025-10
PEER-04-R5,4,490778,44,98950ece152def77e77f8e41,2025-10-04T17:18:44+01:00,1198.0,321.0,bench-host-01,peer-scaling-2025-10
PEER-04-R5,4,490778,45,c9ee12ea821c167c8426987c,2025-10-04T17:18:45+01:00,1216.3,327.8,bench-host-01,peer-scaling-2025-10
PEER-04-R5,4,490778,46,547c6409aa76990abc3080ef,2025-10-04T17:18:45+01:00,1138.3,318.8,bench-host-01,peer-scaling-2025-10
PEER-04-R5,4,490778,47,8710fa826b5e99669b3cb725,2025-10-04T17:18:46+01:00,1133.5,322.0,bench-host-01,peer-scaling-2025-10
PEER-04-R5,4,490779,48,512bf2b315ea744950cad6cc,2025-10-04T17:18:46+01:00,1189.2,329.2,bench-host-01,peer-scaling-2025-10
PEER-04-R5,4,490779,49,a392ef0aac9613c5e4a62d9d,2025-10-04T17:18:47+01:00,1226.0,322.5,bench-host-01,peer-scaling-2025-10
PEER-04-R5,4,490779,50,05819bf6ca1a31992d22f2b8,2025-10-04T17:18:48+01:00,1198.3,324.2,bench-host-01,peer-scaling-2025-10
PEER-04-R5,4,490779,51,defb50fe6c4c9384a96c09bb,2025-10-04T17:18:48+01:00,1116.6,329.1,bench-host-01,peer-scaling-2025-10
PEER-04-R5,4,490779,52,d44fec899c4ddea04e680cd2,2025-10-04T17:18:49+01:00,1196.4,324.9,bench-host-01,peer-scaling-2025-10
PEER-04-R5,4,490779,53,b8627ee04d11338bbefba2f5,2025-10-04T17:18:49+01:00,1297.9,323.2,bench-host-01,peer-scaling-2025-10
PEER-04-R5,4,490779,54,aa03c69cd363fbc8cb62b41b,2025-10-04T17:18:50+01:00,1216.7,326.8,bench-host-01,peer-scaling-2025-10
PEER-04-R5,4,490779,55,d97ff0e73e56c017bc935173,2025-10-04T17:18:51+01:00,1187.0,316.8,bench-host-01,peer-scaling-2025-10
PEER-04-R5,4,490779,56,928c60a66386f2fabed56e20,2025-10-04T17:18:51+01:00,1248.0,321.2,bench-host-01,peer-scaling-2025-10
PEER-04-R5,4,490779,57,59c772bf1441bd187ce43140,2025-10-04T17:18:52+01:00,1180.0,320.2,bench-host-01,peer-scaling-2025-10
PEER-04-R5,4,490779,58,9f41cd2520553c4dfb9ad303,2025-10-04T17:18:52+01:00,1158.1,322.0,bench-host-01,peer-scaling-2025-10
PEER-04-R5,4,490779,59,385dfa8be8bc9f274deb2e00,2025-10-04T17:18:53+01:00,1287.8,322.5,bench-host-01,peer-scaling-2025-10
PEER-04-R5,4,490779,60,b261a8dde7d5852dee0ae902,2025-10-04T17:18:54+01:00,1175.3,323.5,bench-host-01,peer-scaling-2025-10
PEER-04-R5,4,490779,61,629aebd146678b4fb67337ec,2025-10-04T17:18:54+01:00,1187.7,322.0,bench-host-01,peer-scaling-2025-10
PEER-04-R5,4,490779,62,42ac08f9020c769b077db49f,2025-10-04T17:18:55+01:00,1260.4,312.7,bench-host-01,peer-scaling-2025-10
PEER-04-R5,4,490779,63,6bb8e8cd0d83b988a084e98a,2025-10-04T17:18:55+01:00,1189.9,325.4,bench-host-01,peer-scaling-2025-10
PEER-04-R5,4,490779,64,bb5847040696dd40d67802f2,2025-10-04T17:18:56+01:00,1019.5,314.2,bench-host-01,peer-scaling-2025-10
PEER-04-R5,4,490779,65,b64f58922ed40cbb4d936595,2025-10-04T17:18:57+01:00,1306.5,325.4,bench-host-01,peer-scaling-2025-10
PEER-04-R5,4,490779,66,6c78a7a409e7155c25b6f1d4,2025-10-04T17:18:57+01:00,1208.0,328.9,bench-host-01,peer-scaling-2025-10
PEER-04-R5,4,490779,67,62e0eb99f6d441c36a2e9c83,2025-10-04T17:18:58+01:00,1305.2,325.6,bench-host-01,peer-scaling-2025-10
PEER-04-R5,4,490779,68,4de6f4840ff359c1493e8850,2025-10-04T17:18:58+01:00,1248.3,324.3,bench-host-01,peer-scaling-2025-10
PEER-04-R5,4,490779,69,a754b4ee0f774e4de84573ad,2025-10-04T17:18:59+01:00,1207.4,316.1,bench-host-01,peer-scaling-2025-10
PEER-04-R5,4,490779,70,f1557e320d1adc0e8069a5ba,2025-10-04T17:19:00+01:00,1348.8,316.4,bench-host-01,peer-scaling-2025-10
PEER-04-R5,4,490779,71,9b9e8d7e827698b409f548b0,2025-10-04T17:19:00+01:00,1235.3,322.8,bench-host-01,peer-scaling-2025-10
PEER-04-R5,4,490780,72,f09e9f7e820be1463622b962,2025-10-04T17:19:01+01:00,1256.1,324.1,bench-host-01,peer-scaling-2025-10
PEER-04-R5,4,490780,73,019f861047e943c194c04455,2025-10-04T17:19:01+01:00,1272.2,324.0,bench-host-01,peer-scaling-2025-10
PEER-04-R5,4,490780,74,8f22a01da17ee486da92c148,2025-10-04T17:19:02+01:00,1335.3,326.2,bench-host-01,peer-scaling-2025-10
PEER-04-R5,4,490780,75,15c49d34a5e220c8a6fd157f,2025-10-04T17:19:03+01:00,1207.3,322.6,bench-host-01,peer-scaling-2025-10
PEER-04-R5,4,490780,76,7b8c2976435e0139324fa772,2025-10-04T17:19:03+01:00,1169.7,319.8,bench-host-01,peer-scaling-2025-10
PEER-04-R5,4,490780,77,ec952a4418abbc3022ab9509,2025-10-04T17:19:04+01:00,1206.6,320.8,bench-host-01,peer-scaling-2025-10
PEER-04-R5,4,490780,78,dabdd60e8149d89f4af8df2b,2025-10-04T17:19:04+01:00,1200.5,319.6,bench-host-01,peer-scaling-2025-10
PEER-04-R5,4,490780,79,d9aad3849a0502a8cb2d9591,2025-10-04T17:19:05+01:00,1177.4,322.3,bench-host-01,peer-scaling-2025-10
PEER-04-R5,4,490781,80,806ddcbdee1a9937445548a8,2025-10-04T17:19:06+01:00,1256.9,319.0,bench-host-01,peer-scaling-2025-10
PEER-04-R5,4,490781,81,5d16176a73d29fc5376524b2,2025-10-04T17:19:06+01:00,1315.5,322.8,bench-host-01,peer-scaling-2025-10
PEER-04-R5,4,490781,82,96a436c2314c29adeecba930,2025-10-04T17:19:07+01:00,1173.2,331.7,bench-host-01,peer-scaling-2025-10
PEER-04-R5,4,490781,83,7d038709b05af3c2ab95b992,2025-10-04T17:19:07+01:00,1239.4,319.8,bench-host-01,peer-scaling-2025-10
PEER-04-R5,4,490782,84,0a178a6d26222ef7fc2c530a,2025-10-04T17:19:08+01:00,1186.1,331.6,bench-host-01,peer-scaling-2025-10
PEER-04-R5,4,490782,85,80ef70eb5ffe2a4370bae9cc,2025-10-04T17:19:09+01:00,1225.0,324.9,bench-host-01,peer-scaling-2025-10
PEER-04-R5,4,490782,86,4759428c3b1f965c191bb062,2025-10-04T17:19:09+01:00,1216.9,313.6,bench-host-01,peer-scaling-2025-10
PEER-04-R5,4,490782,87,1aae7bb12a15260307eb92c7,2025-10-04T17:19:10+01:00,1147.6,322.5,bench-host-01,peer-scaling-2025-10
PEER-04-R5,4,490782,88,4c8831159d25faf5bff7c54e,2025-10-04T17:19:10+01:00,1207.3,319.3,bench-host-01,peer-scaling-2025-10
PEER-04-R5,4,490782,89,e200121788828557a6cfe6ca,2025-10-04T17:19:11+01:00,1228.7,319.1,bench-host-01,peer-scaling-2025-10
PEER-04-R5,4,490783,90,b9a9129a8b264a413c164c88,2025-10-04T17:19:12+01:00,1082.3,320.2,bench-host-01,peer-scaling-2025-10
PEER-04-R5,4,490784,91,1312051e2e41e60706be8a60,2025-10-04T17:19:12+01:00,1253.2,320.7,bench-host-01,peer-scaling-2025-10
PEER-04-R5,4,490784,92,a0bbd65011166da804c9c4b0,2025-10-04T17:19:13+01:00,1183.6,329.8,bench-host-01,peer-scaling-2025-10
PEER-04-R5,4,490784,93,79a3b03e6ba6f2fd4954ba33,2025-10-04T17:19:14+01:00,1156.7,319.4,bench-host-01,peer-scaling-2025-10
PEER-04-R5,4,490784,94,49db71445462d4a9537dfd9c,2025-10-04T17:19:14+01:00,1250.3,321.0,bench-host-01,peer-scaling-2025-10
PEER-04-R5,4,490784,95,7fb0776036bde2d7cfe10228,2025-10-04T17:19:15+01:00,1127.2,313.9,bench-host-01,peer-scaling-2025-10
PEER-04-R5,4,490784,96,76557737e41b888b112db9fe,2025-10-04T17:19:15+01:00,1188.9,324.2,bench-host-01,peer-scaling-2025-10
PEER-04-R5,4,490784,97,04e770abca3b9d283c66ba78,2025-10-04T17:19:16+01:00,1209.0,321.7,bench-host-01,peer-scaling-2025-10
PEER-04-R5,4,490785,98,cf4c44239f4d41c3524f76bc,2025-10-04T17:19:17+01:00,1153.7,323.1,bench-host-01,peer-scaling-2025-10
PEER-04-R5,4,490785,99,29476c4088a059c4ab6f03a1,2025-10-04T17:19:17+01:00,1239.5,308.2,bench-host-01,peer-scaling-2025-10
PEER-04-R5,4,490785,100,de5060d5ddd833680b346abd,2025-10-04T17:19:18+01:00,1197.3,319.7,bench-host-01,peer-scaling-2025-10
PEER-04-R5,4,490785,101,65105598abaa83cd2ec45487,2025-10-04T17:19:18+01:00,1224.4,318.9,bench-host-01,peer-scaling-2025-10
PEER-04-R5,4,490785,102,87c6ab5b0601679df458422a,2025-10-04T17:19:19+01:00,1303.6,333.4,bench-host-01,peer-scaling-2025-10
PEER-04-R5,4,490785,103,be5c269cdc50e69810c0a6cd,2025-10-04T17:19:20+01:00,1197.6,322.7,bench-host-01,peer-scaling-2025-10
PEER-04-R5,4,490786,104,051824ddb07b9cee026665e0,2025-10-04T17:19:20+01:00,1226.4,320.7,bench-host-01,peer-scaling-2025-10
PEER-04-R5,4,490786,105,ee8290a1aa2ab7843747d423,2025-10-04T17:19:21+01:00,1296.3,324.1,bench-host-01,peer-scaling-2025-10
PEER-04-R5,4,490786,106,45f9663ea23e06b238b37605,2025-10-04T17:19:21+01:00,1197.1,312.8,bench-host-01,peer-scaling-2025-10
PEER-04-R5,4,490786,107,8ec99ce76dfa167ec1735ff6,2025-10-04T17:19:22+01:00,1226.7,318.5,bench-host-01,peer-scaling-2025-10
PEER-04-R5,4,490786,108,529b8f0a17e8cb646741edd0,2025-10-04T17:19:23+01:00,1234.4,318.5,bench-host-01,peer-scaling-2025-10
PEER-04-R5,4,490786,109,2133c06747dcf899f535e4a1,2025-10-04T17:19:23+01:00,1207.4,323.7,bench-host-01,peer-scaling-2025-10
PEER-04-R5,4,490787,110,d01a9574b0169b073edfce81,2025-10-04T17:19:24+01:00,1248.8,313.9,bench-host-01,peer-scaling-2025-10
PEER-04-R5,4,490787,111,ff3043666ec55d7379d5acf1,2025-10-04T17:19:24+01:00,1208.5,319.8,bench-host-01,peer-scaling-2025-10
PEER-04-R5,4,490787,112,3650f5328cf621b18cef7f19,2025-10-04T17:19:25+01:00,1259.1,319.4,bench-host-01,peer-scaling-2025-10
PEER-04-R5,4,490787,113,d3cc147081e0401a33602db2,2025-10-04T17:19:26+01:00,1141.2,323.3,bench-host-01,peer-scaling-2025-10
PEER-04-R5,4,490787,114,fee0834cd9aa89dc7bf533e0,2025-10-04T17:19:26+01:00,1107.8,319.9,bench-host-01,peer-scaling-2025-10
PEER-04-R5,4,490787,115,d762bb611921290d6d302502,2025-10-04T17:19:27+01:00,1215.9,321.2,bench-host-01,peer-scaling-2025-10
PEER-04-R5,4,490787,116,bafd5b9f972ff81ea357e16f,2025-10-04T17:19:27+01:00,1251.4,323.6,bench-host-01,peer-scaling-2025-10
PEER-04-R5,4,490787,117,c8772d2781d407927216b3b0,2025-10-04T17:19:28+01:00,1207.7,322.6,bench-host-01,peer-scaling-2025-10
PEER-04-R5,4,490787,118,ba2b8e85f7ee3df58debf88c,2025-10-04T17:19:29+01:00,1095.7,324.3,bench-host-01,peer-scaling-2025-10
PEER-04-R5,4,490787,119,02f7d278431d3621bb11f166,2025-10-04T17:19:29+01:00,1182.4,322.9,bench-host-01,peer-scaling-2025-10
PEER-04-R5,4,490788,120,bc1774bbec6c67ca473c5f4f,2025-10-04T17:19:30+01:00,1096.8,314.2,bench-host-01,peer-scaling-2025-10
PEER-04-R5,4,490788,121,618d126ccec416a58851cc4e,2025-10-04T17:19:30+01:00,1179.2,321.9,bench-host-01,peer-scaling-2025-10
PEER-04-R5,4,490788,122,65e0aaac57d4ec75cd0f79b0,2025-10-04T17:19:31+01:00,1249.8,319.8,bench-host-01,peer-scaling-2025-10
PEER-04-R5,4,490788,123,9084d06a1ae2b8a48c6ecefd,2025-10-04T17:19:32+01:00,1147.8,321.4,bench-host-01,peer-scaling-2025-10
PEER-04-R5,4,490788,124,38d964c9f1f8c76771b61c45,2025-10-04T17:19:32+01:00,1385.5,323.0,bench-host-01,peer-scaling-2025-10
PEER-04-R5,4,490788,125,f2c7616fb489745c8f15e86f,2025-10-04T17:19:33+01:00,1296.9,322.6,bench-host-01,peer-scaling-2025-10
PEER-04-R5,4,490788,126,ff2f4e4e6b21b0559ab2bda6,2025-10-04T17:19:33+01:00,1049.2,320.6,bench-host-01,peer-scaling-2025-10
PEER-04-R5,4,490788,127,0dadb757664577d1bea6e61a,2025-10-04T17:19:34+01:00,1242.4,315.6,bench-host-01,peer-scaling-2025-10
PEER-04-R5,4,490789,128,f93615a64e9022d05243094d,2025-10-04T17:19:35+01:00,1289.8,313.2,bench-host-01,peer-scaling-2025-10
PEER-04-R5,4,490789,129,960b191a877efa449ce9c6b9,2025-10-04T17:19:35+01:00,1211.2,313.9,bench-host-01,peer-scaling-2025-10
PEER-32-R5,32,312790,0,9cead293e5add7968d62daf6,2025-10-04T22:19:36+01:00,767.3,314.3,bench-host-01,peer-scaling-2025-10
PEER-32-R5,32,312790,1,1d7fd9662a727453e46ae649,2025-10-04T22:19:36+01:00,809.9,313.0,bench-host-01,peer-scaling-2025-10
PEER-32-R5,32,312790,2,9165ad373062395720bf0e50,2025-10-04T22:19:37+01:00,818.9,322.6,bench-host-01,peer-scaling-2025-10
PEER-32-R5,32,312790,3,b83e88d972f9dc864ebb22a9,2025-10-04T22:19:37+01:00,826.5,324.5,bench-host-01,peer-scaling-2025-10
PEER-32-R5,32,312790,4,463b7eae576ce092b8b22016,2025-10-04T22:19:37+01:00,724.0,314.9,bench-host-01,peer-scaling-2025-10
PEER-32-R5,32,312790,5,1b5827b19d520c2ddb21051a,2025-10-04T22:19:38+01:00,747.0,321.5,bench-host-01,peer-scaling-2025-10
PEER-32-R5,32,312790,6,21cf8e919f1579ef85b86743,2025-10-04T22:19:38+01:00,831.0,311.4,bench-host-01,peer-scaling-2025-10
PEER-32-R5,32,312790,7,683cb764648c8be94f71f657,2025-10-04T22:19:39+01:00,790.1,312.4,bench-host-01,peer-scaling-2025-10
PEER-32-R5,32,312790,8,e6cef676d7fcedf7a8a39fb3,2025-10-04T22:19:39+01:00,830.7,313.1,bench-host-01,peer-scaling-2025-10
PEER-32-R5,32,312790,9,661fc405fbf6d6f37d30aaca,2025-10-04T22:19:39+01:00,917.5,314.7,bench-host-01,peer-scaling-2025-10
PEER-32-R5,32,312790,10,f98e3205b69631995be47c08,2025-10-04T22:19:40+01:00,768.6,311.8,bench-host-01,peer-scaling-2025-10
PEER-32-R5,32,312790,11,d128bdbaadbc84ef92346576,2025-10-04T22:19:40+01:00,654.4,310.3,bench-host-01,peer-scaling-2025-10
PEER-32-R5,32,312790,12,6f86f352ab75d1445d817ea6,2025-10-04T22:19:41+01:00,787.3,322.0,bench-host-01,peer-scaling-2025-10
PEER-32-R5,32,312790,13,6655b68d6afc8c7968d47d10,2025-10-04T22:19:41+01:00,788.7,317.6,bench-host-01,peer-scaling-2025-10
PEER-32-R5,32,312791,14,869855e39e4c87829555f5b2,2025-10-04T22:19:41+01:00,815.6,315.0,bench-host-01,peer-scaling-2025-10
PEER-32-R5,32,312791,15,5ebe14abe420ebd4f90b9afc,2025-10-04T22:19:42+01:00,800.0,312.5,bench-host-01,peer-scaling-2025-10
PEER-32-R5,32,312791,16,4729161d53ed99bfdd3d5183,2025-10-04T22:19:42+01:00,821.0,311.9,bench-host-01,peer-scaling-2025-10
PEER-32-R5,32,312791,17,aa4061d301dcd8c45be63a54,2025-10-04T22:19:43+01:00,858.2,317.2,bench-host-01,peer-scaling-2025-10
PEER-32-R5,32,312791,18,2bbd6a37a93b6ee4444242e7,2025-10-04T22:19:43+01:00,786.6,323.8,bench-host-01,peer-scaling-2025-10
PEER-32-R5,32,312791,19,cbe4ef49f0690e2d50ae9849,2025-10-04T22:19:44+01:00,793.1,313.1,bench-host-01,peer-scaling-2025-10
PEER-32-R5,32,312791,20,a983a8e183c8a8169c2d5ce1,2025-10-04T22:19:44+01:00,799.2,312.1,bench-host-01,peer-scaling-2025-10
PEER-32-R5,32,312791,21,b13b771e630c4e480bb4dc8b,2025-10-04T22:19:44+01:00,841.1,318.4,bench-host-01,peer-scaling-2025-10
PEER-32-R5,32,312791,22,99ddefa65deaeae7de4d2b43,2025-10-04T22:19:45+01:00,842.6,319.4,bench-host-01,peer-scaling-2025-10
PEER-32-R5,32,312791,23,16e4ab374fb88cdee7f7fabc,2025-10-04T22:19:45+01:00,876.7,314.1,bench-host-01,peer-scaling-2025-10
PEER-32-R5,32,312791,24,0ccf0a25766e7a8bcff6d798,2025-10-04T22:19:46+01:00,975.9,314.4,bench-host-01,peer-scaling-2025-10
PEER-32-R5,32,312791,25,4f8b5456e022e858d625f460,2025-10-04T22:19:46+01:00,844.0,315.2,bench-host-01,peer-scaling-2025-10
PEER-32-R5,32,312791,26,50424c245af8a476903f8aac,2025-10-04T22:19:46+01:00,810.7,307.5,bench-host-01,peer-scaling-2025-10
PEER-32-R5,32,312792,27,f88d3fdd39454ae49bc6073c,2025-10-04T22:19:47+01:00,789.8,317.3,bench-host-01,peer-scaling-2025-10
PEER-32-R5,32,312792,28,759fa8108d7907c0ff1189fc,2025-10-04T22:19:47+01:00,810.6,317.7,bench-host-01,peer-scaling-2025-10
PEER-32-R5,32,312792,29,92dc0aa593e1a476737f6dbb,2025-10-04T22:19:48+01:00,820.2,319.6,bench-host-01,peer-scaling-2025-10
PEER-32-R5,32,312792,30,dc23455d2c73db41258d37e1,2025-10-04T22:19:48+01:00,875.4,325.3,bench-host-01,peer-scaling-2025-10
PEER-32-R5,32,312792,31,cd4dd9a156f1cc7490f8c57b,2025-10-04T22:19:48+01:00,824.2,316.8,bench-host-01,peer-scaling-2025-10
PEER-32-R5,32,312792,32,0ebd1fa0384676531afe32e7,2025-10-04T22:19:49+01:00,885.0,315.6,bench-host-01,peer-scaling-2025-10
PEER-32-R5,32,312792,33,288986e6a8596d24e9c58ba2,2025-10-04T22:19:49+01:00,706.6,319.7,bench-host-01,peer-scaling-2025-10
PEER-32-R5,32,312792,34,97b8841c3b3405f7a716107a,2025-10-04T22:19:50+01:00,875.6,315.6,bench-host-01,peer-scaling-2025-10
PEER-32-R5,32,312792,35,29b4df60e4be523f21e2ab90,2025-10-04T22:19:50+01:00,797.0,320.3,bench-host-01,peer-scaling-2025-10
PEER-32-R5,32,312792,36,8e7128f54b63209210614abc,2025-10-04T22:19:50+01:00,817.6,317.2,bench-host-01,peer-scaling-2025-10
PEER-32-R5,32,312792,37,9993c464610f4d5fc77c49f0,2025-10-04T22:19:51+01:00,912.4,310.2,bench-host-01,peer-scaling-2025-10
PEER-32-R5,32,312792,38,89ce7758fc70f8d2ab6fb02e,2025-10-04T22:19:51+01:00,768.4,318.3,bench-host-01,peer-scaling-2025-10
PEER-32-R5,32,312792,39,82e80a880854689874f52022,2025-10-04T22:19:52+01:00,724.1,316.4,bench-host-01,peer-scaling-2025-10
PEER-32-R5,32,312792,40,9076c941f4dee4dfc04147f3,2025-10-04T22:19:52+01:00,751.7,322.0,bench-host-01,peer-scaling-2025-10
PEER-32-R5,32,312792,41,69b83fa9b30b3c861383bb5b,2025-10-04T22:19:52+01:00,929.1,316.6,bench-host-01,peer-scaling-2025-10
PEER-32-R5,32,312792,42,2bf34a54b536c87e416bbe5c,2025-10-04T22:19:53+01:00,748.9,311.3,bench-host-01,peer-scaling-2025-10
PEER-32-R5,32,312792,43,2aa96d67f4a5e04788a44e1d,2025-10-04T22:19:53+01:00,719.2,323.1,bench-host-01,peer-scaling-2025-10
PEER-32-R5,32,312792,44,ad20c7e7a4bda4b5598a9c3c,2025-10-04T22:19:54+01:00,859.8,319.1,bench-host-01,peer-scaling-2025-10
PEER-32-R5,32,312792,45,cbec09cbac5d5d21c8a5a2da,2025-10-04T22:19:54+01:00,870.9,314.4,bench-host-01,peer-scaling-2025-10
PEER-32-R5,32,312792,46,2c365ef43479317b6057cf04,2025-10-04T22:19:54+01:00,860.9,325.8,bench-host-01,peer-scaling-2025-10
PEER-32-R5,32,312792,47,e3dff23562e5344512517325,2025-10-04T22:19:55+01:00,767.4,309.2,bench-host-01,peer-scaling-2025-10
PEER-32-R5,32,312793,48,68e69a1e8868e69dc9f01132,2025-10-04T22:19:55+01:00,838.6,314.9,bench-host-01,peer-scaling-2025-10
PEER-32-R5,32,312793,49,6ed7dfc8f0c3c70c5d1f1db1,2025-10-04T22:19:56+01:00,690.2,320.6,bench-host-01,peer-scaling-2025-10
PEER-32-R5,32,312793,50,5451cdaa15c25dcedb04a960,2025-10-04T22:19:56+01:00,789.3,319.9,bench-host-01,peer-scaling-2025-10
PEER-32-R5,32,312793,51,6cc8e49bbe614a30a823a0c0,2025-10-04T22:19:56+01:00,808.0,317.8,bench-host-01,peer-scaling-2025-10
PEER-32-R5,32,312793,52,296e03668dada99666051542,2025-10-04T22:19:57+01:00,860.9,317.3,bench-host-01,peer-scaling-2025-10
PEER-32-R5,32,312793,53,3bc4fdb54d6d4e4ed3c99055,2025-10-04T22:19:57+01:00,855.0,311.0,bench-host-01,peer-scaling-2025-10
PEER-32-R5,32,312793,54,91a260c293f835b6996e90bb,2025-10-04T22:19:58+01:00,720.9,308.6,bench-host-01,peer-scaling-2025-10
PEER-32-R5,32,312793,55,9f7ae71d72a9effacbdb9058,2025-10-04T22:19:58+01:00,760.8,328.8,bench-host-01,peer-scaling-2025-10
PEER-32-R5,32,312794,56,9a5c04b334c07397fa0be804,2025-10-04T22:19:59+01:00,804.8,318.0,bench-host-01,peer-scaling-2025-10
PEER-32-R5,32,312794,57,884a6f576c87a20499079773,2025-10-04T22:19:59+01:00,866.4,320.3,bench-host-01,peer-scaling-2025-10
PEER-32-R5,32,312794,58,5d3cc9bed6c7492a6f73c2da,2025-10-04T22:19:59+01:00,872.5,316.2,bench-host-01,peer-scaling-2025-10
PEER-32-R5,32,312794,59,b3a739325b0bd87feedc109f,2025-10-04T22:20:00+01:00,832.5,318.2,bench-host-01,peer-scaling-2025-10
PEER-32-R5,32,312794,60,ca403b23ba651f756567f9e9,2025-10-04T22:20:00+01:00,790.2,312.1,bench-host-01,peer-scaling-2025-10
PEER-32-R5,32,312794,61,a502e7bfe6fa5aa6335068fa,2025-10-04T22:20:01+01:00,772.0,314.3,bench-host-01,peer-scaling-2025-10
PEER-32-R5,32,312794,62,40d0957368b86e3c70c99584,2025-10-04T22:20:01+01:00,798.0,319.7,bench-host-01,peer-scaling-2025-10
PEER-32-R5,32,312794,63,eda71c0002f84c699274d10f,2025-10-04T22:20:01+01:00,824.6,314.6,bench-host-01,peer-scaling-2025-10
PEER-32-R5,32,312795,64,4b6befb2e0269d92e808b617,2025-10-04T22:20:02+01:00,832.8,321.0,bench-host-01,peer-scaling-2025-10
PEER-32-R5,32,312795,65,cb2521e049820377674f9f37,2025-10-04T22:20:02+01:00,788.7,320.9,bench-host-01,peer-scaling-2025-10
PEER-32-R5,32,312795,66,c8875c8bfae6072142002149,2025-10-04T22:20:03+01:00,854.1,318.4,bench-host-01,peer-scaling-2025-10
PEER-32-R5,32,312795,67,d1c232d96c1ca63e9851448c,2025-10-04T22:20:03+01:00,833.8,317.1,bench-host-01,peer-scaling-2025-10
PEER-32-R5,32,312795,68,22df0aa762a91e297d766066,2025-10-04T22:20:03+01:00,822.9,313.5,bench-host-01,peer-scaling-2025-10
PEER-32-R5,32,312795,69,1986bd055d8537047cb183d5,2025-10-04T22:20:04+01:00,854.6,325.1,bench-host-01,peer-scaling-2025-10
PEER-32-R5,32,312795,70,950ce9e075d991e7153074a1,2025-10-04T22:20:04+01:00,841.9,320.4,bench-host-01,peer-scaling-2025-10
PEER-32-R5,32,312795,71,b3f9c0193f880937c35566d8,2025-10-04T22:20:05+01:00,710.5,310.8,bench-host-01,peer-scaling-2025-10
PEER-32-R5,32,312796,72,1450a52ee97fe69ba0206079,2025-10-04T22:20:05+01:00,825.9,317.1,bench-host-01,peer-scaling-2025-10
PEER-32-R5,32,312796,73,95b6177875940c8363909437,2025-10-04T22:20:05+01:00,751.4,310.8,bench-host-01,peer-scaling-2025-10
PEER-32-R5,32,312796,74,5719eff42a1e85f84f2aabc3,2025-10-04T22:20:06+01:00,824.6,313.3,bench-host-01,peer-scaling-2025-10
PEER-32-R5,32,312796,75,5ed3364145639297233e96d4,2025-10-04T22:20:06+01:00,837.2,324.0,bench-host-01,peer-scaling-2025-10
PEER-32-R5,32,312796,76,9ca65ca4c4ac5e39bac9406c,2025-10-04T22:20:07+01:00,778.4,318.3,bench-host-01,peer-scaling-2025-10
PEER-32-R5,32,312796,77,3ab47e89a81f66fc466c5271,2025-10-04T22:20:07+01:00,829.0,318.3,bench-host-01,peer-scaling-2025-10
PEER-32-R5,32,312796,78,764660aa2f404f1d058144e1,2025-10-04T22:20:07+01:00,798.1,315.9,bench-host-01,peer-scaling-2025-10
PEER-32-R5,32,312796,79,8f7c73a47d00329366886978,2025-10-04T22:20:08+01:00,743.6,317.1,bench-host-01,peer-scaling-2025-10
PEER-32-R5,32,312797,80,97023037c13b33d2b274b0fb,2025-10-04T22:20:08+01:00,832.2,319.5,bench-host-01,peer-scaling-2025-10
PEER-32-R5,32,312798,81,948b6c3f57d606f3ca21edc6,2025-10-04T22:20:09+01:00,887.7,309.4,bench-host-01,peer-scaling-2025-10
PEER-32-R5,32,312798,82,66a77347db1d0ab668e1a819,2025-10-04T22:20:09+01:00,766.0,313.3,bench-host-01,peer-scaling-2025-10
PEER-32-R5,32,312798,83,2f6d5c798a1d22b3aa50c700,2025-10-04T22:20:09+01:00,845.1,315.8,bench-host-01,peer-scaling-2025-10
PEER-32-R5,32,312798,84,a217056190674384ba383033,2025-10-04T22:20:10+01:00,667.8,316.5,bench-host-01,peer-scaling-2025-10
PEER-32-R5,32,312798,85,a804a23451c90910eba79fda,2025-10-04T22:20:10+01:00,821.2,329.5,bench-host-01,peer-scaling-2025-10
PEER-32-R5,32,312798,86,11b687d6b4079c0925a4d9d9,2025-10-04T22:20:11+01:00,666.6,313.8,bench-host-01,peer-scaling-2025-10
PEER-32-R5,32,312798,87,3f066f53a3035f2cc613e1fa,2025-10-04T22:20:11+01:00,728.9,321.1,bench-host-01,peer-scaling-2025-10
PEER-32-R5,32,312799,88,52bb5205057d8ad195884170,2025-10-04T22:20:12+01:00,752.9,315.9,bench-host-01,peer-scaling-2025-10
PEER-32-R5,32,312799,89,2f37c1f0ae06052ddbba6b21,2025-10-04T22:20:12+01:00,720.7,308.1,bench-host-01,peer-scaling-2025-10
PEER-32-R5,32,312799,90,b4bd7740ee9f4d0306b529b9,2025-10-04T22:20:12+01:00,924.7,310.2,bench-host-01,peer-scaling-2025-10
PEER-32-R5,32,312799,91,7a58f0d7e2c7ba616502b8ac,2025-10-04T22:20:13+01:00,791.7,314.1,bench-host-01,peer-scaling-2025-10
PEER-32-R5,32,312799,92,986c40f3aac54e09181c1770,2025-10-04T22:20:13+01:00,839.0,315.9,bench-host-01,peer-scaling-2025-10
PEER-32-R5,32,312799,93,b2277887e910ffe310fb4bdc,2025-10-04T22:20:14+01:00,708.8,313.5,bench-host-01,peer-scaling-2025-10
PEER-32-R5,32,312799,94,8b6fafb3a0108e7f7d188c7c,2025-10-04T22:20:14+01:00,789.0,319.4,bench-host-01,peer-scaling-2025-10
PEER-32-R5,32,312799,95,d865f459bd8a2e4431ad599e,2025-10-04T22:20:14+01:00,716.0,313.2,bench-host-01,peer-scaling-2025-10
PEER-32-R5,32,312800,96,ef575690ae1f2d78c5402886,2025-10-04T22:20:15+01:00,742.0,317.5,bench-host-01,peer-scaling-2025-10
PEER-32-R5,32,312800,97,9d5aaf37d43cf267222d49e2,2025-10-04T22:20:15+01:00,806.1,324.1,bench-host-01,peer-scaling-2025-10
PEER-32-R5,32,312800,98,583dbd4e412fa68fb4e1570d,2025-10-04T22:20:16+01:00,736.3,312.2,bench-host-01,peer-scaling-2025-10
PEER-32-R5,32,312800,99,19f939a6eb8d6876496703dd,2025-10-04T22:20:16+01:00,766.9,326.9,bench-host-01,peer-scaling-2025-10
PEER-32-R5,32,312800,100,49a847257377d95f73e23c3e,2025-10-04T22:20:16+01:00,816.6,315.0,bench-host-01,peer-scaling-2025-10
PEER-32-R5,32,312800,101,0b13bc116f18c5711eb34086,2025-10-04T22:20:17+01:00,852.4,309.8,bench-host-01,peer-scaling-2025-10
PEER-32-R5,32,312800,102,3f5d1cc22a440c413a0be497,2025-10-04T22:20:17+01:00,907.7,312.2,bench-host-01,peer-scaling-2025-10
PEER-32-R5,32,312800,103,50ebc9ef8de692ff571e79b7,2025-10-04T22:20:18+01:00,824.9,318.5,bench-host-01,peer-scaling-2025-10
PEER-32-R5,32,312800,104,85f49ea86eeef4a4932db254,2025-10-04T22:20:18+01:00,818.1,320.1,bench-host-01,peer-scaling-2025-10
PEER-32-R5,32,312800,105,f4be08b77e5ec1e68b1889b2,2025-10-04T22:20:18+01:00,800.8,315.1,bench-host-01,peer-scaling-2025-10
PEER-32-R5,32,312800,106,a9a40a4a8628c3b5b7d3adad,2025-10-04T22:20:19+01:00,856.4,323.6,bench-host-01,peer-scaling-2025-10
PEER-32-R5,32,312800,107,4621d2e0e7a6fc9904e36f69,2025-10-04T22:20:19+01:00,766.1,326.0,bench-host-01,peer-scaling-2025-10
PEER-32-R5,32,312800,108,d9929001813786c86978e5a1,2025-10-04T22:20:20+01:00,839.6,313.3,bench-host-01,peer-scaling-2025-10
PEER-32-R5,32,312800,109,0931a542ebf8b3433b754cc2,2025-10-04T22:20:20+01:00,817.0,308.3,bench-host-01,peer-scaling-2025-10
PEER-32-R5,32,312800,110,cf67781d6c66d52dd2be05ac,2025-10-04T22:20:20+01:00,919.0,308.9,bench-host-01,peer-scaling-2025-10
PEER-32-R5,32,312800,111,c8ffc594dd36a5d0af8e5de5,2025-10-04T22:20:21+01:00,877.0,322.2,bench-host-01,peer-scaling-2025-10
PEER-32-R5,32,312801,112,7f9e19d2e2f35c86576d05b6,2025-10-04T22:20:21+01:00,784.7,315.1,bench-host-01,peer-scaling-2025-10
PEER-32-R5,32,312801,113,86a9755424b2132bf5917e81,2025-10-04T22:20:22+01:00,770.2,311.6,bench-host-01,peer-scaling-2025-10
PEER-32-R5,32,312801,114,ba275f126d75f3adeb04c7c9,2025-10-04T22:20:22+01:00,861.3,328.5,bench-host-01,peer-scaling-2025-10
PEER-32-R5,32,312801,115,55f4d4ee3d40fb51260c1ea5,2025-10-04T22:20:22+01:00,843.7,314.3,bench-host-01,peer-scaling-2025-10
PEER-32-R5,32,312801,116,aa8e424f26e37a2b45502a76,2025-10-04T22:20:23+01:00,825.7,325.2,bench-host-01,peer-scaling-2025-10
PEER-32-R5,32,312801,117,b06d18d9760a96c966a831c6,2025-10-04T22:20:23+01:00,760.7,318.4,bench-host-01,peer-scaling-2025-10
PEER-32-R5,32,312801,118,f9c51b52657df06cea74bfea,2025-10-04T22:20:24+01:00,681.3,320.1,bench-host-01,peer-scaling-2025-10
PEER-32-R5,32,312801,119,dc31f8ca7dc029af690f3612,2025-10-04T22:20:24+01:00,806.8,315.8,bench-host-01,peer-scaling-2025-10
PEER-32-R5,32,312802,120,bc6909e8d883221cb1beb75e,2025-10-04T22:20:25+01:00,795.7,320.5,bench-host-01,peer-scaling-2025-10
PEER-32-R5,32,312802,121,d6501b120f3f1d7f7599a44e,2025-10-04T22:20:25+01:00,806.8,317.1,bench-host-01,peer-scaling-2025-10
PEER-32-R5,32,312802,122,907075417285473c71d7f365,2025-10-04T22:20:25+01:00,842.6,312.6,bench-host-01,peer-scaling-2025-10
PEER-32-R5,32,312802,123,786ce4913047225d3af24464,2025-10-04T22:20:26+01:00,828.5,312.4,bench-host-01,peer-scaling-2025-10
PEER-32-R5,32,312802,124,a0e6a5aacd460a9938248d58,2025-10-04T22:20:26+01:00,797.7,319.9,bench-host-01,peer-scaling-2025-10
PEER-32-R5,32,312802,125,ba93948b1649d9bcac83191e,2025-10-04T22:20:27+01:00,706.2,317.6,bench-host-01,peer-scaling-2025-10
PEER-32-R5,32,312803,126,a467d5e41a711cc6ecf63030,2025-10-04T22:20:27+01:00,949.2,313.0,bench-host-01,peer-scaling-2025-10
PEER-32-R5,32,312803,127,7f1bd9ca124f64a7b4fcc04e,2025-10-04T22:20:27+01:00,702.7,316.3,bench-host-01,peer-scaling-2025-10
PEER-32-R5,32,312803,128,137c99b2a2d08c614611cb2c,2025-10-04T22:20:28+01:00,775.0,312.5,bench-host-01,peer-scaling-2025-10
PEER-32-R5,32,312803,129,06170e05cc5de4409670c99d,2025-10-04T22:20:28+01:00,792.0,305.8,bench-host-01,peer-scaling-2025-10
PEER-16-R5,16,662469,0,7414304dfef10db1c38ab9c7,2025-10-05T03:20:29+01:00,1014.3,328.7,bench-host-01,peer-scaling-2025-10
PEER-16-R5,16,662469,1,6b75de92f62a0a1e34d141ee,2025-10-05T03:20:29+01:00,1063.5,321.4,bench-host-01,peer-scaling-2025-10
PEER-16-R5,16,662469,2,6fdadcdddee0a454b9841b6f,2025-10-05T03:20:30+01:00,1109.7,317.1,bench-host-01,peer-scaling-2025-10
PEER-16-R5,16,662469,3,602ca01f9da46ee9bcd6b3b9,2025-10-05T03:20:30+01:00,1141.7,322.2,bench-host-01,peer-scaling-2025-10
PEER-16-R5,16,662469,4,2a3a1227d1931737c0850434,2025-10-05T03:20:31+01:00,1038.9,316.6,bench-host-01,peer-scaling-2025-10
PEER-16-R5,16,662469,5,d6f8ab11a148dc7e2e27a199,2025-10-05T03:20:31+01:00,1107.0,330.8,bench-host-01,peer-scaling-2025-10
PEER-16-R5,16,662469,6,0869117b4897fde7a8d1b44c,2025-10-05T03:20:32+01:00,1066.6,324.8,bench-host-01,peer-scaling-2025-10
PEER-16-R5,16,662469,7,4f8cbe5153f3ef5e597d1396,2025-10-05T03:20:32+01:00,1044.7,320.9,bench-host-01,peer-scaling-2025-10
PEER-16-R5,16,662469,8,86ab7fd63756db64ef27e2cb,2025-10-05T03:20:33+01:00,1074.0,318.7,bench-host-01,peer-scaling-2025-10
PEER-16-R5,16,662469,9,fd659370327d6e43e89e89a8,2025-10-05T03:20:33+01:00,1059.1,319.2,bench-host-01,peer-scaling-2025-10
PEER-16-R5,16,662469,10,138447ac1df7fd4c423251e0,2025-10-05T03:20:34+01:00,1036.2,309.9,bench-host-01,peer-scaling-2025-10
PEER-16-R5,16,662469,11,6ceddeac574d1af10b7cb320,2025-10-05T03:20:34+01:00,1054.3,324.2,bench-host-01,peer-scaling-2025-10
PEER-16-R5,16,662469,12,1f40a9b93a0b17e4449ed13d,2025-10-05T03:20:35+01:00,1076.9,323.6,bench-host-01,peer-scaling-2025-10
PEER-16-R5,16,662469,13,16d7feae0c3bb3c91d3d7829,2025-10-05T03:20:35+01:00,1015.5,322.2,bench-host-01,peer-scaling-2025-10
PEER-16-R5,16,662469,14,c7f196874a571cd6a2557d09,2025-10-05T03:20:36+01:00,1071.0,324.0,bench-host-01,peer-scaling-2025-10
PEER-16-R5,16,662469,15,bf704ea1d1b89d1c1b9bd434,2025-10-05T03:20:36+01:00,1132.4,321.8,bench-host-01,peer-scaling-2025-10
PEER-16-R5,16,662469,16,45bc72e9b8410aa2cc7271f3,2025-10-05T03:20:37+01:00,1047.8,324.4,bench-host-01,peer-scaling-2025-10
PEER-16-R5,16,662469,17,65503691b6d6afabea1775e5,2025-10-05T03:20:38+01:00,1086.3,318.5,bench-host-01,peer-scaling-2025-10
PEER-16-R5,16,662469,18,89863f5e1913dd72f13fe3be,2025-10-05T03:20:38+01:00,1057.6,321.4,bench-host-01,peer-scaling-2025-10
PEER-16-R5,16,662469,19,5566d8210c20f37e03c4a3b8,2025-10-05T03:20:39+01:00,1187.9,328.0,bench-host-01,peer-scaling-2025-10
PEER-16-R5,16,662469,20,603c4be89b4c456054ca2e13,2025-10-05T03:20:39+01:00,1055.9,333.2,bench-host-01,peer-scaling-2025-10
PEER-16-R5,16,662469,21,7493846e74031e8bd3ff8038,2025-10-05T03:20:40+01:00,1010.8,325.5,bench-host-01,peer-scaling-2025-10
PEER-16-R5,16,662469,22,c63c026502a27fd99162b4e0,2025-10-05T03:20:40+01:00,1075.9,327.3,bench-host-01,peer-scaling-2025-10
PEER-16-R5,16,662469,23,2c0d3457562ce9058845677a,2025-10-05T03:20:41+01:00,1029.4,316.1,bench-host-01,peer-scaling-2025-10
PEER-16-R5,16,662469,24,256cc23a13f2b96cb6870778,2025-10-05T03:20:41+01:00,1131.7,323.2,bench-host-01,peer-scaling-2025-10
PEER-16-R5,16,662469,25,b5117439148544b5f9316597,2025-10-05T03:20:42+01:00,1028.0,325.7,bench-host-01,peer-scaling-2025-10
PEER-16-R5,16,662469,26,1f0ef21ad2377637bb1c322e,2025-10-05T03:20:42+01:00,1114.7,317.2,bench-host-01,peer-scaling-2025-10
PEER-16-R5,16,662469,27,d90979b1aa982abe23a3885d,2025-10-05T03:20:43+01:00,994.7,314.7,bench-host-01,peer-scaling-2025-10
PEER-16-R5,16,662469,28,aadb5fb06cd6bf8c1d0bb878,2025-10-05T03:20:43+01:00,1095.9,333.3,bench-host-01,peer-scaling-2025-10
PEER-16-R5,16,662469,29,cf14d9da0fc719b2fad1726b,2025-10-05T03:20:44+01:00,950.5,329.4,bench-host-01,peer-scaling-2025-10
PEER-16-R5,16,662469,30,548ed9aef947829ac679f817,2025-10-05T03:20:44+01:00,989.0,326.7,bench-host-01,peer-scaling-2025-10
PEER-16-R5,16,662469,31,6173ec0640e78a687d1df119,2025-10-05T03:20:45+01:00,1016.8,325.3,bench-host-01,peer-scaling-2025-10
PEER-16-R5,16,662469,32,90b5fcd7783f82ec3f17cbb4,2025-10-05T03:20:45+01:00,1173.4,319.6,bench-host-01,peer-scaling-2025-10
PEER-16-R5,16,662469,33,fcab8a7d90c9b4828d015a90,2025-10-05T03:20:46+01:00,1008.6,316.7,bench-host-01,peer-scaling-2025-10
PEER-16-R5,16,662469,34,205d99f99a3567f1946f96b4,2025-10-05T03:20:47+01:00,1038.9,315.7,bench-host-01,peer-scaling-2025-10
PEER-16-R5,16,662469,35,c505e44f3e7b341069f255d6,2025-10-05T03:20:47+01:00,1031.7,319.7,bench-host-01,peer-scaling-2025-10
PEER-16-R5,16,662469,36,6ff27851c07d6455bc9c1f1c,2025-10-05T03:20:48+01:00,1048.0,310.6,bench-host-01,peer-scaling-2025-10
PEER-16-R5,16,662469,37,0109822e0dd0465c997a6a65,2025-10-05T03:20:48+01:00,1014.9,324.5,bench-host-01,peer-scaling-2025-10
PEER-16-R5,16,662469,38,45e80d72f8f08fc60d609f4a,2025-10-05T03:20:49+01:00,1027.3,319.4,bench-host-01,peer-scaling-2025-10
PEER-16-R5,16,662469,39,f805cc1c488334861e5222ae,2025-10-05T03:20:49+01:00,1100.0,328.6,bench-host-01,peer-scaling-2025-10
PEER-16-R5,16,662469,40,43f1375100b28a32fb3c215c,2025-10-05T03:20:50+01:00,1087.5,322.0,bench-host-01,peer-scaling-2025-10
PEER-16-R5,16,662469,41,f11a34f222113f574ba7efe7,2025-10-05T03:20:50+01:00,1070.4,320.4,bench-host-01,peer-scaling-2025-10
PEER-16-R5,16,662469,42,138ef168b6b1ed26f489fcdf,2025-10-05T03:20:51+01:00,1053.8,324.7,bench-host-01,peer-scaling-2025-10
PEER-16-R5,16,662469,43,7dba5ed7dabd56707e0a4b15,2025-10-05T03:20:51+01:00,1017.5,318.1,bench-host-01,peer-scaling-2025-10
PEER-16-R5,16,662469,44,a46aaf8b77d9299cc1f71202,2025-10-05T03:20:52+01:00,1078.0,327.4,bench-host-01,peer-scaling-2025-10
PEER-16-R5,16,662469,45,6fcb2dff22ea35cc8d43d6c8,2025-10-05T03:20:52+01:00,954.7,323.3,bench-host-01,peer-scaling-2025-10
PEER-16-R5,16,662469,46,72f44ed89522569ec820c0e6,2025-10-05T03:20:53+01:00,1092.3,324.7,bench-host-01,peer-scaling-2025-10
PEER-16-R5,16,662469,47,2b357d82811eaf867d64c26e,2025-10-05T03:20:53+01:00,1129.0,323.5,bench-host-01,peer-scaling-2025-10
PEER-16-R5,16,662470,48,b11f58e3cd153672bde41104,2025-10-05T03:20:54+01:00,1113.9,321.4,bench-host-01,peer-scaling-2025-10
PEER-16-R5,16,662470,49,3f0018632057f1d12b2e51ef,2025-10-05T03:20:54+01:00,1071.4,317.4,bench-host-01,peer-scaling-2025-10
PEER-16-R5,16,662471,50,5946285cb3cd0ff2f493b52b,2025-10-05T03:20:55+01:00,1114.2,323.8,bench-host-01,peer-scaling-2025-10
PEER-16-R5,16,662471,51,25524081e8abd357760d1fc4,2025-10-05T03:20:56+01:00,1065.5,330.3,bench-host-01,peer-scaling-2025-10
PEER-16-R5,16,662471,52,7b2d6df5e2ff05634d12b311,2025-10-05T03:20:56+01:00,1010.6,321.4,bench-host-01,peer-scaling-2025-10
PEER-16-R5,16,662471,53,bf4eebe4b725ca2b0bcaafaf,2025-10-05T03:20:57+01:00,1089.7,319.6,bench-host-01,peer-scaling-2025-10
PEER-16-R5,16,662471,54,f9d861ea99d06abf8fcebe47,2025-10-05T03:20:57+01:00,1000.9,325.4,bench-host-01,peer-scaling-2025-10
PEER-16-R5,16,662472,55,51b16525fc11b0318ff6e59f,2025-10-05T03:20:58+01:00,979.7,317.0,bench-host-01,peer-scaling-2025-10
PEER-16-R5,16,662472,56,c29231ceb1765d78ea93b530,2025-10-05T03:20:58+01:00,1009.6,332.2,bench-host-01,peer-scaling-2025-10
PEER-16-R5,16,662472,57,2c6faa1adf8b3d02febe950c,2025-10-05T03:20:59+01:00,1116.5,321.2,bench-host-01,peer-scaling-2025-10
PEER-16-R5,16,662472,58,f23792c33924339cc51068d0,2025-10-05T03:20:59+01:00,973.4,327.5,bench-host-01,peer-scaling-2025-10
PEER-16-R5,16,662472,59,8b0c87885e3993f3acb9a703,2025-10-05T03:21:00+01:00,1102.4,322.8,bench-host-01,peer-scaling-2025-10
PEER-16-R5,16,662472,60,7afa3ce854f229e15fcc1270,2025-10-05T03:21:00+01:00,1100.2,321.1,bench-host-01,peer-scaling-2025-10
PEER-16-R5,16,662472,61,f6ef3b85f854020be54d68d3,2025-10-05T03:21:01+01:00,1106.4,317.4,bench-host-01,peer-scaling-2025-10
PEER-16-R5,16,662472,62,924991d023f5c6984bae4451,2025-10-05T03:21:01+01:00,1061.5,318.7,bench-host-01,peer-scaling-2025-10
PEER-16-R5,16,662472,63,713d7d61fe31db06e360ba75,2025-10-05T03:21:02+01:00,974.7,323.3,bench-host-01,peer-scaling-2025-10
PEER-16-R5,16,662472,64,7389eb28166d3ccc0d076c3b,2025-10-05T03:21:02+01:00,1013.6,316.5,bench-host-01,peer-scaling-2025-10
PEER-16-R5,16,662472,65,495e724e70fbc18d11c2a4f8,2025-10-05T03:21:03+01:00,1096.0,320.6,bench-host-01,peer-scaling-2025-10
PEER-16-R5,16,662472,66,29c16155ae9d1bfd0700c683,2025-10-05T03:21:03+01:00,1012.7,328.0,bench-host-01,peer-scaling-2025-10
PEER-16-R5,16,662472,67,40a59731a7f97a940c1059db,2025-10-05T03:21:04+01:00,979.1,331.4,bench-host-01,peer-scaling-2025-10
PEER-16-R5,16,662472,68,a1164103e8462374fb7526cd,2025-10-05T03:21:04+01:00,1006.9,319.0,bench-host-01,peer-scaling-2025-10
PEER-16-R5,16,662472,69,c3de186ae86b2623fb36a636,2025-10-05T03:21:05+01:00,1130.0,330.9,bench-host-01,peer-scaling-2025-10
PEER-16-R5,16,662472,70,be6adb734b179a42c835a9c4,2025-10-05T03:21:06+01:00,1093.2,327.2,bench-host-01,peer-scaling-2025-10
PEER-16-R5,16,662472,71,fd71920fa9e45b4c375c497a,2025-10-05T03:21:06+01:00,1092.0,325.7,bench-host-01,peer-scaling-2025-10
PEER-16-R5,16,662472,72,49ab3ccbad33db234df03726,2025-10-05T03:21:07+01:00,1107.7,325.7,bench-host-01,peer-scaling-2025-10
PEER-16-R5,16,662472,73,410e9395873e0b2701293f94,2025-10-05T03:21:07+01:00,1029.7,324.9,bench-host-01,peer-scaling-2025-10
PEER-16-R5,16,662472,74,9f3574a6f5cdcc5442e27351,2025-10-05T03:21:08+01:00,1093.0,316.9,bench-host-01,peer-scaling-2025-10
PEER-16-R5,16,662472,75,908d3b0ef831734e25056f63,2025-10-05T03:21:08+01:00,1097.3,326.6,bench-host-01,peer-scaling-2025-10
PEER-16-R5,16,662472,76,be672b71814a8d208eecf5b8,2025-10-05T03:21:09+01:00,1087.5,331.6,bench-host-01,peer-scaling-2025-10
PEER-16-R5,16,662472,77,e8f2021cb6a19758f318983a,2025-10-05T03:21:09+01:00,1150.8,320.3,bench-host-01,peer-scaling-2025-10
PEER-16-R5,16,662472,78,6185ea7bedc55b55cdcfb109,2025-10-05T03:21:10+01:00,1060.8,317.2,bench-host-01,peer-scaling-2025-10
PEER-16-R5,16,662472,79,60cc2e255a0067de41e4043d,2025-10-05T03:21:10+01:00,1173.7,325.6,bench-host-01,peer-scaling-2025-10
PEER-16-R5,16,662472,80,a3cb1ef7043654f608871942,2025-10-05T03:21:11+01:00,1031.4,326.2,bench-host-01,peer-scaling-2025-10
PEER-16-R5,16,662472,81,e8ce4000b4fea925aa1ea3e6,2025-10-05T03:21:11+01:00,1167.8,317.1,bench-host-01,peer-scaling-2025-10
PEER-16-R5,16,662472,82,619a0507f87a7d60f4564942,2025-10-05T03:21:12+01:00,1104.0,322.8,bench-host-01,peer-scaling-2025-10
PEER-16-R5,16,662472,83,91060b728561bf0e4eb1eca3,2025-10-05T03:21:12+01:00,1104.4,330.9,bench-host-01,peer-scaling-2025-10
PEER-16-R5,16,662472,84,77c7aa5f143ac7ef746f205f,2025-10-05T03:21:13+01:00,1027.3,326.3,bench-host-01,peer-scaling-2025-10
PEER-16-R5,16,662472,85,d9980b9f290c6292a75d43ba,2025-10-05T03:21:13+01:00,1154.8,325.3,bench-host-01,peer-scaling-2025-10
PEER-16-R5,16,662472,86,55a29b9d17f6a74b0092f704,2025-10-05T03:21:14+01:00,947.9,322.5,bench-host-01,peer-scaling-2025-10
PEER-16-R5,16,662472,87,6dbc897ea04ab95d0d6fe241,2025-10-05T03:21:15+01:00,1102.1,326.5,bench-host-01,peer-scaling-2025-10
PEER-16-R5,16,662472,88,69e9456c35450c32e99db769,2025-10-05T03:21:15+01:00,1071.1,329.2,bench-host-01,peer-scaling-2025-10
PEER-16-R5,16,662472,89,97a24881e7d28547c1a4f9c5,2025-10-05T03:21:16+01:00,1058.5,319.2,bench-host-01,peer-scaling-2025-10
PEER-16-R5,16,662472,90,8a48523969a50d0155a7cf6c,2025-10-05T03:21:16+01:00,1063.4,323.4,bench-host-01,peer-scaling-2025-10
PEER-16-R5,16,662472,91,ee86cc6647f5fee6098142db,2025-10-05T03:21:17+01:00,1127.2,317.7,bench-host-01,peer-scaling-2025-10
PEER-16-R5,16,662472,92,c18929744b688bfbf0ab93a9,2025-10-05T03:21:17+01:00,1005.8,326.9,bench-host-01,peer-scaling-2025-10
PEER-16-R5,16,662472,93,1c23a4fdab982b96785cd4e0,2025-10-05T03:21:18+01:00,1065.2,317.5,bench-host-01,peer-scaling-2025-10
PEER-16-R5,16,662472,94,b977ee8144585539091c0f35,2025-10-05T03:21:18+01:00,971.5,328.1,bench-host-01,peer-scaling-2025-10
PEER-16-R5,16,662472,95,a6304a3e889f17c56d6b269f,2025-10-05T03:21:19+01:00,1104.6,324.9,bench-host-01,peer-scaling-2025-10
PEER-16-R5,16,662473,96,eee07dfb83c7f625276734f7,2025-10-05T03:21:19+01:00,1201.4,329.5,bench-host-01,peer-scaling-2025-10
PEER-16-R5,16,662473,97,b8f387ae21e3cb563bfae81a,2025-10-05T03:21:20+01:00,1106.1,317.9,bench-host-01,peer-scaling-2025-10
PEER-16-R5,16,662474,98,7d4dbbc1f558f22721611b48,2025-10-05T03:21:20+01:00,1028.9,320.1,bench-host-01,peer-scaling-2025-10
PEER-16-R5,16,662474,99,6882a9e15899435818862e4d,2025-10-05T03:21:21+01:00,1001.2,327.4,bench-host-01,peer-scaling-2025-10
PEER-16-R5,16,662474,100,dc5c7b3f151163504853c4e7,2025-10-05T03:21:21+01:00,1043.5,318.1,bench-host-01,peer-scaling-2025-10
PEER-16-R5,16,662474,101,f334e6c2ad8d325bf3495d5f,2025-10-05T03:21:22+01:00,1024.3,325.7,bench-host-01,peer-scaling-2025-10
PEER-16-R5,16,662474,102,aeca964d1c095508924a6885,2025-10-05T03:21:22+01:00,1027.6,325.1,bench-host-01,peer-scaling-2025-10
PEER-16-R5,16,662474,103,268c56b13f539c2af3f0ebfb,2025-10-05T03:21:23+01:00,1064.5,327.8,bench-host-01,peer-scaling-2025-10
PEER-16-R5,16,662474,104,bef8a766fa2e9594d1d3f2d4,2025-10-05T03:21:24+01:00,1098.8,323.3,bench-host-01,peer-scaling-2025-10
PEER-16-R5,16,662474,105,c09f58adeccab88677513961,2025-10-05T03:21:24+01:00,1019.4,322.8,bench-host-01,peer-scaling-2025-10
PEER-16-R5,16,662474,106,21b83b2ffea2351e141d9b5f,2025-10-05T03:21:25+01:00,1113.5,329.8,bench-host-01,peer-scaling-2025-10
PEER-16-R5,16,662474,107,444520b4df330bc037c721a3,2025-10-05T03:21:25+01:00,986.2,321.8,bench-host-01,peer-scaling-2025-10
PEER-16-R5,16,662474,108,97b62bd280d8747de678c62b,2025-10-05T03:21:26+01:00,1058.9,317.3,bench-host-01,peer-scaling-2025-10
PEER-16-R5,16,662474,109,b429e9e0387a421db590e015,2025-10-05T03:21:26+01:00,1096.3,324.8,bench-host-01,peer-scaling-2025-10
PEER-16-R5,16,662474,110,7f1e36af8810d9ac902c029c,2025-10-05T03:21:27+01:00,1088.5,326.2,bench-host-01,peer-scaling-2025-10
PEER-16-R5,16,662474,111,2660fcb842c39a4255adbc9c,2025-10-05T03:21:27+01:00,952.3,314.2,bench-host-01,peer-scaling-2025-10
PEER-16-R5,16,662474,112,1c06e5f17f680c897e2e8418,2025-10-05T03:21:28+01:00,1037.1,319.4,bench-host-01,peer-scaling-2025-10
PEER-16-R5,16,662474,113,af162c435913478a7b9a5a2a,2025-10-05T03:21:28+01:00,1107.5,321.2,bench-host-01,peer-scaling-2025-10
PEER-16-R5,16,662474,114,4dd13da66d7b552fddef6769,2025-10-05T03:21:29+01:00,1164.1,315.3,bench-host-01,peer-scaling-2025-10
PEER-16-R5,16,662474,115,7ede06d6e12f854fe9d071ef,2025-10-05T03:21:29+01:00,1049.7,325.4,bench-host-01,peer-scaling-2025-10
PEER-16-R5,16,662474,116,4e514fec935bbd46b1474d9b,2025-10-05T03:21:30+01:00,1109.2,323.7,bench-host-01,peer-scaling-2025-10
PEER-16-R5,16,662474,117,5e121414e44bf89e21a61bd0,2025-10-05T03:21:30+01:00,1007.5,325.0,bench-host-01,peer-scaling-2025-10
PEER-16-R5,16,662474,118,f403dc1ab2c35f2d6122252b,2025-10-05T03:21:31+01:00,1070.0,328.7,bench-host-01,peer-scaling-2025-10
PEER-16-R5,16,662474,119,8a0f4327c014d1e53a848dae,2025-10-05T03:21:31+01:00,913.3,330.3,bench-host-01,peer-scaling-2025-10
PEER-16-R5,16,662474,120,abd36e9ceb7d52aa1fcc08a0,2025-10-05T03:21:32+01:00,1026.4,319.4,bench-host-01,peer-scaling-2025-10
PEER-16-R5,16,662474,121,ead79daf78cab14e6ed8e818,2025-10-05T03:21:33+01:00,1054.9,329.0,bench-host-01,peer-scaling-2025-10
PEER-16-R5,16,662474,122,affd73376f9672e6dd2d5611,2025-10-05T03:21:33+01:00,1054.3,318.8,bench-host-01,peer-scaling-2025-10
PEER-16-R5,16,662474,123,f30a9ff1f069507d56277b79,2025-10-05T03:21:34+01:00,1032.5,314.7,bench-host-01,peer-scaling-2025-10
PEER-16-R5,16,662474,124,df825e5165f819f63ff46177,2025-10-05T03:21:34+01:00,1104.1,326.4,bench-host-01,peer-scaling-2025-10
PEER-16-R5,16,662474,125,8b59a31b2aa3d50f6b981850,2025-10-05T03:21:35+01:00,969.6,317.5,bench-host-01,peer-scaling-2025-10
PEER-16-R5,16,662474,126,ca6ba0893a2c2db7dd4c9a35,2025-10-05T03:21:35+01:00,961.3,321.2,bench-host-01,peer-scaling-2025-10
PEER-16-R5,16,662474,127,d0c469d5f208b8ed7a2fdef7,2025-10-05T03:21:36+01:00,1024.7,325.2,bench-host-01,peer-scaling-2025-10
PEER-16-R5,16,662475,128,d0b4e798520093e8994c0bf3,2025-10-05T03:21:36+01:00,1142.8,333.4,bench-host-01,peer-scaling-2025-10
PEER-16-R5,16,662475,129,5a2bdb9d0862e22b6bbeb319,2025-10-05T03:21:37+01:00,1049.7,325.6,bench-host-01,peer-scaling-2025-10
PEER-08-R5,8,249010,0,626778251892755976f1c4ea,2025-10-05T08:21:37+01:00,1096.6,322.0,bench-host-01,peer-scaling-2025-10
PEER-08-R5,8,249010,1,a73cc60de30e0bd7960ae60d,2025-10-05T08:21:38+01:00,1012.5,325.9,bench-host-01,peer-scaling-2025-10
PEER-08-R5,8,249010,2,73d2db90580ba618a504e275,2025-10-05T08:21:38+01:00,1214.4,321.7,bench-host-01,peer-scaling-2025-10
PEER-08-R5,8,249010,3,9175d998e8440647a6832be5,2025-10-05T08:21:39+01:00,1187.0,320.2,bench-host-01,peer-scaling-2025-10
PEER-08-R5,8,249010,4,b37d3c79c4011b3ee8ae9d98,2025-10-05T08:21:40+01:00,1062.7,319.6,bench-host-01,peer-scaling-2025-10
PEER-08-R5,8,249010,5,2a3f2d7a1d048302eaca62c9,2025-10-05T08:21:40+01:00,1190.0,319.7,bench-host-01,peer-scaling-2025-10
PEER-08-R5,8,249010,6,1c885c833559552159d86a8c,2025-10-05T08:21:41+01:00,1146.7,322.8,bench-host-01,peer-scaling-2025-10
PEER-08-R5,8,249010,7,c566df7aff8754f426121e7b,2025-10-05T08:21:41+01:00,1203.8,322.2,bench-host-01,peer-scaling-2025-10
PEER-08-R5,8,249010,8,381fe0412fc3d65ebcdaaba8,2025-10-05T08:21:42+01:00,1126.7,328.5,bench-host-01,peer-scaling-2025-10
PEER-08-R5,8,249010,9,40cbebd34597f444b5f71a75,2025-10-05T08:21:42+01:00,1116.0,316.6,bench-host-01,peer-scaling-2025-10
PEER-08-R5,8,249010,10,be3739275ab5d797034bf7f4,2025-10-05T08:21:43+01:00,1148.0,329.2,bench-host-01,peer-scaling-2025-10
PEER-08-R5,8,249010,11,7aeff52c57b8d1632f774c50,2025-10-05T08:21:44+01:00,1191.4,319.5,bench-host-01,peer-scaling-2025-10
PEER-08-R5,8,249010,12,68cbf64ee2d76d74326c94a1,2025-10-05T08:21:44+01:00,1196.0,312.7,bench-host-01,peer-scaling-2025-10
PEER-08-R5,8,249010,13,f9c842e9d27b7c844a8cda17,2025-10-05T08:21:45+01:00,1123.7,320.0,bench-host-01,peer-scaling-2025-10
PEER-08-R5,8,249010,14,a5f46750acc2da9ecf2aae3d,2025-10-05T08:21:45+01:00,1140.2,329.1,bench-host-01,peer-scaling-2025-10
PEER-08-R5,8,249010,15,479c8d63422d896c2779f00b,2025-10-05T08:21:46+01:00,1120.6,329.1,bench-host-01,peer-scaling-2025-10
PEER-08-R5,8,249010,16,859699f4b73cd51606040481,2025-10-05T08:21:46+01:00,1151.4,326.3,bench-host-01,peer-scaling-2025-10
PEER-08-R5,8,249010,17,7716c19bc7f51cf87f975b01,2025-10-05T08:21:47+01:00,1131.9,323.8,bench-host-01,peer-scaling-2025-10
PEER-08-R5,8,249010,18,c2ae2721fef23b07d4886fe7,2025-10-05T08:21:48+01:00,1310.8,318.3,bench-host-01,peer-scaling-2025-10
PEER-08-R5,8,249010,19,8fd9eb83fba79f75b09c6866,2025-10-05T08:21:48+01:00,1216.1,320.8,bench-host-01,peer-scaling-2025-10
PEER-08-R5,8,249010,20,c276aaa2029c2fe5fb637eaf,2025-10-05T08:21:49+01:00,1163.2,313.4,bench-host-01,peer-scaling-2025-10
PEER-08-R5,8,249010,21,d739a506025d51c938a7c470,2025-10-05T08:21:49+01:00,1241.1,318.5,bench-host-01,peer-scaling-2025-10
PEER-08-R5,8,249010,22,155370ceb1615604f497e2a0,2025-10-05T08:21:50+01:00,1262.1,310.7,bench-host-01,peer-scaling-2025-10
PEER-08-R5,8,249010,23,cc2a53fcd6ecc6c84ed53dc4,2025-10-05T08:21:50+01:00,1198.1,317.3,bench-host-01,peer-scaling-2025-10
PEER-08-R5,8,249010,24,100dcffead230146af7e3f26,2025-10-05T08:21:51+01:00,1133.6,319.1,bench-host-01,peer-scaling-2025-10
PEER-08-R5,8,249010,25,6cacbc8e6810bc0e3ea33d9d,2025-10-05T08:21:52+01:00,1178.3,325.1,bench-host-01,peer-scaling-2025-10
PEER-08-R5,8,249010,26,b5e8f41eee58c5d001883d7c,2025-10-05T08:21:52+01:00,1120.4,325.5,bench-host-01,peer-scaling-2025-10
PEER-08-R5,8,249010,27,4c9e78d2e4e67e29dca9037f,2025-10-05T08:21:53+01:00,1111.4,326.8,bench-host-01,peer-scaling-2025-10
PEER-08-R5,8,249010,28,5fb7ab75b5f44b9ed86f3cef,2025-10-05T08:21:53+01:00,1101.6,320.7,bench-host-01,peer-scaling-2025-10
PEER-08-R5,8,249010,29,6d6ef2ee3940373bb9918950,2025-10-05T08:21:54+01:00,1143.8,314.6,bench-host-01,peer-scaling-2025-10
PEER-08-R5,8,249011,30,27571ef09b66f985ac860928,2025-10-05T08:21:55+01:00,1185.4,315.2,bench-host-01,peer-scaling-2025-10
PEER-08-R5,8,249011,31,b3e090a99bb0cf22baa33fb6,2025-10-05T08:21:55+01:00,1153.2,317.1,bench-host-01,peer-scaling-2025-10
PEER-08-R5,8,249012,32,5c843181c68029b6d5d07496,2025-10-05T08:21:56+01:00,1066.6,316.7,bench-host-01,peer-scaling-2025-10
PEER-08-R5,8,249012,33,1aa6507687180055d65ebf99,2025-10-05T08:21:56+01:00,1208.7,319.0,bench-host-01,peer-scaling-2025-10
PEER-08-R5,8,249012,34,62a7e389765d0d16b0f5d5b4,2025-10-05T08:21:57+01:00,1144.1,324.3,bench-host-01,peer-scaling-2025-10
PEER-08-R5,8,249012,35,ad3fc36c9c95118fbcd55e02,2025-10-05T08:21:57+01:00,1175.5,316.8,bench-host-01,peer-scaling-2025-10
PEER-08-R5,8,249012,36,490df53b5d47682bcf37a734,2025-10-05T08:21:58+01:00,1111.6,322.5,bench-host-01,peer-scaling-2025-10
PEER-08-R5,8,249012,37,39d2ff1bd5f5ec1840386dea,2025-10-05T08:21:59+01:00,1214.5,318.8,bench-host-01,peer-scaling-2025-10
PEER-08-R5,8,249012,38,22f771e17bfbc84d19deb215,2025-10-05T08:21:59+01:00,1110.5,317.8,bench-host-01,peer-scaling-2025-10
PEER-08-R5,8,249012,39,9c99a46561707488a629ac23,2025-10-05T08:22:00+01:00,1262.1,317.9,bench-host-01,peer-scaling-2025-10
PEER-08-R5,8,249012,40,00f11526576a739177abb6d7,2025-10-05T08:22:00+01:00,1201.5,315.4,bench-host-01,peer-scaling-2025-10
PEER-08-R5,8,249012,41,bd27adbdc8c3ec86c58b4d7e,2025-10-05T08:22:01+01:00,1094.7,316.0,bench-host-01,peer-scaling-2025-10
PEER-08-R5,8,249012,42,e1fa9c3c5e46cfe7bb7c7bc3,2025-10-05T08:22:01+01:00,1263.1,312.9,bench-host-01,peer-scaling-2025-10
PEER-08-R5,8,249012,43,9127db162e9fc79895283fbf,2025-10-05T08:22:02+01:00,1187.2,313.8,bench-host-01,peer-scaling-2025-10
PEER-08-R5,8,249012,44,6f86284da460fcdd70e7c235,2025-10-05T08:22:03+01:00,1152.9,323.7,bench-host-01,peer-scaling-2025-10
PEER-08-R5,8,249012,45,6ea826ba0c10e098daa8e929,2025-10-05T08:22:03+01:00,1132.5,321.8,bench-host-01,peer-scaling-2025-10
PEER-08-R5,8,249012,46,8698f7eff8de18ceb1b4f714,2025-10-05T08:22:04+01:00,1111.7,328.9,bench-host-01,peer-scaling-2025-10
PEER-08-R5,8,249012,47,7ed0e08149eb798000866ad2,2025-10-05T08:22:04+01:00,1233.0,318.5,bench-host-01,peer-scaling-2025-10
PEER-08-R5,8,249012,48,6a3bb604236c3f2a22cafd54,2025-10-05T08:22:05+01:00,1097.1,315.3,bench-host-01,peer-scaling-2025-10
PEER-08-R5,8,249012,49,4ce7ffee50430180214d8442,2025-10-05T08:22:05+01:00,1187.2,318.9,bench-host-01,peer-scaling-2025-10
PEER-08-R5,8,249012,50,51081c1a48c24f2de8e6a7f8,2025-10-05T08:22:06+01:00,1220.4,323.9,bench-host-01,peer-scaling-2025-10
PEER-08-R5,8,249012,51,729ccc801bbff0fcb755e0ed,2025-10-05T08:22:07+01:00,1236.8,317.5,bench-host-01,peer-scaling-2025-10
PEER-08-R5,8,249012,52,59052fe7619390e8766aacc9,2025-10-05T08:22:07+01:00,1144.4,321.3,bench-host-01,peer-scaling-2025-10
PEER-08-R5,8,249012,53,681108dc205280089a8d46bd,2025-10-05T08:22:08+01:00,1163.0,321.1,bench-host-01,peer-scaling-2025-10
PEER-08-R5,8,249013,54,dbdae100377c6707136a5845,2025-10-05T08:22:08+01:00,1109.4,322.5,bench-host-01,peer-scaling-2025-10
PEER-08-R5,8,249013,55,ba21f07fb40438432bf859b2,2025-10-05T08:22:09+01:00,1177.6,312.6,bench-host-01,peer-scaling-2025-10
PEER-08-R5,8,249013,56,752870e8a1dbc5bf47a17d12,2025-10-05T08:22:09+01:00,1192.4,325.8,bench-host-01,peer-scaling-2025-10
PEER-08-R5,8,249013,57,dcbcdd8c6995b62612396139,2025-10-05T08:22:10+01:00,1181.4,322.5,bench-host-01,peer-scaling-2025-10
PEER-08-R5,8,249013,58,fe9eb3b833bd34891fe60795,2025-10-05T08:22:11+01:00,1133.4,325.9,bench-host-01,peer-scaling-2025-10
PEER-08-R5,8,249013,59,e8da57e77332cc269bdc62d3,2025-10-05T08:22:11+01:00,1166.8,319.1,bench-host-01,peer-scaling-2025-10
PEER-08-R5,8,249014,60,8ffa1309c85f80f2b0525446,2025-10-05T08:22:12+01:00,1194.4,325.5,bench-host-01,peer-scaling-2025-10
PEER-08-R5,8,249014,61,0386775bcf2ca0fa0f6aaaed,2025-10-05T08:22:12+01:00,1037.7,320.7,bench-host-01,peer-scaling-2025-10
PEER-08-R5,8,249014,62,8f88603df6f8286552edaa57,2025-10-05T08:22:13+01:00,1146.1,328.3,bench-host-01,peer-scaling-2025-10
PEER-08-R5,8,249014,63,f2f4327f3481ba4151044fb8,2025-10-05T08:22:13+01:00,1206.9,305.7,bench-host-01,peer-scaling-2025-10
PEER-08-R5,8,249015,64,d29341721b4c73ace7805f29,2025-10-05T08:22:14+01:00,1120.6,310.9,bench-host-01,peer-scaling-2025-10
PEER-08-R5,8,249015,65,12974fc2e01ff04fc2c1ae70,2025-10-05T08:22:15+01:00,1106.1,323.6,bench-host-01,peer-scaling-2025-10
PEER-08-R5,8,249015,66,55630c5d05d329c00d065de8,2025-10-05T08:22:15+01:00,1060.2,324.6,bench-host-01,peer-scaling-2025-10
PEER-08-R5,8,249015,67,5f48546d1a1b384760e974a7,2025-10-05T08:22:16+01:00,1245.1,321.0,bench-host-01,peer-scaling-2025-10
PEER-08-R5,8,249015,68,bf47a1f4e11c8c7607666054,2025-10-05T08:22:16+01:00,1115.9,311.7,bench-host-01,peer-scaling-2025-10
PEER-08-R5,8,249015,69,62fc358934878a60c7e91a77,2025-10-05T08:22:17+01:00,1184.3,322.3,bench-host-01,peer-scaling-2025-10
PEER-08-R5,8,249016,70,f579b832ba3dda7e1a1d8eca,2025-10-05T08:22:17+01:00,1128.1,321.5,bench-host-01,peer-scaling-2025-10
PEER-08-R5,8,249016,71,99ec6d1878fabfd7955cf287,2025-10-05T08:22:18+01:00,1229.8,315.0,bench-host-01,peer-scaling-2025-10
PEER-08-R5,8,249016,72,eb0fc9b64bc7cb89567d3625,2025-10-05T08:22:19+01:00,1157.6,319.1,bench-host-01,peer-scaling-2025-10
PEER-08-R5,8,249016,73,9a0e09ba6b954ba7f54f87c2,2025-10-05T08:22:19+01:00,1127.6,323.5,bench-host-01,peer-scaling-2025-10
PEER-08-R5,8,249016,74,564c9ce934962ffdeb8464af,2025-10-05T08:22:20+01:00,1094.1,332.8,bench-host-01,peer-scaling-2025-10
PEER-08-R5,8,249016,75,1fd012b0de518487fc19c101,2025-10-05T08:22:20+01:00,1163.7,324.9,bench-host-01,peer-scaling-2025-10
PEER-08-R5,8,249016,76,17568286873f763172b96e3a,2025-10-05T08:22:21+01:00,1233.5,316.7,bench-host-01,peer-scaling-2025-10
PEER-08-R5,8,249016,77,d119077dfc30ecd83e6ec632,2025-10-05T08:22:22+01:00,1260.4,311.3,bench-host-01,peer-scaling-2025-10
PEER-08-R5,8,249016,78,337634f2070c8512e2aad515,2025-10-05T08:22:22+01:00,1065.0,312.3,bench-host-01,peer-scaling-2025-10
PEER-08-R5,8,249016,79,1598f79a06431cfecbc3472d,2025-10-05T08:22:23+01:00,1110.4,324.3,bench-host-01,peer-scaling-2025-10
PEER-08-R5,8,249016,80,bfe395a7330caeacd6cea0f5,2025-10-05T08:22:23+01:00,1150.1,325.8,bench-host-01,peer-scaling-2025-10
PEER-08-R5,8,249016,81,152c6ba62fffcfd68a850d76,2025-10-05T08:22:24+01:00,1149.2,318.2,bench-host-01,peer-scaling-2025-10
PEER-08-R5,8,249016,82,9c2c4ce65f5947b20700aefd,2025-10-05T08:22:24+01:00,1175.7,316.1,bench-host-01,peer-scaling-2025-10
PEER-08-R5,8,249016,83,01976415fe02b55374703dcf,2025-10-05T08:22:25+01:00,1218.6,318.0,bench-host-01,peer-scaling-2025-10
PEER-08-R5,8,249017,84,9d823b8d8412cde000ad89ba,2025-10-05T08:22:26+01:00,1108.0,335.1,bench-host-01,peer-scaling-2025-10
PEER-08-R5,8,249017,85,ba8db848ec615d9a2287f9e0,2025-10-05T08:22:26+01:00,1061.7,319.2,bench-host-01,peer-scaling-2025-10
PEER-08-R5,8,249017,86,93e1f911d251f4f8dfff1168,2025-10-05T08:22:27+01:00,1224.8,318.2,bench-host-01,peer-scaling-2025-10
PEER-08-R5,8,249017,87,b77d418ea29cbec15b1b0ad7,2025-10-05T08:22:27+01:00,1186.4,317.3,bench-host-01,peer-scaling-2025-10
PEER-08-R5,8,249018,88,109affb15a1282f6a6a4b2f0,2025-10-05T08:22:28+01:00,1072.6,317.0,bench-host-01,peer-scaling-2025-10
PEER-08-R5,8,249018,89,696c7f07712ccfa995bbe9b4,2025-10-05T08:22:28+01:00,1157.4,319.2,bench-host-01,peer-scaling-2025-10
PEER-08-R5,8,249018,90,1ae1e43b44e6757aa1c89cb2,2025-10-05T08:22:29+01:00,1125.2,320.1,bench-host-01,peer-scaling-2025-10
PEER-08-R5,8,249018,91,a54fc874e47e56d9c26aa0f3,2025-10-05T08:22:30+01:00,1216.8,326.4,bench-host-01,peer-scaling-2025-10
PEER-08-R5,8,249018,92,4219fb7598fb391293f257f9,2025-10-05T08:22:30+01:00,1239.8,319.4,bench-host-01,peer-scaling-2025-10
PEER-08-R5,8,249018,93,29ab512be2694126b11f92fb,2025-10-05T08:22:31+01:00,1040.1,323.2,bench-host-01,peer-scaling-2025-10
PEER-08-R5,8,249018,94,dbbdf8c20b9b397f68ce660c,2025-10-05T08:22:31+01:00,1078.5,325.1,bench-host-01,peer-scaling-2025-10
PEER-08-R5,8,249018,95,b1ce04548c20e523b8d029dc,2025-10-05T08:22:32+01:00,1077.1,322.3,bench-host-01,peer-scaling-2025-10
PEER-08-R5,8,249018,96,45f85d8a41713e9b45b7e489,2025-10-05T08:22:32+01:00,1224.2,317.9,bench-host-01,peer-scaling-2025-10
PEER-08-R5,8,249018,97,5a376a422c4c20960309d0d9,2025-10-05T08:22:33+01:00,1169.0,322.1,bench-host-01,peer-scaling-2025-10
PEER-08-R5,8,249018,98,d9e5570a02e21dd1cf2388c0,2025-10-05T08:22:34+01:00,1164.4,319.6,bench-host-01,peer-scaling-2025-10
PEER-08-R5,8,249018,99,dd7e036ea15ea7a113438ae7,2025-10-05T08:22:34+01:00,1233.7,318.1,bench-host-01,peer-scaling-2025-10
PEER-08-R5,8,249018,100,903c67dcf35a41e886cedc58,2025-10-05T08:22:35+01:00,1140.3,325.3,bench-host-01,peer-scaling-2025-10
PEER-08-R5,8,249018,101,3eed08b0486643df376363ec,2025-10-05T08:22:35+01:00,1116.6,318.3,bench-host-01,peer-scaling-2025-10
PEER-08-R5,8,249018,102,9f576f079c4dae7e50bf1f2c,2025-10-05T08:22:36+01:00,1095.4,319.4,bench-host-01,peer-scaling-2025-10
PEER-08-R5,8,249018,103,71dc9a190c5f6cecb3623fdf,2025-10-05T08:22:36+01:00,1206.3,323.9,bench-host-01,peer-scaling-2025-10
PEER-08-R5,8,249018,104,cda111b0f90aac088c618d33,2025-10-05T08:22:37+01:00,1249.3,322.2,bench-host-01,peer-scaling-2025-10
PEER-08-R5,8,249018,105,a7aae782a58e641f2369de84,2025-10-05T08:22:38+01:00,1136.3,318.8,bench-host-01,peer-scaling-2025-10
PEER-08-R5,8,249018,106,87b7d668448bba51cbfc72e1,2025-10-05T08:22:38+01:00,1140.7,313.6,bench-host-01,peer-scaling-2025-10
PEER-08-R5,8,249018,107,4672c72c6d79bd16207d3e99,2025-10-05T08:22:39+01:00,1139.9,316.7,bench-host-01,peer-scaling-2025-10
PEER-08-R5,8,249019,108,402dfade70ed1b610e5947da,2025-10-05T08:22:39+01:00,1161.6,317.3,bench-host-01,peer-scaling-2025-10
PEER-08-R5,8,249019,109,e7b06825ac11a60125b86b3d,2025-10-05T08:22:40+01:00,1027.5,317.9,bench-host-01,peer-scaling-2025-10
PEER-08-R5,8,249019,110,7eac479312121d6b34540577,2025-10-05T08:22:40+01:00,1134.2,318.3,bench-host-01,peer-scaling-2025-10
PEER-08-R5,8,249019,111,fbccb3b471cc3faef9d479eb,2025-10-05T08:22:41+01:00,1069.1,326.5,bench-host-01,peer-scaling-2025-10
PEER-08-R5,8,249019,112,fe45e7c88d7d0f906b645d74,2025-10-05T08:22:42+01:00,1195.4,319.5,bench-host-01,peer-scaling-2025-10
PEER-08-R5,8,249019,113,c71860593b685de47e5520e3,2025-10-05T08:22:42+01:00,1148.8,321.2,bench-host-01,peer-scaling-2025-10
PEER-08-R5,8,249019,114,2977495696c394232a7db994,2025-10-05T08:22:43+01:00,1104.3,327.3,bench-host-01,peer-scaling-2025-10
PEER-08-R5,8,249019,115,e84d12e985193e1139cf7fc4,2025-10-05T08:22:43+01:00,1030.3,324.9,bench-host-01,peer-scaling-2025-10
PEER-08-R5,8,249019,116,bb4e64d0c39afe0593db067d,2025-10-05T08:22:44+01:00,1103.3,318.6,bench-host-01,peer-scaling-2025-10
PEER-08-R5,8,249020,117,83361a6685455290f5b82dd2,2025-10-05T08:22:45+01:00,1197.4,322.4,bench-host-01,peer-scaling-2025-10
PEER-08-R5,8,249020,118,eb5a2914fcb1ed69e08467e8,2025-10-05T08:22:45+01:00,1153.3,322.1,bench-host-01,peer-scaling-2025-10
PEER-08-R5,8,249020,119,f7e660c9d56838089bb1c5b0,2025-10-05T08:22:46+01:00,1217.6,321.2,bench-host-01,peer-scaling-2025-10
PEER-08-R5,8,249020,120,a6b274422e4589db94dd1ec8,2025-10-05T08:22:46+01:00,1108.8,318.6,bench-host-01,peer-scaling-2025-10
PEER-08-R5,8,249020,121,e22b0c3f7956aa504fc997f2,2025-10-05T08:22:47+01:00,1142.1,323.7,bench-host-01,peer-scaling-2025-10
PEER-08-R5,8,249020,122,eddc24e327cfed4a5b7d0e62,2025-10-05T08:22:47+01:00,1171.7,319.2,bench-host-01,peer-scaling-2025-10
PEER-08-R5,8,249020,123,12cccec3ff309c0aee13b8af,2025-10-05T08:22:48+01:00,1162.1,319.5,bench-host-01,peer-scaling-2025-10
PEER-08-R5,8,249020,124,16da5c00ea9a07ddcd48a0cd,2025-10-05T08:22:49+01:00,1173.0,328.6,bench-host-01,peer-scaling-2025-10
PEER-08-R5,8,249020,125,51f8648b1035707a0ba7cebb,2025-10-05T08:22:49+01:00,1093.0,319.4,bench-host-01,peer-scaling-2025-10
PEER-08-R5,8,249020,126,05bfd0db846d38c134dfabf6,2025-10-05T08:22:50+01:00,1042.6,318.8,bench-host-01,peer-scaling-2025-10
PEER-08-R5,8,249020,127,a401b551b4da02945b781bbc,2025-10-05T08:22:50+01:00,1146.5,324.4,bench-host-01,peer-scaling-2025-10
PEER-08-R5,8,249021,128,e2c5b37db19d3a0d72c9d27e,2025-10-05T08:22:51+01:00,1177.5,326.6,bench-host-01,peer-scaling-2025-10
PEER-08-R5,8,249021,129,84e2e7e9823d3cb60156b9bb,2025-10-05T08:22:51+01:00,1075.5,320.6,bench-host-01,peer-scaling-2025-10
PEER-32-R6,32,271011,0,21183760a0092ee450cf1175,2025-10-05T13:22:52+01:00,845.2,321.7,bench-host-01,peer-scaling-2025-10
PEER-32-R6,32,271011,1,b33f678486ceae627cb52f6f,2025-10-05T13:22:52+01:00,768.1,317.7,bench-host-01,peer-scaling-2025-10
PEER-32-R6,32,271011,2,8ff719ed7e6d9465a22461d0,2025-10-05T13:22:53+01:00,717.9,310.7,bench-host-01,peer-scaling-2025-10
PEER-32-R6,32,271011,3,82bbadf2395595a2722d1876,2025-10-05T13:22:53+01:00,877.5,306.8,bench-host-01,peer-scaling-2025-10
PEER-32-R6,32,271011,4,a1b39935a154cb1a260356a1,2025-10-05T13:22:54+01:00,818.7,319.5,bench-host-01,peer-scaling-2025-10
PEER-32-R6,32,271011,5,f0dcea9cd1fb3a5b86715a35,2025-10-05T13:22:54+01:00,882.0,319.0,bench-host-01,peer-scaling-2025-10
PEER-32-R6,32,271011,6,d1b37036a6e6046d2b581acc,2025-10-05T13:22:54+01:00,819.4,314.0,bench-host-01,peer-scaling-2025-10
PEER-32-R6,32,271011,7,44dfb572879883b02aa6652a,2025-10-05T13:22:55+01:00,840.3,312.4,bench-host-01,peer-scaling-2025-10
PEER-32-R6,32,271011,8,b5c95d38b4ca54055d3f4aea,2025-10-05T13:22:55+01:00,858.0,310.3,bench-host-01,peer-scaling-2025-10
PEER-32-R6,32,271011,9,9a27a9688060b75aadec3d5c,2025-10-05T13:22:56+01:00,786.7,325.4,bench-host-01,peer-scaling-2025-10
PEER-32-R6,32,271011,10,692dfcbd45a1cebe6404348f,2025-10-05T13:22:56+01:00,846.8,312.0,bench-host-01,peer-scaling-2025-10
PEER-32-R6,32,271011,11,d4c1ba159871f6955dc9fb2c,2025-10-05T13:22:56+01:00,890.3,322.3,bench-host-01,peer-scaling-2025-10
PEER-32-R6,32,271011,12,29376dd12501f171ceb1f590,2025-10-05T13:22:57+01:00,809.6,319.7,bench-host-01,peer-scaling-2025-10
PEER-32-R6,32,271011,13,90f205688c23efd5c9f6895e,2025-10-05T13:22:57+01:00,786.0,318.6,bench-host-01,peer-scaling-2025-10
PEER-32-R6,32,271011,14,ce5cc7243edb3c8d39c081ab,2025-10-05T13:22:58+01:00,940.0,319.7,bench-host-01,peer-scaling-2025-10
PEER-32-R6,32,271011,15,66d9cfec403a415fbd56d313,2025-10-05T13:22:58+01:00,829.7,319.0,bench-host-01,peer-scaling-2025-10
PEER-32-R6,32,271011,16,83c54a5e783c2c36dcc2c4ca,2025-10-05T13:22:58+01:00,753.6,320.4,bench-host-01,peer-scaling-2025-10
PEER-32-R6,32,271011,17,ffa24f418b6e3aa7ed2490bb,2025-10-05T13:22:59+01:00,863.3,318.3,bench-host-01,peer-scaling-2025-10
PEER-32-R6,32,271011,18,591d8c91f9fa445fbd91b1ed,2025-10-05T13:22:59+01:00,799.7,313.2,bench-host-01,peer-scaling-2025-10
PEER-32-R6,32,271011,19,5d0643bdbb076a7d33dae0d6,2025-10-05T13:23:00+01:00,845.7,320.0,bench-host-01,peer-scaling-2025-10
PEER-32-R6,32,271011,20,c979176114b2658eb3e5a019,2025-10-05T13:23:00+01:00,936.5,314.8,bench-host-01,peer-scaling-2025-10
PEER-32-R6,32,271011,21,10f1ee856126664f08cf2e28,2025-10-05T13:23:00+01:00,866.3,313.0,bench-host-01,peer-scaling-2025-10
PEER-32-R6,32,271011,22,ad2839cbc486601f7ebbbdfd,2025-10-05T13:23:01+01:00,833.7,316.2,bench-host-01,peer-scaling-2025-10
PEER-32-R6,32,271011,23,ad6b4f4c681654245c364e82,2025-10-05T13:23:01+01:00,811.4,313.5,bench-host-01,peer-scaling-2025-10
PEER-32-R6,32,271011,24,364f728e07fe3e939b629625,2025-10-05T13:23:02+01:00,802.3,308.3,bench-host-01,peer-scaling-2025-10
PEER-32-R6,32,271011,25,ad40aaa497e4748c1ffb79fc,2025-10-05T13:23:02+01:00,786.4,315.0,bench-host-01,peer-scaling-2025-10
PEER-32-R6,32,271011,26,958a120e35abadf72bcee760,2025-10-05T13:23:03+01:00,775.3,318.4,bench-host-01,peer-scaling-2025-10
PEER-32-R6,32,271011,27,98c7d610df9ffcf34bb573f0,2025-10-05T13:23:03+01:00,742.9,314.2,bench-host-01,peer-scaling-2025-10
PEER-32-R6,32,271011,28,fc3a9be207a9a98238c8552b,2025-10-05T13:23:03+01:00,778.2,316.1,bench-host-01,peer-scaling-2025-10
PEER-32-R6,32,271011,29,c1a302891c7b1dc7cd883dae,2025-10-05T13:23:04+01:00,844.6,317.9,bench-host-01,peer-scaling-2025-10
PEER-32-R6,32,271011,30,46a4c269642795e4ab698ccd,2025-10-05T13:23:04+01:00,829.1,329.1,bench-host-01,peer-scaling-2025-10
PEER-32-R6,32,271011,31,a6f163200fd2aabaef67411b,2025-10-05T13:23:05+01:00,886.8,312.0,bench-host-01,peer-scaling-2025-10
PEER-32-R6,32,271011,32,d2f606b25be0b784027e037a,2025-10-05T13:23:05+01:00,834.9,323.8,bench-host-01,peer-scaling-2025-10
PEER-32-R6,32,271011,33,0fd525d1970fd67a06311e2f,2025-10-05T13:23:05+01:00,761.7,322.7,bench-host-01,peer-scaling-2025-10
PEER-32-R6,32,271011,34,245ce8e87b8e26e65cdab0e2,2025-10-05T13:23:06+01:00,797.0,323.2,bench-host-01,peer-scaling-2025-10
PEER-32-R6,32,271011,35,06be47174941dfcaa2f5250a,2025-10-05T13:23:06+01:00,843.7,325.5,bench-host-01,peer-scaling-2025-10
PEER-32-R6,32,271012,36,cbe09c89b3cc18891b1a7ea6,2025-10-05T13:23:07+01:00,919.4,308.1,bench-host-01,peer-scaling-2025-10
PEER-32-R6,32,271012,37,bf41c810b0e9c6c57a6f004a,2025-10-05T13:23:07+01:00,914.2,317.4,bench-host-01,peer-scaling-2025-10
PEER-32-R6,32,271012,38,955a423594efead8b2f7ad91,2025-10-05T13:23:07+01:00,769.8,319.7,bench-host-01,peer-scaling-2025-10
PEER-32-R6,32,271012,39,21341c55bf4b75f360e85700,2025-10-05T13:23:08+01:00,887.9,315.9,bench-host-01,peer-scaling-2025-10
PEER-32-R6,32,271012,40,8e6d24808569539e7ea1ecf1,2025-10-05T13:23:08+01:00,799.7,318.5,bench-host-01,peer-scaling-2025-10
PEER-32-R6,32,271012,41,5f54f6d192347c750fd4a59f,2025-10-05T13:23:09+01:00,903.3,317.9,bench-host-01,peer-scaling-2025-10
PEER-32-R6,32,271012,42,c60bcb55a1f91c15e362cb60,2025-10-05T13:23:09+01:00,804.8,320.8,bench-host-01,peer-scaling-2025-10
PEER-32-R6,32,271012,43,c80520e746d805cb22c5187a,2025-10-05T13:23:09+01:00,817.6,312.4,bench-host-01,peer-scaling-2025-10
PEER-32-R6,32,271012,44,937faf5f6ee661b74976107f,2025-10-05T13:23:10+01:00,807.9,314.6,bench-host-01,peer-scaling-2025-10
PEER-32-R6,32,271012,45,703f6673a2e4b4e2fe9b4b8a,2025-10-05T13:23:10+01:00,890.9,324.9,bench-host-01,peer-scaling-2025-10
PEER-32-R6,32,271012,46,274cd163595e0212f62cd8f6,2025-10-05T13:23:11+01:00,798.0,316.2,bench-host-01,peer-scaling-2025-10
PEER-32-R6,32,271012,47,0ba8072bf1313175b8875790,2025-10-05T13:23:11+01:00,849.2,327.4,bench-host-01,peer-scaling-2025-10
PEER-32-R6,32,271012,48,0ad6566810cade0e2978ae2f,2025-10-05T13:23:11+01:00,893.1,325.3,bench-host-01,peer-scaling-2025-10
PEER-32-R6,32,271012,49,557be8bb74a8662ee4954189,2025-10-05T13:23:12+01:00,759.0,310.9,bench-host-01,peer-scaling-2025-10
PEER-32-R6,32,271012,50,1bafffda1582ad8db27bf5b2,2025-10-05T13:23:12+01:00,897.6,322.9,bench-host-01,peer-scaling-2025-10
PEER-32-R6,32,271012,51,c3f98236e3b7105d4e7b61cd,2025-10-05T13:23:13+01:00,747.8,319.0,bench-host-01,peer-scaling-2025-10
PEER-32-R6,32,271012,52,dc4354cb392f33dbf853da9f,2025-10-05T13:23:13+01:00,743.9,322.2,bench-host-01,peer-scaling-2025-10
PEER-32-R6,32,271012,53,02fa763a7cf7fa650df9e3a0,2025-10-05T13:23:13+01:00,827.0,324.5,bench-host-01,peer-scaling-2025-10
PEER-32-R6,32,271012,54,7a6d5c0625e51f4030c63cac,2025-10-05T13:23:14+01:00,766.1,319.7,bench-host-01,peer-scaling-2025-10
PEER-32-R6,32,271012,55,42296a958c933ef0a44fe2ad,2025-10-05T13:23:14+01:00,862.0,318.6,bench-host-01,peer-scaling-2025-10
PEER-32-R6,32,271012,56,290f2cd2563c2ed46f900a55,2025-10-05T13:23:15+01:00,749.4,316.3,bench-host-01,peer-scaling-2025-10
PEER-32-R6,32,271012,57,162fb85792d4503967a95fa5,2025-10-05T13:23:15+01:00,813.5,320.6,bench-host-01,peer-scaling-2025-10
PEER-32-R6,32,271012,58,88acb3d75d8f0ed16a7330d1,2025-10-05T13:23:16+01:00,871.1,311.2,bench-host-01,peer-scaling-2025-10
PEER-32-R6,32,271012,59,afca0004715cef8e392dce4d,2025-10-05T13:23:16+01:00,799.6,322.1,bench-host-01,peer-scaling-2025-10
PEER-32-R6,32,271012,60,02efb700f75b35b1f2e05d5a,2025-10-05T13:23:16+01:00,790.5,315.5,bench-host-01,peer-scaling-2025-10
PEER-32-R6,32,271012,61,34d4e4ca7a7d3c6da18151bc,2025-10-05T13:23:17+01:00,806.5,313.0,bench-host-01,peer-scaling-2025-10
PEER-32-R6,32,271012,62,07dfca1d235b6fd8873e6852,2025-10-05T13:23:17+01:00,825.2,319.5,bench-host-01,peer-scaling-2025-10
PEER-32-R6,32,271012,63,afbb4a26dad0d12efa1e8f53,2025-10-05T13:23:18+01:00,759.6,313.4,bench-host-01,peer-scaling-2025-10
PEER-32-R6,32,271012,64,dc158249d4f263507af4460a,2025-10-05T13:23:18+01:00,779.0,312.9,bench-host-01,peer-scaling-2025-10
PEER-32-R6,32,271012,65,8673c1776c741d50efcbe663,2025-10-05T13:23:18+01:00,847.8,319.3,bench-host-01,peer-scaling-2025-10
PEER-32-R6,32,271012,66,00afe80438800544b85b5cf9,2025-10-05T13:23:19+01:00,785.7,312.7,bench-host-01,peer-scaling-2025-10
PEER-32-R6,32,271012,67,1d820a3a808c47e008deb2b7,2025-10-05T13:23:19+01:00,819.9,316.2,bench-host-01,peer-scaling-2025-10
PEER-32-R6,32,271012,68,25faaf06c817fa74aee054f3,2025-10-05T13:23:20+01:00,746.8,312.9,bench-host-01,peer-scaling-2025-10
PEER-32-R6,32,271012,69,5f80496b95909cf4182d7bd9,2025-10-05T13:23:20+01:00,789.6,318.9,bench-host-01,peer-scaling-2025-10
PEER-32-R6,32,271012,70,f90e734de8db8e84a10994ee,2025-10-05T13:23:20+01:00,801.2,324.6,bench-host-01,peer-scaling-2025-10
PEER-32-R6,32,271012,71,3149226086c67767f7ab615b,2025-10-05T13:23:21+01:00,867.4,312.9,bench-host-01,peer-scaling-2025-10
PEER-32-R6,32,271013,72,5f713efa4fbe56307569a163,2025-10-05T13:23:21+01:00,716.9,315.7,bench-host-01,peer-scaling-2025-10
PEER-32-R6,32,271013,73,bfa66ca1f7e9f3041f9ccd25,2025-10-05T13:23:22+01:00,822.8,312.1,bench-host-01,peer-scaling-2025-10
PEER-32-R6,32,271013,74,b130312fe570ba245c88f74e,2025-10-05T13:23:22+01:00,680.8,321.3,bench-host-01,peer-scaling-2025-10
PEER-32-R6,32,271013,75,5885374499bec736f65211b0,2025-10-05T13:23:22+01:00,829.0,313.8,bench-host-01,peer-scaling-2025-10
PEER-32-R6,32,271013,76,788585a61562e5d8b44cc7dc,2025-10-05T13:23:23+01:00,785.3,317.8,bench-host-01,peer-scaling-2025-10
PEER-32-R6,32,271013,77,35756e3f81cf2c6916f96e98,2025-10-05T13:23:23+01:00,822.6,323.2,bench-host-01,peer-scaling-2025-10
PEER-32-R6,32,271013,78,de38f1c4ce0a878832714e01,2025-10-05T13:23:24+01:00,735.9,326.8,bench-host-01,peer-scaling-2025-10
PEER-32-R6,32,271013,79,8f8b217bcef459ffbede1e00,2025-10-05T13:23:24+01:00,862.5,318.7,bench-host-01,peer-scaling-2025-10
PEER-32-R6,32,271013,80,21500bab899e06b49d9381c3,2025-10-05T13:23:24+01:00,720.9,320.0,bench-host-01,peer-scaling-2025-10
PEER-32-R6,32,271013,81,50093213b673db2173aae6da,2025-10-05T13:23:25+01:00,784.7,316.9,bench-host-01,peer-scaling-2025-10
PEER-32-R6,32,271013,82,bc80d253966ab878b231eeb0,2025-10-05T13:23:25+01:00,725.1,309.2,bench-host-01,peer-scaling-2025-10
PEER-32-R6,32,271013,83,f58a290f6d10c177b84f9b59,2025-10-05T13:23:26+01:00,880.3,311.8,bench-host-01,peer-scaling-2025-10
PEER-32-R6,32,271013,84,1c9576d8820e6801767af209,2025-10-05T13:23:26+01:00,730.3,316.7,bench-host-01,peer-scaling-2025-10
PEER-32-R6,32,271013,85,ddf62200edd0aa93cc209236,2025-10-05T13:23:26+01:00,762.3,330.1,bench-host-01,peer-scaling-2025-10
PEER-32-R6,32,271013,86,008a3b0f4d835ee99fc34965,2025-10-05T13:23:27+01:00,902.5,313.6,bench-host-01,peer-scaling-2025-10
PEER-32-R6,32,271013,87,7318ac3d42b018216e990452,2025-10-05T13:23:27+01:00,837.8,322.3,bench-host-01,peer-scaling-2025-10
PEER-32-R6,32,271013,88,8d88014f3b188a6e2936a321,2025-10-05T13:23:28+01:00,950.3,322.5,bench-host-01,peer-scaling-2025-10
PEER-32-R6,32,271013,89,c09806bae2789333eb68b433,2025-10-05T13:23:28+01:00,829.3,321.6,bench-host-01,peer-scaling-2025-10
PEER-32-R6,32,271014,90,73c74589f13455bab0dd8500,2025-10-05T13:23:29+01:00,808.3,316.6,bench-host-01,peer-scaling-2025-10
PEER-32-R6,32,271014,91,d2d237008f4a8bac92db3849,2025-10-05T13:23:29+01:00,815.7,314.5,bench-host-01,peer-scaling-2025-10
PEER-32-R6,32,271014,92,7ad5949e4ca400e6d624f1a7,2025-10-05T13:23:29+01:00,945.8,325.8,bench-host-01,peer-scaling-2025-10
PEER-32-R6,32,271014,93,165e86bef4cc5a95c19e9e76,2025-10-05T13:23:30+01:00,867.5,315.3,bench-host-01,peer-scaling-2025-10
PEER-32-R6,32,271014,94,f6452e3e41d63fea74fabded,2025-10-05T13:23:30+01:00,768.3,315.1,bench-host-01,peer-scaling-2025-10
PEER-32-R6,32,271014,95,21933a468708a37de29ec0e3,2025-10-05T13:23:31+01:00,822.3,317.0,bench-host-01,peer-scaling-2025-10
PEER-32-R6,32,271014,96,ca74baa342aab1ee532ce98b,2025-10-05T13:23:31+01:00,867.8,317.0,bench-host-01,peer-scaling-2025-10
PEER-32-R6,32,271014,97,ac8e5f9b669a7425cc3c451e,2025-10-05T13:23:31+01:00,739.9,314.7,bench-host-01,peer-scaling-2025-10
PEER-32-R6,32,271015,98,ee6d6d4d8b5dcaecef667ff3,2025-10-05T13:23:32+01:00,721.3,307.0,bench-host-01,peer-scaling-2025-10
PEER-32-R6,32,271015,99,a62c4627dcebaee007f0a960,2025-10-05T13:23:32+01:00,768.1,315.6,bench-host-01,peer-scaling-2025-10
PEER-32-R6,32,271015,100,fd5c03c03060ba1b2c4db447,2025-10-05T13:23:33+01:00,930.8,323.7,bench-host-01,peer-scaling-2025-10
PEER-32-R6,32,271015,101,58cfd3455653bb854c0deb8a,2025-10-05T13:23:33+01:00,726.9,325.4,bench-host-01,peer-scaling-2025-10
PEER-32-R6,32,271015,102,20aa7bb6a60a4e95dd948a1c,2025-10-05T13:23:33+01:00,838.2,319.3,bench-host-01,peer-scaling-2025-10
PEER-32-R6,32,271015,103,583fcca23f1a43ba6759865b,2025-10-05T13:23:34+01:00,865.9,316.2,bench-host-01,peer-scaling-2025-10
PEER-32-R6,32,271015,104,39337712664ace767f4a856c,2025-10-05T13:23:34+01:00,852.3,312.1,bench-host-01,peer-scaling-2025-10
PEER-32-R6,32,271015,105,55d41dc2314e7706ec26fdcb,2025-10-05T13:23:35+01:00,743.4,311.9,bench-host-01,peer-scaling-2025-10
PEER-32-R6,32,271015,106,22dfb0f276dc51eabdb9bc6d,2025-10-05T13:23:35+01:00,793.5,318.0,bench-host-01,peer-scaling-2025-10
PEER-32-R6,32,271015,107,02fb1ed70f0ffd95481e8cdb,2025-10-05T13:23:35+01:00,821.9,317.9,bench-host-01,peer-scaling-2025-10
PEER-32-R6,32,271015,108,2e41b418627e8be78f11b5ea,2025-10-05T13:23:36+01:00,807.4,320.7,bench-host-01,peer-scaling-2025-10
PEER-32-R6,32,271015,109,7e2430e2d5009f071f60dc5f,2025-10-05T13:23:36+01:00,751.9,311.3,bench-host-01,peer-scaling-2025-10
PEER-32-R6,32,271015,110,e9e3b8d7c8658bf6306ae1aa,2025-10-05T13:23:37+01:00,812.9,319.6,bench-host-01,peer-scaling-2025-10
PEER-32-R6,32,271015,111,3e730d29bea2c0d49f5fb18a,2025-10-05T13:23:37+01:00,875.7,312.8,bench-host-01,peer-scaling-2025-10
PEER-32-R6,32,271016,112,26fef3b9cf6a7f008242f459,2025-10-05T13:23:37+01:00,997.2,316.1,bench-host-01,peer-scaling-2025-10
PEER-32-R6,32,271016,113,9d2f52064fd61c6ecfeb2caf,2025-10-05T13:23:38+01:00,813.1,315.9,bench-host-01,peer-scaling-2025-10
PEER-32-R6,32,271016,114,8da99277ba93e00bef5f997b,2025-10-05T13:23:38+01:00,920.5,318.4,bench-host-01,peer-scaling-2025-10
PEER-32-R6,32,271016,115,4a590765db9ab9e1144b52f5,2025-10-05T13:23:39+01:00,776.9,321.5,bench-host-01,peer-scaling-2025-10
PEER-32-R6,32,271016,116,e02ddc5b93f3ea42aa4d8c72,2025-10-05T13:23:39+01:00,939.1,321.4,bench-host-01,peer-scaling-2025-10
PEER-32-R6,32,271016,117,c1c7eb66debbca7923670f2d,2025-10-05T13:23:39+01:00,732.7,318.9,bench-host-01,peer-scaling-2025-10
PEER-32-R6,32,271016,118,070c4543a8f1ad4429c0e52e,2025-10-05T13:23:40+01:00,840.8,312.0,bench-host-01,peer-scaling-2025-10
PEER-32-R6,32,271016,119,8cd285476bd69fddcc6119d7,2025-10-05T13:23:40+01:00,901.2,314.7,bench-host-01,peer-scaling-2025-10
PEER-32-R6,32,271016,120,62a71bd58f29e90006afe8f2,2025-10-05T13:23:41+01:00,868.0,315.0,bench-host-01,peer-scaling-2025-10
PEER-32-R6,32,271016,121,c0f6d4bd5e91624cee05ae80,2025-10-05T13:23:41+01:00,747.1,316.3,bench-host-01,peer-scaling-2025-10
PEER-32-R6,32,271016,122,a13b5a35a1d9c21c0ff9077b,2025-10-05T13:23:41+01:00,873.2,313.4,bench-host-01,peer-scaling-2025-10
PEER-32-R6,32,271016,123,1e065908ede793b67c2b2600,2025-10-05T13:23:42+01:00,833.7,314.7,bench-host-01,peer-scaling-2025-10
PEER-32-R6,32,271016,124,e6855749c1326fb842f2f632,2025-10-05T13:23:42+01:00,786.4,314.0,bench-host-01,peer-scaling-2025-10
PEER-32-R6,32,271016,125,7516f02a4c4db1e528590af7,2025-10-05T13:23:43+01:00,702.7,316.8,bench-host-01,peer-scaling-2025-10
PEER-32-R6,32,271016,126,42c553618d1e08060e924aba,2025-10-05T13:23:43+01:00,776.0,315.9,bench-host-01,peer-scaling-2025-10
PEER-32-R6,32,271016,127,679d7f00bf07053d8117ac56,2025-10-05T13:23:44+01:00,850.6,310.1,bench-host-01,peer-scaling-2025-10
PEER-32-R6,32,271016,128,ae618731263e1ae27a4a5970,2025-10-05T13:23:44+01:00,824.0,306.0,bench-host-01,peer-scaling-2025-10
PEER-32-R6,32,271016,129,8be30a73bd7f423d56d7d9f9,2025-10-05T13:23:44+01:00,818.8,315.2,bench-host-01,peer-scaling-2025-10
PEER-16-R6,16,398081,0,dbb63e57efb031b876c68ea6,2025-10-05T18:23:45+01:00,1037.6,324.1,bench-host-01,peer-scaling-2025-10
PEER-16-R6,16,398081,1,ed42a49af6e697cb2f17df53,2025-10-05T18:23:45+01:00,1100.4,318.7,bench-host-01,peer-scaling-2025-10
PEER-16-R6,16,398081,2,1e9b646c564ce782fe0d800a,2025-10-05T18:23:46+01:00,1034.1,321.2,bench-host-01,peer-scaling-2025-10
PEER-16-R6,16,398081,3,cd3b6e63c0e1b95e40b9c346,2025-10-05T18:23:46+01:00,1134.5,322.2,bench-host-01,peer-scaling-2025-10
PEER-16-R6,16,398081,4,249b19f00436b85033c2d6d0,2025-10-05T18:23:47+01:00,1023.6,317.8,bench-host-01,peer-scaling-2025-10
PEER-16-R6,16,398081,5,5eae7cae74e29914964ecb79,2025-10-05T18:23:47+01:00,1043.2,319.1,bench-host-01,peer-scaling-2025-10
PEER-16-R6,16,398081,6,5b32074c877132e704b69801,2025-10-05T18:23:48+01:00,1042.6,320.3,bench-host-01,peer-scaling-2025-10
PEER-16-R6,16,398081,7,8f2922ab6a6d9b547bb4384d,2025-10-05T18:23:48+01:00,1092.6,318.2,bench-host-01,peer-scaling-2025-10
PEER-16-R6,16,398081,8,7414bcf446055825065d76bf,2025-10-05T18:23:49+01:00,1006.2,321.6,bench-host-01,peer-scaling-2025-10
PEER-16-R6,16,398081,9,f034780e07ead6a047f12142,2025-10-05T18:23:49+01:00,1062.2,322.9,bench-host-01,peer-scaling-2025-10
PEER-16-R6,16,398081,10,54736175412012a500ca15eb,2025-10-05T18:23:50+01:00,1099.3,314.2,bench-host-01,peer-scaling-2025-10
PEER-16-R6,16,398081,11,e8e59653f57b53626cca448f,2025-10-05T18:23:51+01:00,1174.2,326.3,bench-host-01,peer-scaling-2025-10
PEER-16-R6,16,398081,12,6aa698de2ef654d1e0632688,2025-10-05T18:23:51+01:00,1073.2,322.4,bench-host-01,peer-scaling-2025-10
PEER-16-R6,16,398081,13,9f04c3bd522d1532e459e5ed,2025-10-05T18:23:52+01:00,985.8,326.1,bench-host-01,peer-scaling-2025-10
PEER-16-R6,16,398081,14,a743be980ce1532ad55060d8,2025-10-05T18:23:52+01:00,1014.1,326.5,bench-host-01,peer-scaling-2025-10
PEER-16-R6,16,398081,15,9d450f0d85b7abda2e910255,2025-10-05T18:23:53+01:00,1051.4,324.9,bench-host-01,peer-scaling-2025-10
PEER-16-R6,16,398081,16,6d82ac668d26b30383d33b07,2025-10-05T18:23:53+01:00,1110.9,321.3,bench-host-01,peer-scaling-2025-10
PEER-16-R6,16,398081,17,47743371daa1d457d064883b,2025-10-05T18:23:54+01:00,984.8,332.0,bench-host-01,peer-scaling-2025-10
PEER-16-R6,16,398081,18,a1a9d8ee83cd27b5dc20d63a,2025-10-05T18:23:54+01:00,910.4,320.3,bench-host-01,peer-scaling-2025-10
PEER-16-R6,16,398081,19,de1ca6ddd54a0cfe381b0d48,2025-10-05T18:23:55+01:00,985.9,328.3,bench-host-01,peer-scaling-2025-10
PEER-16-R6,16,398081,20,67f7a0229530b722a955f83a,2025-10-05T18:23:55+01:00,958.1,326.0,bench-host-01,peer-scaling-2025-10
PEER-16-R6,16,398081,21,95516c2e54db287f7d324bad,2025-10-05T18:23:56+01:00,1052.9,337.7,bench-host-01,peer-scaling-2025-10
PEER-16-R6,16,398081,22,1b9b7c22cd5a9f2037a00944,2025-10-05T18:23:56+01:00,1215.5,323.7,bench-host-01,peer-scaling-2025-10
PEER-16-R6,16,398081,23,92208482aa4fa041ecb87d16,2025-10-05T18:23:57+01:00,1097.4,329.7,bench-host-01,peer-scaling-2025-10
PEER-16-R6,16,398081,24,cfd2c8d20315be190488a109,2025-10-05T18:23:57+01:00,1102.9,326.9,bench-host-01,peer-scaling-2025-10
PEER-16-R6,16,398081,25,277b832292d61ce1f8852787,2025-10-05T18:23:58+01:00,1199.6,322.9,bench-host-01,peer-scaling-2025-10
PEER-16-R6,16,398081,26,1e75c8eddf80950416ddac56,2025-10-05T18:23:58+01:00,1054.2,327.0,bench-host-01,peer-scaling-2025-10
PEER-16-R6,16,398081,27,f6cf4a33f9fa8cb7429674fa,2025-10-05T18:23:59+01:00,1032.2,324.1,bench-host-01,peer-scaling-2025-10
PEER-16-R6,16,398081,28,eecc46b37733600207a681bb,2025-10-05T18:24:00+01:00,1157.4,320.5,bench-host-01,peer-scaling-2025-10
PEER-16-R6,16,398081,29,712fc9f79f036cad2a505fd3,2025-10-05T18:24:00+01:00,1081.5,316.8,bench-host-01,peer-scaling-2025-10
PEER-16-R6,16,398082,30,4ea7cf91a48bef12f07452ee,2025-10-05T18:24:01+01:00,1044.0,323.4,bench-host-01,peer-scaling-2025-10
PEER-16-R6,16,398082,31,b8d9da1327a87ef612846c27,2025-10-05T18:24:01+01:00,1002.0,321.4,bench-host-01,peer-scaling-2025-10
PEER-16-R6,16,398083,32,b5e5b74439322b16ac762a18,2025-10-05T18:24:02+01:00,1036.2,321.0,bench-host-01,peer-scaling-2025-10
PEER-16-R6,16,398083,33,17ec0635e7122811ba0a8754,2025-10-05T18:24:02+01:00,1051.9,321.1,bench-host-01,peer-scaling-2025-10
PEER-16-R6,16,398083,34,36c1bf63259723c4c7ba2218,2025-10-05T18:24:03+01:00,1100.4,322.3,bench-host-01,peer-scaling-2025-10
PEER-16-R6,16,398083,35,4fd32b32aadda51463a06ce9,2025-10-05T18:24:03+01:00,1094.5,333.9,bench-host-01,peer-scaling-2025-10
PEER-16-R6,16,398083,36,11475e5f30be7c8700d6ac66,2025-10-05T18:24:04+01:00,934.1,334.7,bench-host-01,peer-scaling-2025-10
PEER-16-R6,16,398083,37,c2d874918c4e20931c9ad8b3,2025-10-05T18:24:04+01:00,1127.9,332.9,bench-host-01,peer-scaling-2025-10
PEER-16-R6,16,398083,38,2a9fe43d58353c580030cc1a,2025-10-05T18:24:05+01:00,1089.7,318.1,bench-host-01,peer-scaling-2025-10
PEER-16-R6,16,398083,39,c95e15c16721e5ef8b42f3bd,2025-10-05T18:24:05+01:00,1021.7,321.4,bench-host-01,peer-scaling-2025-10
PEER-16-R6,16,398083,40,e65754cf909571c5e5c9c076,2025-10-05T18:24:06+01:00,1045.5,315.7,bench-host-01,peer-scaling-2025-10
PEER-16-R6,16,398083,41,a2cde60c88c8a00b7cec9fc2,2025-10-05T18:24:06+01:00,1127.9,328.3,bench-host-01,peer-scaling-2025-10
PEER-16-R6,16,398084,42,964dc5a28f074c541ef58e1c,2025-10-05T18:24:07+01:00,1113.5,323.2,bench-host-01,peer-scaling-2025-10
PEER-16-R6,16,398084,43,05afef64a75205d6240eafff,2025-10-05T18:24:07+01:00,1026.6,330.1,bench-host-01,peer-scaling-2025-10
PEER-16-R6,16,398084,44,7ee4d5992e221469fa0b169a,2025-10-05T18:24:08+01:00,1119.9,323.8,bench-host-01,peer-scaling-2025-10
PEER-16-R6,16,398085,45,4886710befc58c3e6c64533a,2025-10-05T18:24:09+01:00,971.0,315.0,bench-host-01,peer-scaling-2025-10
PEER-16-R6,16,398085,46,a42c40c43b170d05e27fad88,2025-10-05T18:24:09+01:00,958.0,323.7,bench-host-01,peer-scaling-2025-10
PEER-16-R6,16,398085,47,53c6865368bfcd1745ec7303,2025-10-05T18:24:10+01:00,1033.0,312.7,bench-host-01,peer-scaling-2025-10
PEER-16-R6,16,398085,48,aeba3c816f91e2943b212680,2025-10-05T18:24:10+01:00,1009.5,327.7,bench-host-01,peer-scaling-2025-10
PEER-16-R6,16,398085,49,35cfdd8b07d1da95ab8cee16,2025-10-05T18:24:11+01:00,1059.5,316.4,bench-host-01,peer-scaling-2025-10
PEER-16-R6,16,398085,50,73318aaf18041494d71d5bbd,2025-10-05T18:24:11+01:00,1109.3,320.3,bench-host-01,peer-scaling-2025-10
PEER-16-R6,16,398085,51,3a0b2bd38295a4f323a98482,2025-10-05T18:24:12+01:00,1052.8,317.7,bench-host-01,peer-scaling-2025-10
PEER-16-R6,16,398085,52,6166bdc7c3beca847f22b665,2025-10-05T18:24:12+01:00,1090.8,316.9,bench-host-01,peer-scaling-2025-10
PEER-16-R6,16,398085,53,ba44d783627319ed8804416b,2025-10-05T18:24:13+01:00,985.5,316.6,bench-host-01,peer-scaling-2025-10
PEER-16-R6,16,398085,54,3e132308338f0533962ed138,2025-10-05T18:24:13+01:00,1047.1,319.9,bench-host-01,peer-scaling-2025-10
PEER-16-R6,16,398085,55,f3080aa34213671a4c530a6c,2025-10-05T18:24:14+01:00,1104.6,322.0,bench-host-01,peer-scaling-2025-10
PEER-16-R6,16,398086,56,87e0dddba02b202b18de5cd7,2025-10-05T18:24:14+01:00,1097.5,325.9,bench-host-01,peer-scaling-2025-10
PEER-16-R6,16,398086,57,db8f27c911b044d78c58a484,2025-10-05T18:24:15+01:00,1024.0,321.5,bench-host-01,peer-scaling-2025-10
PEER-16-R6,16,398086,58,4aaac0048d5594141489961d,2025-10-05T18:24:15+01:00,984.0,319.2,bench-host-01,peer-scaling-2025-10
PEER-16-R6,16,398086,59,fdbbe575252211e802267dbb,2025-10-05T18:24:16+01:00,1060.8,326.9,bench-host-01,peer-scaling-2025-10
PEER-16-R6,16,398086,60,73ccd39f6102f6f8983e88ea,2025-10-05T18:24:16+01:00,1068.5,323.6,bench-host-01,peer-scaling-2025-10
PEER-16-R6,16,398086,61,47fa5975e58dec72676a61e8,2025-10-05T18:24:17+01:00,1006.5,323.7,bench-host-01,peer-scaling-2025-10
PEER-16-R6,16,398086,62,df61cea3800a91facc23cdd3,2025-10-05T18:24:18+01:00,1052.6,317.2,bench-host-01,peer-scaling-2025-10
PEER-16-R6,16,398086,63,4110f44d4fff77f1ee522bb2,2025-10-05T18:24:18+01:00,1058.1,318.1,bench-host-01,peer-scaling-2025-10
PEER-16-R6,16,398086,64,fe1e592a2ec536d30775bf8f,2025-10-05T18:24:19+01:00,1069.2,331.2,bench-host-01,peer-scaling-2025-10
PEER-16-R6,16,398086,65,16e59767c2b370385f598dc2,2025-10-05T18:24:19+01:00,1055.5,316.2,bench-host-01,peer-scaling-2025-10
PEER-16-R6,16,398086,66,9336ed4655ae3541af2148bf,2025-10-05T18:24:20+01:00,962.9,327.2,bench-host-01,peer-scaling-2025-10
PEER-16-R6,16,398086,67,e9b21aee149c19ea1e21f24e,2025-10-05T18:24:20+01:00,1069.7,324.0,bench-host-01,peer-scaling-2025-10
PEER-16-R6,16,398086,68,2aba843a347778c4b23d3438,2025-10-05T18:24:21+01:00,1041.0,326.8,bench-host-01,peer-scaling-2025-10
PEER-16-R6,16,398086,69,034a90370b248a83e63a5fa1,2025-10-05T18:24:21+01:00,1088.7,328.1,bench-host-01,peer-scaling-2025-10
PEER-16-R6,16,398086,70,a2f501ed8fe02db4c3fce76e,2025-10-05T18:24:22+01:00,1021.3,317.7,bench-host-01,peer-scaling-2025-10
PEER-16-R6,16,398086,71,fb5e952feceed85e188e659c,2025-10-05T18:24:22+01:00,1068.2,318.8,bench-host-01,peer-scaling-2025-10
PEER-16-R6,16,398087,72,a7af49aeb6fc7ff78ab3cd0c,2025-10-05T18:24:23+01:00,1025.2,324.6,bench-host-01,peer-scaling-2025-10
PEER-16-R6,16,398087,73,f00f341b4b4a844342a7870a,2025-10-05T18:24:23+01:00,993.7,323.3,bench-host-01,peer-scaling-2025-10
PEER-16-R6,16,398087,74,0a3bd3669d3b8a4dd69b846a,2025-10-05T18:24:24+01:00,1110.2,332.8,bench-host-01,peer-scaling-2025-10
PEER-16-R6,16,398087,75,447ec1bace29c04134bf092f,2025-10-05T18:24:24+01:00,973.6,315.9,bench-host-01,peer-scaling-2025-10
PEER-16-R6,16,398087,76,fd77a2c93d4f91bffb9bcd17,2025-10-05T18:24:25+01:00,1083.0,317.3,bench-host-01,peer-scaling-2025-10
PEER-16-R6,16,398088,77,98105e7d06eb386761fae957,2025-10-05T18:24:25+01:00,1050.1,321.9,bench-host-01,peer-scaling-2025-10
PEER-16-R6,16,398088,78,cb7fae5eef6012747441862f,2025-10-05T18:24:26+01:00,1165.0,323.1,bench-host-01,peer-scaling-2025-10
PEER-16-R6,16,398088,79,a25e915a880abd4aee082dcd,2025-10-05T18:24:26+01:00,1089.2,322.9,bench-host-01,peer-scaling-2025-10
PEER-16-R6,16,398088,80,adc24335b5e110f9aba7a8ee,2025-10-05T18:24:27+01:00,1007.7,321.1,bench-host-01,peer-scaling-2025-10
PEER-16-R6,16,398088,81,07e61edaf8353aa3b79f040f,2025-10-05T18:24:28+01:00,1077.3,326.6,bench-host-01,peer-scaling-2025-10
PEER-16-R6,16,398088,82,173fdb367b860f2464806140,2025-10-05T18:24:28+01:00,1084.5,318.2,bench-host-01,peer-scaling-2025-10
PEER-16-R6,16,398088,83,beb3626b923f5833add0bada,2025-10-05T18:24:29+01:00,1109.4,324.0,bench-host-01,peer-scaling-2025-10
PEER-16-R6,16,398088,84,eedefdbe7dff283605e4a0e5,2025-10-05T18:24:29+01:00,1141.6,320.4,bench-host-01,peer-scaling-2025-10
PEER-16-R6,16,398088,85,86d19883e53368499e0420e7,2025-10-05T18:24:30+01:00,1014.4,317.9,bench-host-01,peer-scaling-2025-10
PEER-16-R6,16,398088,86,d3060046e3f4c24ee018486b,2025-10-05T18:24:30+01:00,1152.4,314.0,bench-host-01,peer-scaling-2025-10
PEER-16-R6,16,398088,87,d6415f8c97a71a68940b64d7,2025-10-05T18:24:31+01:00,982.5,326.5,bench-host-01,peer-scaling-2025-10
PEER-16-R6,16,398088,88,0430e6b7d870851c089deced,2025-10-05T18:24:31+01:00,1021.7,322.7,bench-host-01,peer-scaling-2025-10
PEER-16-R6,16,398088,89,26321c28a585c809ae2fb981,2025-10-05T18:24:32+01:00,1184.3,329.7,bench-host-01,peer-scaling-2025-10
PEER-16-R6,16,398089,90,ce69d476dd754174d1edec99,2025-10-05T18:24:32+01:00,1073.5,322.5,bench-host-01,peer-scaling-2025-10
PEER-16-R6,16,398089,91,ff56ef9000ddaeb160529748,2025-10-05T18:24:33+01:00,1002.9,327.2,bench-host-01,peer-scaling-2025-10
PEER-16-R6,16,398089,92,2e99a65ac06258656a4e31ba,2025-10-05T18:24:33+01:00,1033.2,325.7,bench-host-01,peer-scaling-2025-10
PEER-16-R6,16,398089,93,9d30e4b5cf3b0ee39fefa002,2025-10-05T18:24:34+01:00,1045.9,324.6,bench-host-01,peer-scaling-2025-10
PEER-16-R6,16,398089,94,bcb8b72a85c20039f036f6a4,2025-10-05T18:24:34+01:00,1098.9,315.4,bench-host-01,peer-scaling-2025-10
PEER-16-R6,16,398089,95,2e932bbb8f874d9e0773fe8b,2025-10-05T18:24:35+01:00,1126.3,315.6,bench-host-01,peer-scaling-2025-10
PEER-16-R6,16,398089,96,b87678e194504ef87f48b015,2025-10-05T18:24:35+01:00,1037.3,323.2,bench-host-01,peer-scaling-2025-10
PEER-16-R6,16,398089,97,72b31e884cf239739f671197,2025-10-05T18:24:36+01:00,1001.4,319.7,bench-host-01,peer-scaling-2025-10
PEER-16-R6,16,398090,98,2c0c132b8437777d61cd68d9,2025-10-05T18:24:37+01:00,976.4,328.9,bench-host-01,peer-scaling-2025-10
PEER-16-R6,16,398091,99,f97a1b6761bd0ae3485aa01f,2025-10-05T18:24:37+01:00,1137.8,317.6,bench-host-01,peer-scaling-2025-10
PEER-16-R6,16,398091,100,c4dabbf9d7968c28d1999751,2025-10-05T18:24:38+01:00,990.7,324.0,bench-host-01,peer-scaling-2025-10
PEER-16-R6,16,398091,101,f267ef519c8f4f08d9ec7795,2025-10-05T18:24:38+01:00,1124.9,320.0,bench-host-01,peer-scaling-2025-10
PEER-16-R6,16,398091,102,fef68d56fcdb3fcd85c90b5c,2025-10-05T18:24:39+01:00,945.3,330.0,bench-host-01,peer-scaling-2025-10
PEER-16-R6,16,398091,103,a03e28e0e3f5ceadcd8b9f77,2025-10-05T18:24:39+01:00,1014.2,334.0,bench-host-01,peer-scaling-2025-10
PEER-16-R6,16,398092,104,1bb0df218c5e636026d68a45,2025-10-05T18:24:40+01:00,1099.2,317.5,bench-host-01,peer-scaling-2025-10
PEER-16-R6,16,398092,105,2db1f84a9dd7f2548c5fa441,2025-10-05T18:24:40+01:00,985.3,324.4,bench-host-01,peer-scaling-2025-10
PEER-16-R6,16,398092,106,8b40f44495c801aab0f2a9a2,2025-10-05T18:24:41+01:00,1063.7,321.6,bench-host-01,peer-scaling-2025-10
PEER-16-R6,16,398092,107,13c90b331cf6be218d65eeae,2025-10-05T18:24:41+01:00,990.8,328.4,bench-host-01,peer-scaling-2025-10
PEER-16-R6,16,398092,108,cc372c3a18419b6566b308d0,2025-10-05T18:24:42+01:00,1111.3,321.3,bench-host-01,peer-scaling-2025-10
PEER-16-R6,16,398092,109,a7f15da1454a2d1f2fca78b7,2025-10-05T18:24:42+01:00,994.7,319.1,bench-host-01,peer-scaling-2025-10
PEER-16-R6,16,398092,110,e56c93890b2b3d242048d388,2025-10-05T18:24:43+01:00,1013.8,321.0,bench-host-01,peer-scaling-2025-10
PEER-16-R6,16,398092,111,65c494e46377efe64a27c3fe,2025-10-05T18:24:43+01:00,1174.5,319.7,bench-host-01,peer-scaling-2025-10
PEER-16-R6,16,398093,112,12a206419c7fbbea98d11404,2025-10-05T18:24:44+01:00,1022.3,317.0,bench-host-01,peer-scaling-2025-10
PEER-16-R6,16,398093,113,f458152ab7885b5d16af2a0f,2025-10-05T18:24:44+01:00,1135.8,319.2,bench-host-01,peer-scaling-2025-10
PEER-16-R6,16,398093,114,743101334b5e72c75d5056ec,2025-10-05T18:24:45+01:00,1140.4,325.8,bench-host-01,peer-scaling-2025-10
PEER-16-R6,16,398093,115,62f71a5630fc4263f2c67e1d,2025-10-05T18:24:46+01:00,1015.4,320.5,bench-host-01,peer-scaling-2025-10
PEER-16-R6,16,398093,116,88da7da3ed13d40675bb681d,2025-10-05T18:24:46+01:00,1004.0,323.0,bench-host-01,peer-scaling-2025-10
PEER-16-R6,16,398093,117,382b3cdacbb8aebad93b4158,2025-10-05T18:24:47+01:00,1031.4,318.1,bench-host-01,peer-scaling-2025-10
PEER-16-R6,16,398093,118,a41fbe6d05481f88cbf34bb8,2025-10-05T18:24:47+01:00,1012.1,327.2,bench-host-01,peer-scaling-2025-10
PEER-16-R6,16,398093,119,eee3566c5720a1feb3e574ff,2025-10-05T18:24:48+01:00,1146.0,319.4,bench-host-01,peer-scaling-2025-10
PEER-16-R6,16,398093,120,1f2c806ca579597ecded814f,2025-10-05T18:24:48+01:00,1023.0,327.7,bench-host-01,peer-scaling-2025-10
PEER-16-R6,16,398094,121,e1302533ca56b9418bcbd602,2025-10-05T18:24:49+01:00,1038.3,324.7,bench-host-01,peer-scaling-2025-10
PEER-16-R6,16,398094,122,8baa11ce46e75516734d2112,2025-10-05T18:24:49+01:00,935.6,321.6,bench-host-01,peer-scaling-2025-10
PEER-16-R6,16,398094,123,92a5462797370b4eb2928174,2025-10-05T18:24:50+01:00,1100.2,316.9,bench-host-01,peer-scaling-2025-10
PEER-16-R6,16,398094,124,995c51c5ad582c39d9f307d8,2025-10-05T18:24:50+01:00,1080.2,323.8,bench-host-01,peer-scaling-2025-10
PEER-16-R6,16,398094,125,f6f0cbb5933ee8de0302f259,2025-10-05T18:24:51+01:00,974.7,323.1,bench-host-01,peer-scaling-2025-10
PEER-16-R6,16,398094,126,cd498ab93cb12336bbbc64e5,2025-10-05T18:24:51+01:00,1095.3,326.8,bench-host-01,peer-scaling-2025-10
PEER-16-R6,16,398094,127,23a34e8e2ebdf1364258523c,2025-10-05T18:24:52+01:00,1144.5,318.4,bench-host-01,peer-scaling-2025-10
PEER-16-R6,16,398094,128,f5fcf1a49aa1c41cae6bd79c,2025-10-05T18:24:52+01:00,980.6,326.1,bench-host-01,peer-scaling-2025-10
PEER-16-R6,16,398094,129,306fa9e4b55413ec67171b6c,2025-10-05T18:24:53+01:00,1056.2,322.0,bench-host-01,peer-scaling-2025-10
PEER-08-R6,8,147403,0,88375e12b46e22e107afef62,2025-10-05T23:24:53+01:00,1194.9,319.9,bench-host-01,peer-scaling-2025-10
PEER-08-R6,8,147403,1,9a13ebd27e5e0dd45db8b9a0,2025-10-05T23:24:54+01:00,1090.0,324.0,bench-host-01,peer-scaling-2025-10
PEER-08-R6,8,147403,2,9f69dcbdc5d68d88647b5179,2025-10-05T23:24:55+01:00,1191.9,323.5,bench-host-01,peer-scaling-2025-10
PEER-08-R6,8,147403,3,a0a40c7e76a274165c38c23c,2025-10-05T23:24:55+01:00,1089.0,324.7,bench-host-01,peer-scaling-2025-10
PEER-08-R6,8,147403,4,eea5fc9ca645a988f8f859aa,2025-10-05T23:24:56+01:00,1188.8,314.9,bench-host-01,peer-scaling-2025-10
PEER-08-R6,8,147403,5,525354ab38c0ea5b00b31cc1,2025-10-05T23:24:56+01:00,1140.7,319.1,bench-host-01,peer-scaling-2025-10
PEER-08-R6,8,147403,6,e10804fa45b8eb3948073c9b,2025-10-05T23:24:57+01:00,1172.1,331.4,bench-host-01,peer-scaling-2025-10
PEER-08-R6,8,147403,7,7566829571ccecc643d4ce93,2025-10-05T23:24:57+01:00,1105.5,317.3,bench-host-01,peer-scaling-2025-10
PEER-08-R6,8,147403,8,f86deaa8bd83770e9b9cb695,2025-10-05T23:24:58+01:00,1084.4,324.8,bench-host-01,peer-scaling-2025-10
PEER-08-R6,8,147403,9,0f65f9a2c53219ed248505bd,2025-10-05T23:24:59+01:00,1210.2,319.8,bench-host-01,peer-scaling-2025-10
PEER-08-R6,8,147403,10,c4b9a0978774bb405d14fd8d,2025-10-05T23:24:59+01:00,1161.8,317.9,bench-host-01,peer-scaling-2025-10
PEER-08-R6,8,147403,11,ad126f0b5b0640950b6ca189,2025-10-05T23:25:00+01:00,1160.0,315.3,bench-host-01,peer-scaling-2025-10
PEER-08-R6,8,147403,12,e603b2db073401c8605b43de,2025-10-05T23:25:00+01:00,1193.6,324.4,bench-host-01,peer-scaling-2025-10
PEER-08-R6,8,147403,13,6c7a4378a97de8f04a4194b4,2025-10-05T23:25:01+01:00,1154.3,319.3,bench-host-01,peer-scaling-2025-10
PEER-08-R6,8,147403,14,b9bd38fcac200e00e1c1a4df,2025-10-05T23:25:01+01:00,1161.6,324.9,bench-host-01,peer-scaling-2025-10
PEER-08-R6,8,147403,15,061c1a584c03f140c73cca94,2025-10-05T23:25:02+01:00,1231.2,322.9,bench-host-01,peer-scaling-2025-10
PEER-08-R6,8,147403,16,0a3723738b33df477c364216,2025-10-05T23:25:03+01:00,1222.1,319.9,bench-host-01,peer-scaling-2025-10
PEER-08-R6,8,147403,17,4a8413185f962083543fc065,2025-10-05T23:25:03+01:00,1161.9,316.4,bench-host-01,peer-scaling-2025-10
PEER-08-R6,8,147403,18,fa78a2f7fc92e27720863839,2025-10-05T23:25:04+01:00,1323.5,324.3,bench-host-01,peer-scaling-2025-10
PEER-08-R6,8,147403,19,8c5c2e1010109d7442c3006a,2025-10-05T23:25:04+01:00,1120.7,324.1,bench-host-01,peer-scaling-2025-10
PEER-08-R6,8,147403,20,977b9d7ad1a98944a86591c7,2025-10-05T23:25:05+01:00,1185.0,324.9,bench-host-01,peer-scaling-2025-10
PEER-08-R6,8,147403,21,fa8b5829ce7152e79004ed4e,2025-10-05T23:25:06+01:00,1048.5,315.8,bench-host-01,peer-scaling-2025-10
PEER-08-R6,8,147403,22,c3c720b808aeff917cc58e77,2025-10-05T23:25:06+01:00,1160.6,321.1,bench-host-01,peer-scaling-2025-10
PEER-08-R6,8,147403,23,7d428341e1d4b7279258cf18,2025-10-05T23:25:07+01:00,1129.4,319.1,bench-host-01,peer-scaling-2025-10
PEER-08-R6,8,147404,24,fbbc26423ae3f47945d74f54,2025-10-05T23:25:07+01:00,1215.3,326.8,bench-host-01,peer-scaling-2025-10
PEER-08-R6,8,147404,25,a643f30894a4fadb2b239805,2025-10-05T23:25:08+01:00,1124.7,326.5,bench-host-01,peer-scaling-2025-10
PEER-08-R6,8,147404,26,47c17f8728aa4ba174fe3201,2025-10-05T23:25:08+01:00,1211.0,314.2,bench-host-01,peer-scaling-2025-10
PEER-08-R6,8,147404,27,3d0a0382cbbf0b4043c1ae10,2025-10-05T23:25:09+01:00,1068.3,331.2,bench-host-01,peer-scaling-2025-10
PEER-08-R6,8,147404,28,4b6c1ea7815a5360facbbe9d,2025-10-05T23:25:10+01:00,1195.1,322.3,bench-host-01,peer-scaling-2025-10
PEER-08-R6,8,147404,29,380063010ec674708072407e,2025-10-05T23:25:10+01:00,1098.4,322.3,bench-host-01,peer-scaling-2025-10
PEER-08-R6,8,147404,30,98a11949df1dce86133384a0,2025-10-05T23:25:11+01:00,1180.7,318.8,bench-host-01,peer-scaling-2025-10
PEER-08-R6,8,147404,31,a2c70138397d1bbfa2effe1c,2025-10-05T23:25:11+01:00,1098.6,325.6,bench-host-01,peer-scaling-2025-10
PEER-08-R6,8,147404,32,d50ebe765694124923c0e31c,2025-10-05T23:25:12+01:00,1198.7,324.8,bench-host-01,peer-scaling-2025-10
PEER-08-R6,8,147404,33,7457d58e6b0084f49d2e7c9b,2025-10-05T23:25:12+01:00,1185.1,323.3,bench-host-01,peer-scaling-2025-10
PEER-08-R6,8,147404,34,65abd20ea2d73b5ffc8ba6cc,2025-10-05T23:25:13+01:00,1203.4,323.6,bench-host-01,peer-scaling-2025-10
PEER-08-R6,8,147404,35,822a2280c49e7ec714d7402f,2025-10-05T23:25:14+01:00,1195.8,319.5,bench-host-01,peer-scaling-2025-10
PEER-08-R6,8,147404,36,bcc9e7bce916ecf4feb3f29c,2025-10-05T23:25:14+01:00,1136.8,318.3,bench-host-01,peer-scaling-2025-10
PEER-08-R6,8,147404,37,67215a04b7f6111db0a8d322,2025-10-05T23:25:15+01:00,1148.0,329.2,bench-host-01,peer-scaling-2025-10
PEER-08-R6,8,147404,38,148b91dde3f6f5d0c7fa007b,2025-10-05T23:25:15+01:00,1124.4,326.1,bench-host-01,peer-scaling-2025-10
PEER-08-R6,8,147404,39,4d6e4adc7caad7833a9b636b,2025-10-05T23:25:16+01:00,1118.3,324.0,bench-host-01,peer-scaling-2025-10
PEER-08-R6,8,147404,40,ec2e1135bf6c48157d189813,2025-10-05T23:25:16+01:00,1212.8,312.6,bench-host-01,peer-scaling-2025-10
PEER-08-R6,8,147404,41,71c970499010bfed08ae4ce2,2025-10-05T23:25:17+01:00,1152.0,320.9,bench-host-01,peer-scaling-2025-10
PEER-08-R6,8,147404,42,e5ede935325e456a51d0246e,2025-10-05T23:25:18+01:00,1096.9,322.8,bench-host-01,peer-scaling-2025-10
PEER-08-R6,8,147404,43,53e0cb4f55df48f13577f8a3,2025-10-05T23:25:18+01:00,1250.7,317.5,bench-host-01,peer-scaling-2025-10
PEER-08-R6,8,147404,44,a4b07d267a75dddbd7f84985,2025-10-05T23:25:19+01:00,1113.4,321.1,bench-host-01,peer-scaling-2025-10
PEER-08-R6,8,147405,45,bcb1afe8583edde672e96374,2025-10-05T23:25:19+01:00,1224.3,327.3,bench-host-01,peer-scaling-2025-10
PEER-08-R6,8,147405,46,8d9e976cbf39c6def505943e,2025-10-05T23:25:20+01:00,1039.5,314.8,bench-host-01,peer-scaling-2025-10
PEER-08-R6,8,147405,47,f7fd8be5170cbe34b9d943ff,2025-10-05T23:25:20+01:00,1177.6,315.7,bench-host-01,peer-scaling-2025-10
PEER-08-R6,8,147405,48,f4c74a57b3d5c98ad43629d7,2025-10-05T23:25:21+01:00,1143.3,316.1,bench-host-01,peer-scaling-2025-10
PEER-08-R6,8,147405,49,eea858ebfaa4508372acaedd,2025-10-05T23:25:22+01:00,1093.4,314.9,bench-host-01,peer-scaling-2025-10
PEER-08-R6,8,147405,50,c622875f53a07e296a82e0ae,2025-10-05T23:25:22+01:00,1055.9,316.4,bench-host-01,peer-scaling-2025-10
PEER-08-R6,8,147405,51,6200b4cf7878a529cc25a9cf,2025-10-05T23:25:23+01:00,1194.2,329.0,bench-host-01,peer-scaling-2025-10
PEER-08-R6,8,147405,52,58d4f5a662f1e94c9ccda49f,2025-10-05T23:25:23+01:00,1181.6,312.9,bench-host-01,peer-scaling-2025-10
PEER-08-R6,8,147405,53,85894f422e54dd1727121918,2025-10-05T23:25:24+01:00,1113.2,318.9,bench-host-01,peer-scaling-2025-10
PEER-08-R6,8,147405,54,577c259bb9bb02ca0f66cdcb,2025-10-05T23:25:24+01:00,1216.8,316.0,bench-host-01,peer-scaling-2025-10
PEER-08-R6,8,147405,55,ac47c29b3b32744964552e90,2025-10-05T23:25:25+01:00,1107.0,322.4,bench-host-01,peer-scaling-2025-10
PEER-08-R6,8,147405,56,b10252d7ec0abe5e9fe434e9,2025-10-05T23:25:26+01:00,1174.2,313.5,bench-host-01,peer-scaling-2025-10
PEER-08-R6,8,147405,57,213fdd7b188df2b541757d8d,2025-10-05T23:25:26+01:00,1220.7,323.8,bench-host-01,peer-scaling-2025-10
PEER-08-R6,8,147405,58,59cf9dba893fb27b649ba90c,2025-10-05T23:25:27+01:00,1115.9,321.6,bench-host-01,peer-scaling-2025-10
PEER-08-R6,8,147405,59,a7b71a2cfe7081e5ea41c252,2025-10-05T23:25:27+01:00,1209.8,325.1,bench-host-01,peer-scaling-2025-10
PEER-08-R6,8,147405,60,46a0a77a4da1bd62131d53c6,2025-10-05T23:25:28+01:00,1227.8,316.7,bench-host-01,peer-scaling-2025-10
PEER-08-R6,8,147405,61,f5ac36fce7491b580cda8850,2025-10-05T23:25:29+01:00,1121.7,326.2,bench-host-01,peer-scaling-2025-10
PEER-08-R6,8,147405,62,198880ca11f602c0ef8428bb,2025-10-05T23:25:29+01:00,1185.6,319.1,bench-host-01,peer-scaling-2025-10
PEER-08-R6,8,147405,63,d2ee2fab7c12d225935bbbf9,2025-10-05T23:25:30+01:00,1137.6,312.9,bench-host-01,peer-scaling-2025-10
PEER-08-R6,8,147405,64,6ffff1dfa78d42c6553a9700,2025-10-05T23:25:30+01:00,1087.3,316.0,bench-host-01,peer-scaling-2025-10
PEER-08-R6,8,147405,65,603fc5795d8f3114cacdb1e8,2025-10-05T23:25:31+01:00,1216.8,316.7,bench-host-01,peer-scaling-2025-10
PEER-08-R6,8,147405,66,17cd82a8667937fecda3f0bb,2025-10-05T23:25:31+01:00,1089.4,316.2,bench-host-01,peer-scaling-2025-10
PEER-08-R6,8,147405,67,8b41c799d96edd443da5e317,2025-10-05T23:25:32+01:00,1125.6,311.3,bench-host-01,peer-scaling-2025-10
PEER-08-R6,8,147405,68,e0be8ff83bfd8681c677acff,2025-10-05T23:25:33+01:00,1130.6,322.1,bench-host-01,peer-scaling-2025-10
PEER-08-R6,8,147405,69,04562c69a9a68995e8972200,2025-10-05T23:25:33+01:00,1230.2,316.5,bench-host-01,peer-scaling-2025-10
PEER-08-R6,8,147405,70,023ebd9c04a2c0368e5fe37d,2025-10-05T23:25:34+01:00,1206.0,322.9,bench-host-01,peer-scaling-2025-10
PEER-08-R6,8,147405,71,30bde466c28d059cb8bdde3d,2025-10-05T23:25:34+01:00,1143.5,316.9,bench-host-01,peer-scaling-2025-10
PEER-08-R6,8,147406,72,03ec168c3a4e51cb7cba13e0,2025-10-05T23:25:35+01:00,1100.5,318.4,bench-host-01,peer-scaling-2025-10
PEER-08-R6,8,147406,73,8b30a73f36a9f648d170445f,2025-10-05T23:25:35+01:00,1187.4,322.0,bench-host-01,peer-scaling-2025-10
PEER-08-R6,8,147406,74,8d247d4c48e977f9a6b21400,2025-10-05T23:25:36+01:00,1240.1,323.0,bench-host-01,peer-scaling-2025-10
PEER-08-R6,8,147406,75,7777add9649b5cb9e5569563,2025-10-05T23:25:37+01:00,1158.3,313.1,bench-host-01,peer-scaling-2025-10
PEER-08-R6,8,147406,76,4ba6db4fbff1b4a5fd0b4343,2025-10-05T23:25:37+01:00,1177.6,316.9,bench-host-01,peer-scaling-2025-10
PEER-08-R6,8,147406,77,2576f24a1e30c077aa99c7a9,2025-10-05T23:25:38+01:00,1155.1,322.2,bench-host-01,peer-scaling-2025-10
PEER-08-R6,8,147406,78,e1f8b17084b805108fda9d92,2025-10-05T23:25:38+01:00,1126.2,318.5,bench-host-01,peer-scaling-2025-10
PEER-08-R6,8,147406,79,92acfa9a0bf9c74c4d90cd6a,2025-10-05T23:25:39+01:00,1223.0,318.3,bench-host-01,peer-scaling-2025-10
PEER-08-R6,8,147406,80,a0d77eaf50967e7590a3eb38,2025-10-05T23:25:39+01:00,1177.7,317.9,bench-host-01,peer-scaling-2025-10
PEER-08-R6,8,147406,81,5be282fef611642fd0987673,2025-10-05T23:25:40+01:00,1087.7,318.4,bench-host-01,peer-scaling-2025-10
PEER-08-R6,8,147406,82,f1ad5fea22c77997f5d89e65,2025-10-05T23:25:41+01:00,1033.2,321.6,bench-host-01,peer-scaling-2025-10
PEER-08-R6,8,147406,83,ccc1d423d7330ad0118b6c14,2025-10-05T23:25:41+01:00,1164.6,325.3,bench-host-01,peer-scaling-2025-10
PEER-08-R6,8,147407,84,5d42ae602dfbc3c4a78e648c,2025-10-05T23:25:42+01:00,1088.6,317.1,bench-host-01,peer-scaling-2025-10
PEER-08-R6,8,147407,85,ffd27a16044b733f4b1a4413,2025-10-05T23:25:42+01:00,1161.0,324.9,bench-host-01,peer-scaling-2025-10
PEER-08-R6,8,147407,86,b4564ec4f6184772dc429b21,2025-10-05T23:25:43+01:00,1205.1,322.3,bench-host-01,peer-scaling-2025-10
PEER-08-R6,8,147407,87,1bb8b31642c523cad7466603,2025-10-05T23:25:43+01:00,1235.0,320.1,bench-host-01,peer-scaling-2025-10
PEER-08-R6,8,147407,88,9433c6c8dac92ef32ba3f64a,2025-10-05T23:25:44+01:00,1068.1,330.3,bench-host-01,peer-scaling-2025-10
PEER-08-R6,8,147407,89,107da9d9def9ec6be5fa150a,2025-10-05T23:25:45+01:00,1258.5,319.5,bench-host-01,peer-scaling-2025-10
PEER-08-R6,8,147408,90,c7c031eed986312acde1165a,2025-10-05T23:25:45+01:00,1226.7,317.0,bench-host-01,peer-scaling-2025-10
PEER-08-R6,8,147408,91,367173396f279fce64e8a07d,2025-10-05T23:25:46+01:00,1221.7,327.1,bench-host-01,peer-scaling-2025-10
PEER-08-R6,8,147408,92,7593ec18ed813e9bfb0a3d49,2025-10-05T23:25:46+01:00,1117.2,315.9,bench-host-01,peer-scaling-2025-10
PEER-08-R6,8,147408,93,643f7b1cc02765623ed4cee7,2025-10-05T23:25:47+01:00,1098.6,316.2,bench-host-01,peer-scaling-2025-10
PEER-08-R6,8,147408,94,a6c55ee6f1c93a844f2f040f,2025-10-05T23:25:47+01:00,1134.4,319.6,bench-host-01,peer-scaling-2025-10
PEER-08-R6,8,147408,95,27766d15722063ac37270f71,2025-10-05T23:25:48+01:00,1212.4,325.3,bench-host-01,peer-scaling-2025-10
PEER-08-R6,8,147408,96,c15a81b13a332b5cef3f91a5,2025-10-05T23:25:49+01:00,1193.2,319.5,bench-host-01,peer-scaling-2025-10
PEER-08-R6,8,147408,97,a3d50ce31c0a11dad15045ca,2025-10-05T23:25:49+01:00,1193.0,326.8,bench-host-01,peer-scaling-2025-10
PEER-08-R6,8,147408,98,8ab09b056aaf1b3d8a626b09,2025-10-05T23:25:50+01:00,1154.7,325.0,bench-host-01,peer-scaling-2025-10
PEER-08-R6,8,147408,99,bfe154cff38b2040d7d603f4,2025-10-05T23:25:50+01:00,1104.1,326.5,bench-host-01,peer-scaling-2025-10
PEER-08-R6,8,147408,100,b4eb721d43d604f5fbfcaff8,2025-10-05T23:25:51+01:00,1139.6,318.4,bench-host-01,peer-scaling-2025-10
PEER-08-R6,8,147408,101,fed225bf3f7aac89359f8249,2025-10-05T23:25:51+01:00,1123.4,322.1,bench-host-01,peer-scaling-2025-10
PEER-08-R6,8,147408,102,b9b7d86db3f4edcd0dbb3a8e,2025-10-05T23:25:52+01:00,1147.6,329.3,bench-host-01,peer-scaling-2025-10
PEER-08-R6,8,147408,103,23e3bfa5ae1bafb9c4c7aef7,2025-10-05T23:25:53+01:00,1149.0,315.8,bench-host-01,peer-scaling-2025-10
PEER-08-R6,8,147409,104,48c94e4e1b18a38610bfc0c3,2025-10-05T23:25:53+01:00,1083.1,319.5,bench-host-01,peer-scaling-2025-10
PEER-08-R6,8,147409,105,d6f44615345772083a8ac4fd,2025-10-05T23:25:54+01:00,1108.9,320.7,bench-host-01,peer-scaling-2025-10
PEER-08-R6,8,147409,106,29b0b61b6c76724bb21118dc,2025-10-05T23:25:54+01:00,1245.9,322.9,bench-host-01,peer-scaling-2025-10
PEER-08-R6,8,147409,107,60bc9fa923ee56b0348fff00,2025-10-05T23:25:55+01:00,1194.9,316.5,bench-host-01,peer-scaling-2025-10
PEER-08-R6,8,147409,108,b8c20a1cc0b0fb2df59d53ee,2025-10-05T23:25:56+01:00,1236.2,326.3,bench-host-01,peer-scaling-2025-10
PEER-08-R6,8,147409,109,5a1e328a1a2bdfea0f6086ca,2025-10-05T23:25:56+01:00,1132.3,325.5,bench-host-01,peer-scaling-2025-10
PEER-08-R6,8,147409,110,fb893f26705f598402027722,2025-10-05T23:25:57+01:00,1195.6,321.6,bench-host-01,peer-scaling-2025-10
PEER-08-R6,8,147409,111,d07878b612aa7bddef072518,2025-10-05T23:25:57+01:00,1190.7,319.6,bench-host-01,peer-scaling-2025-10
PEER-08-R6,8,147410,112,d087f96ca7149abf3633903b,2025-10-05T23:25:58+01:00,1036.8,317.8,bench-host-01,peer-scaling-2025-10
PEER-08-R6,8,147410,113,bf1505a37662d4ab31703dc0,2025-10-05T23:25:58+01:00,1110.3,316.5,bench-host-01,peer-scaling-2025-10
PEER-08-R6,8,147410,114,ee5703159c1512c01d314113,2025-10-05T23:25:59+01:00,1243.6,334.1,bench-host-01,peer-scaling-2025-10
PEER-08-R6,8,147410,115,c21eb153bf7a69f364682faf,2025-10-05T23:26:00+01:00,1087.6,324.9,bench-host-01,peer-scaling-2025-10
PEER-08-R6,8,147410,116,79298367a4db7e3a124e1e52,2025-10-05T23:26:00+01:00,1028.2,318.2,bench-host-01,peer-scaling-2025-10
PEER-08-R6,8,147410,117,6c3871dede0520ccfb7c0235,2025-10-05T23:26:01+01:00,1088.1,318.4,bench-host-01,peer-scaling-2025-10
PEER-08-R6,8,147410,118,a6e6480a1cb4309ee6daa21d,2025-10-05T23:26:01+01:00,1181.7,321.7,bench-host-01,peer-scaling-2025-10
PEER-08-R6,8,147410,119,c74640bf17c31bf38bc8affc,2025-10-05T23:26:02+01:00,1184.2,321.7,bench-host-01,peer-scaling-2025-10
PEER-08-R6,8,147411,120,e9e5c3a4d4a1bb24ae1520c8,2025-10-05T23:26:02+01:00,1123.7,318.0,bench-host-01,peer-scaling-2025-10
PEER-08-R6,8,147411,121,c6d91f1aab2a0bda9ab65354,2025-10-05T23:26:03+01:00,1121.5,318.4,bench-host-01,peer-scaling-2025-10
PEER-08-R6,8,147411,122,baa42eb377c75b6b0d49aab3,2025-10-05T23:26:04+01:00,1154.6,324.6,bench-host-01,peer-scaling-2025-10
PEER-08-R6,8,147411,123,e0c641cfe570ba859bc078fc,2025-10-05T23:26:04+01:00,1234.9,324.9,bench-host-01,peer-scaling-2025-10
PEER-08-R6,8,147411,124,3ed43df901d9e4a4e6beb842,2025-10-05T23:26:05+01:00,1244.8,319.4,bench-host-01,peer-scaling-2025-10
PEER-08-R6,8,147411,125,5a41ea15f9cadc83e71f9a3e,2025-10-05T23:26:05+01:00,1117.0,321.1,bench-host-01,peer-scaling-2025-10
PEER-08-R6,8,147411,126,c56e63fb6e591380f3981394,2025-10-05T23:26:06+01:00,1179.2,325.7,bench-host-01,peer-scaling-2025-10
PEER-08-R6,8,147411,127,cd33bb5a4e1175521f7258d9,2025-10-05T23:26:06+01:00,1099.5,314.1,bench-host-01,peer-scaling-2025-10
PEER-08-R6,8,147411,128,9ced0d0396539f089f4cadfc,2025-10-05T23:26:07+01:00,1187.1,319.0,bench-host-01,peer-scaling-2025-10
PEER-08-R6,8,147411,129,0add00f154fb37eba5aa3090,2025-10-05T23:26:08+01:00,1174.6,325.2,bench-host-01,peer-scaling-2025-10
PEER-04-R6,4,710854,0,b6c9ed96d2cdfa6b2e28f7bf,2025-10-06T04:26:08+01:00,1079.8,331.2,bench-host-01,peer-scaling-2025-10
PEER-04-R6,4,710854,1,5dc21d9442cf0ef3d1983c45,2025-10-06T04:26:09+01:00,1199.7,320.5,bench-host-01,peer-scaling-2025-10
PEER-04-R6,4,710854,2,518a17272b6ed6eb53a8b515,2025-10-06T04:26:09+01:00,1096.7,319.2,bench-host-01,peer-scaling-2025-10
PEER-04-R6,4,710854,3,02d65e711bd5532072d890ca,2025-10-06T04:26:10+01:00,1249.7,329.9,bench-host-01,peer-scaling-2025-10
PEER-04-R6,4,710854,4,ab17ac30fc2f3995f9cd6592,2025-10-06T04:26:11+01:00,1183.7,319.0,bench-host-01,peer-scaling-2025-10
PEER-04-R6,4,710854,5,4f6bac954b3f8160f4ff200a,2025-10-06T04:26:11+01:00,1149.4,312.5,bench-host-01,peer-scaling-2025-10
PEER-04-R6,4,710854,6,bc8ebdbd2be32485d1dac9da,2025-10-06T04:26:12+01:00,1179.1,321.3,bench-host-01,peer-scaling-2025-10
PEER-04-R6,4,710854,7,f27358beedb762dd1c73d8c6,2025-10-06T04:26:12+01:00,1232.7,322.2,bench-host-01,peer-scaling-2025-10
PEER-04-R6,4,710854,8,c7b6c3086ce4145210706077,2025-10-06T04:26:13+01:00,1140.7,316.3,bench-host-01,peer-scaling-2025-10
PEER-04-R6,4,710854,9,fcc512387dfae9b6f35d1ce2,2025-10-06T04:26:14+01:00,1299.1,326.3,bench-host-01,peer-scaling-2025-10
PEER-04-R6,4,710854,10,195929404da01a4d5f6ed931,2025-10-06T04:26:14+01:00,1248.9,319.4,bench-host-01,peer-scaling-2025-10
PEER-04-R6,4,710854,11,9bb158843d846d2a8ed615a5,2025-10-06T04:26:15+01:00,1161.7,333.7,bench-host-01,peer-scaling-2025-10
PEER-04-R6,4,710854,12,75d6cc7a60cb91bc23cf453c,2025-10-06T04:26:15+01:00,1100.1,320.2,bench-host-01,peer-scaling-2025-10
PEER-04-R6,4,710854,13,826732e7debd23ced0566a75,2025-10-06T04:26:16+01:00,1189.1,326.8,bench-host-01,peer-scaling-2025-10
PEER-04-R6,4,710854,14,6d101fa575897ba857db177e,2025-10-06T04:26:17+01:00,1273.3,320.7,bench-host-01,peer-scaling-2025-10
PEER-04-R6,4,710854,15,3bebd470457fb8c29172634a,2025-10-06T04:26:17+01:00,1200.7,312.8,bench-host-01,peer-scaling-2025-10
PEER-04-R6,4,710855,16,ab37d08ad50e493cb6fec239,2025-10-06T04:26:18+01:00,1174.8,315.8,bench-host-01,peer-scaling-2025-10
PEER-04-R6,4,710855,17,177f7533166914a7d9f12a70,2025-10-06T04:26:18+01:00,1165.4,329.9,bench-host-01,peer-scaling-2025-10
PEER-04-R6,4,710855,18,875ae88c33641cbf0445b1e7,2025-10-06T04:26:19+01:00,1148.8,332.1,bench-host-01,peer-scaling-2025-10
PEER-04-R6,4,710855,19,946aafece6e522e8f148e912,2025-10-06T04:26:20+01:00,1275.8,327.4,bench-host-01,peer-scaling-2025-10
PEER-04-R6,4,710855,20,51d0f63fbec5f7b32f19fd94,2025-10-06T04:26:20+01:00,1166.8,318.4,bench-host-01,peer-scaling-2025-10
PEER-04-R6,4,710855,21,6e4aecbf75ea0cd5e2eb217f,2025-10-06T04:26:21+01:00,1247.3,330.6,bench-host-01,peer-scaling-2025-10
PEER-04-R6,4,710855,22,e17257edc9cd1f43ca7c56b6,2025-10-06T04:26:21+01:00,1286.3,316.3,bench-host-01,peer-scaling-2025-10
PEER-04-R6,4,710855,23,770fcfa6366825ff76bcb942,2025-10-06T04:26:22+01:00,1217.3,319.6,bench-host-01,peer-scaling-2025-10
PEER-04-R6,4,710855,24,d8a20d65faa677e215c71f44,2025-10-06T04:26:23+01:00,1187.3,319.9,bench-host-01,peer-scaling-2025-10
PEER-04-R6,4,710855,25,bb32f4faf47ec12cda97a358,2025-10-06T04:26:23+01:00,1166.0,320.5,bench-host-01,peer-scaling-2025-10
PEER-04-R6,4,710855,26,f4133183c72416675a5533aa,2025-10-06T04:26:24+01:00,1145.6,319.8,bench-host-01,peer-scaling-2025-10
PEER-04-R6,4,710856,27,b1352919ea85cce7b502251e,2025-10-06T04:26:24+01:00,1263.3,320.4,bench-host-01,peer-scaling-2025-10
PEER-04-R6,4,710856,28,68d8756641d53ae0c45df88e,2025-10-06T04:26:25+01:00,1269.5,324.8,bench-host-01,peer-scaling-2025-10
PEER-04-R6,4,710856,29,ce629fdaa81a18dbce6af139,2025-10-06T04:26:26+01:00,1175.2,317.9,bench-host-01,peer-scaling-2025-10
PEER-04-R6,4,710856,30,a7aab260c890110bd2b19748,2025-10-06T04:26:26+01:00,1194.1,320.1,bench-host-01,peer-scaling-2025-10
PEER-04-R6,4,710856,31,db40560ac3acd5849f4a6e2e,2025-10-06T04:26:27+01:00,1275.4,324.4,bench-host-01,peer-scaling-2025-10
PEER-04-R6,4,710856,32,d24375053b692712e7137ad8,2025-10-06T04:26:27+01:00,1104.0,324.3,bench-host-01,peer-scaling-2025-10
PEER-04-R6,4,710857,33,b2d8c4b8181f18e3217e2301,2025-10-06T04:26:28+01:00,1255.8,322.6,bench-host-01,peer-scaling-2025-10
PEER-04-R6,4,710857,34,f1d4204168f6f8abfe788391,2025-10-06T04:26:29+01:00,1242.3,323.6,bench-host-01,peer-scaling-2025-10
PEER-04-R6,4,710857,35,a8638094176a3a3d9b55dd47,2025-10-06T04:26:29+01:00,1263.1,326.5,bench-host-01,peer-scaling-2025-10
PEER-04-R6,4,710858,36,8adecf5f9f1b2513078ccc37,2025-10-06T04:26:30+01:00,1292.8,318.4,bench-host-01,peer-scaling-2025-10
PEER-04-R6,4,710858,37,eda5e3a249ba213f0cf68d9b,2025-10-06T04:26:30+01:00,1251.4,324.2,bench-host-01,peer-scaling-2025-10
PEER-04-R6,4,710858,38,a3e1f831f1671396b8455795,2025-10-06T04:26:31+01:00,1273.1,325.2,bench-host-01,peer-scaling-2025-10
PEER-04-R6,4,710858,39,c1c3370c0addcaf1add04808,2025-10-06T04:26:32+01:00,1165.9,321.5,bench-host-01,peer-scaling-2025-10
PEER-04-R6,4,710858,40,8f7a8166ea66da39b7ebd83d,2025-10-06T04:26:32+01:00,1207.7,319.7,bench-host-01,peer-scaling-2025-10
PEER-04-R6,4,710858,41,0f434acb0fe7eb9f5c2b8b86,2025-10-06T04:26:33+01:00,1157.9,324.9,bench-host-01,peer-scaling-2025-10
PEER-04-R6,4,710859,42,039b6e1b31159bd15c43b455,2025-10-06T04:26:33+01:00,1238.9,324.7,bench-host-01,peer-scaling-2025-10
PEER-04-R6,4,710859,43,ff93878e8f366c24b9db95a6,2025-10-06T04:26:34+01:00,1310.0,315.4,bench-host-01,peer-scaling-2025-10
PEER-04-R6,4,710860,44,d0fe7d248d1ae7f4482652c9,2025-10-06T04:26:35+01:00,1159.0,309.8,bench-host-01,peer-scaling-2025-10
PEER-04-R6,4,710860,45,2279585339071ff83ab88e5e,2025-10-06T04:26:35+01:00,1274.3,318.0,bench-host-01,peer-scaling-2025-10
PEER-04-R6,4,710860,46,7fef486aa731bddb2dd6eb70,2025-10-06T04:26:36+01:00,1234.1,323.9,bench-host-01,peer-scaling-2025-10
PEER-04-R6,4,710860,47,bcc3b6c515547c03e82d1dd8,2025-10-06T04:26:36+01:00,1172.9,327.1,bench-host-01,peer-scaling-2025-10
PEER-04-R6,4,710861,48,4fb5054f513dd2f0386ea4dd,2025-10-06T04:26:37+01:00,1106.5,326.3,bench-host-01,peer-scaling-2025-10
PEER-04-R6,4,710861,49,824b8f6b7f32e8e80802a548,2025-10-06T04:26:38+01:00,1202.8,329.1,bench-host-01,peer-scaling-2025-10
PEER-04-R6,4,710861,50,3b90a7eaaed023739491d774,2025-10-06T04:26:38+01:00,1145.3,320.7,bench-host-01,peer-scaling-2025-10
PEER-04-R6,4,710861,51,6eda7f34c278be05fe823f29,2025-10-06T04:26:39+01:00,1213.3,323.7,bench-host-01,peer-scaling-2025-10
PEER-04-R6,4,710862,52,1b543697463df80c4134aa73,2025-10-06T04:26:39+01:00,1151.0,316.4,bench-host-01,peer-scaling-2025-10
PEER-04-R6,4,710862,53,6d6b75bebd041ec2f261d666,2025-10-06T04:26:40+01:00,1179.6,317.3,bench-host-01,peer-scaling-2025-10
PEER-04-R6,4,710862,54,41f9ee126d50aa3faed5ecce,2025-10-06T04:26:41+01:00,1165.3,321.0,bench-host-01,peer-scaling-2025-10
PEER-04-R6,4,710862,55,391dce4cd4613f1247f788c6,2025-10-06T04:26:41+01:00,1205.8,328.3,bench-host-01,peer-scaling-2025-10
PEER-04-R6,4,710862,56,b506cbc8d13fe156c0995edf,2025-10-06T04:26:42+01:00,1350.4,318.2,bench-host-01,peer-scaling-2025-10
PEER-04-R6,4,710862,57,dcf69a32a75d94b7d0bfeea4,2025-10-06T04:26:42+01:00,1130.8,327.9,bench-host-01,peer-scaling-2025-10
PEER-04-R6,4,710862,58,720ad3a53d177a6c8b4167cf,2025-10-06T04:26:43+01:00,1175.8,307.8,bench-host-01,peer-scaling-2025-10
PEER-04-R6,4,710862,59,619732008eacf41eb04b35fa,2025-10-06T04:26:44+01:00,1201.0,312.2,bench-host-01,peer-scaling-2025-10
PEER-04-R6,4,710863,60,a4b38b37c9e57462564c6d7b,2025-10-06T04:26:44+01:00,1189.8,324.3,bench-host-01,peer-scaling-2025-10
PEER-04-R6,4,710863,61,424beb58bda0e243b298f252,2025-10-06T04:26:45+01:00,1300.7,323.8,bench-host-01,peer-scaling-2025-10
PEER-04-R6,4,710863,62,caa865de542e72c0f266102e,2025-10-06T04:26:46+01:00,1142.9,319.5,bench-host-01,peer-scaling-2025-10
PEER-04-R6,4,710863,63,4e0a29ded4f9dc99c3fa2036,2025-10-06T04:26:46+01:00,1153.6,333.4,bench-host-01,peer-scaling-2025-10
PEER-04-R6,4,710863,64,bbba5bdc094bea04df81f44c,2025-10-06T04:26:47+01:00,1202.2,321.5,bench-host-01,peer-scaling-2025-10
PEER-04-R6,4,710863,65,0abdedc1909ab8adbf8af550,2025-10-06T04:26:47+01:00,1262.7,325.6,bench-host-01,peer-scaling-2025-10
PEER-04-R6,4,710863,66,c0e23df8261c6e905c59a8d3,2025-10-06T04:26:48+01:00,1193.3,321.8,bench-host-01,peer-scaling-2025-10
PEER-04-R6,4,710863,67,57aad06ed7e3e2a48cb69fe8,2025-10-06T04:26:49+01:00,1207.3,319.1,bench-host-01,peer-scaling-2025-10
PEER-04-R6,4,710863,68,5be5572392fcb1bd931786db,2025-10-06T04:26:49+01:00,1208.3,318.6,bench-host-01,peer-scaling-2025-10
PEER-04-R6,4,710863,69,a99ebe0e10a903bc960e233b,2025-10-06T04:26:50+01:00,1188.9,319.8,bench-host-01,peer-scaling-2025-10
PEER-04-R6,4,710863,70,d2ba8c93891e4294c136f137,2025-10-06T04:26:50+01:00,1169.4,324.3,bench-host-01,peer-scaling-2025-10
PEER-04-R6,4,710863,71,180c4e339e200a70e4d5cfef,2025-10-06T04:26:51+01:00,1198.5,320.2,bench-host-01,peer-scaling-2025-10
PEER-04-R6,4,710863,72,8398dc74d7bb4846772313f6,2025-10-06T04:26:52+01:00,1304.5,322.5,bench-host-01,peer-scaling-2025-10
PEER-04-R6,4,710863,73,b071746d62e21b8f18b23b66,2025-10-06T04:26:52+01:00,1188.0,327.4,bench-host-01,peer-scaling-2025-10
PEER-04-R6,4,710863,74,03e052b00ce3663d014ec562,2025-10-06T04:26:53+01:00,1295.0,317.0,bench-host-01,peer-scaling-2025-10
PEER-04-R6,4,710863,75,c2c3b8cb16f9f55dec34bf7e,2025-10-06T04:26:53+01:00,1226.3,324.6,bench-host-01,peer-scaling-2025-10
PEER-04-R6,4,710863,76,f9187a3007f9539c85235203,2025-10-06T04:26:54+01:00,1155.6,321.9,bench-host-01,peer-scaling-2025-10
PEER-04-R6,4,710864,77,060d1ab6b96a71b1690dba3c,2025-10-06T04:26:55+01:00,1179.4,327.9,bench-host-01,peer-scaling-2025-10
PEER-04-R6,4,710864,78,8cb2fee82b4283fb6bd9b30f,2025-10-06T04:26:55+01:00,1126.8,320.4,bench-host-01,peer-scaling-2025-10
PEER-04-R6,4,710864,79,c2c04077e04436a3931cc5f4,2025-10-06T04:26:56+01:00,1243.7,320.1,bench-host-01,peer-scaling-2025-10
PEER-04-R6,4,710864,80,db86fcc6e8847d566fc4f577,2025-10-06T04:26:56+01:00,1246.8,322.7,bench-host-01,peer-scaling-2025-10
PEER-04-R6,4,710864,81,dc59b71415023e221067a953,2025-10-06T04:26:57+01:00,1133.3,308.1,bench-host-01,peer-scaling-2025-10
PEER-04-R6,4,710864,82,266a029f5da9e99a9950b778,2025-10-06T04:26:58+01:00,1266.2,326.8,bench-host-01,peer-scaling-2025-10
PEER-04-R6,4,710864,83,07b9761e5dada5290b8b73f3,2025-10-06T04:26:58+01:00,1161.2,320.1,bench-host-01,peer-scaling-2025-10
PEER-04-R6,4,710865,84,a4c16bb89896f74e44315dd6,2025-10-06T04:26:59+01:00,1193.8,321.5,bench-host-01,peer-scaling-2025-10
PEER-04-R6,4,710865,85,498518e52e6634853dad7ab5,2025-10-06T04:26:59+01:00,1257.4,328.6,bench-host-01,peer-scaling-2025-10
PEER-04-R6,4,710865,86,b91c0c5127b81d8d0eab9d53,2025-10-06T04:27:00+01:00,1175.5,319.7,bench-host-01,peer-scaling-2025-10
PEER-04-R6,4,710865,87,38795524f32197e0662ff776,2025-10-06T04:27:01+01:00,1232.6,327.7,bench-host-01,peer-scaling-2025-10
PEER-04-R6,4,710865,88,baaec64acf1676c46e3d3732,2025-10-06T04:27:01+01:00,1215.8,326.7,bench-host-01,peer-scaling-2025-10
PEER-04-R6,4,710865,89,dc3d57fcc9ad7ca6cbbc3365,2025-10-06T04:27:02+01:00,1206.6,323.9,bench-host-01,peer-scaling-2025-10
PEER-04-R6,4,710865,90,9ac4cbde9945fad25ca1bd3c,2025-10-06T04:27:02+01:00,1144.2,319.3,bench-host-01,peer-scaling-2025-10
PEER-04-R6,4,710865,91,f643244ff39315ab2b7a43d4,2025-10-06T04:27:03+01:00,1287.8,323.9,bench-host-01,peer-scaling-2025-10
PEER-04-R6,4,710865,92,0cb4404418f10789f14e4a1d,2025-10-06T04:27:04+01:00,1253.3,317.8,bench-host-01,peer-scaling-2025-10
PEER-04-R6,4,710865,93,80da3dc064a1156f78f5e979,2025-10-06T04:27:04+01:00,1233.1,317.4,bench-host-01,peer-scaling-2025-10
PEER-04-R6,4,710865,94,1f1c7f15d1e0b0843a0c9144,2025-10-06T04:27:05+01:00,1269.2,319.9,bench-host-01,peer-scaling-2025-10
PEER-04-R6,4,710865,95,cfc8bf97ac2d2ebdbbb8d132,2025-10-06T04:27:05+01:00,1276.0,323.2,bench-host-01,peer-scaling-2025-10
PEER-04-R6,4,710865,96,f800ff61c7f0cb92a511f87a,2025-10-06T04:27:06+01:00,1222.2,318.0,bench-host-01,peer-scaling-2025-10
PEER-04-R6,4,710865,97,b389f9c2fc1395e2afc46ac1,2025-10-06T04:27:07+01:00,1187.1,326.5,bench-host-01,peer-scaling-2025-10
PEER-04-R6,4,710865,98,85be948a9395a428709b0dd6,2025-10-06T04:27:07+01:00,1243.0,327.4,bench-host-01,peer-scaling-2025-10
PEER-04-R6,4,710866,99,bfb77517a95e7bb1c0566b13,2025-10-06T04:27:08+01:00,1151.1,316.9,bench-host-01,peer-scaling-2025-10
PEER-04-R6,4,710866,100,aab2f94140e00cfcc6f73509,2025-10-06T04:27:08+01:00,1210.2,327.3,bench-host-01,peer-scaling-2025-10
PEER-04-R6,4,710866,101,9caac8410db83dba9e9a70de,2025-10-06T04:27:09+01:00,1262.2,325.1,bench-host-01,peer-scaling-2025-10
PEER-04-R6,4,710866,102,4298c17b825d27990fc618c5,2025-10-06T04:27:10+01:00,1208.0,325.4,bench-host-01,peer-scaling-2025-10
PEER-04-R6,4,710866,103,0cc533d5e5d3a1fdeedfaa4a,2025-10-06T04:27:10+01:00,1155.5,315.9,bench-host-01,peer-scaling-2025-10
PEER-04-R6,4,710866,104,5e8bc178fdfab6b14d6097a8,2025-10-06T04:27:11+01:00,1225.9,321.8,bench-host-01,peer-scaling-2025-10
PEER-04-R6,4,710866,105,d44b56d5d48d3ee8e9622e7c,2025-10-06T04:27:11+01:00,1275.9,323.5,bench-host-01,peer-scaling-2025-10
PEER-04-R6,4,710866,106,7c6b8fc08fe4cf6f4c1e4d34,2025-10-06T04:27:12+01:00,1180.0,323.8,bench-host-01,peer-scaling-2025-10
PEER-04-R6,4,710866,107,7ef71e984b3b25ee8cdeb83a,2025-10-06T04:27:13+01:00,1269.4,322.1,bench-host-01,peer-scaling-2025-10
PEER-04-R6,4,710866,108,c92db19518f17d55a2f7b0b2,2025-10-06T04:27:13+01:00,1091.2,328.9,bench-host-01,peer-scaling-2025-10
PEER-04-R6,4,710866,109,8760719d46d75b3b9b0644e4,2025-10-06T04:27:14+01:00,1135.2,326.0,bench-host-01,peer-scaling-2025-10
PEER-04-R6,4,710867,110,71866bbe779f385182e4ec55,2025-10-06T04:27:14+01:00,1226.6,328.5,bench-host-01,peer-scaling-2025-10
PEER-04-R6,4,710867,111,1cc148e298449a251d54d02c,2025-10-06T04:27:15+01:00,1196.7,323.1,bench-host-01,peer-scaling-2025-10
PEER-04-R6,4,710868,112,e14b302c7e6365b117162c75,2025-10-06T04:27:16+01:00,1245.1,319.9,bench-host-01,peer-scaling-2025-10
PEER-04-R6,4,710868,113,90ddfb4e86c3f3141605773c,2025-10-06T04:27:16+01:00,1198.6,319.5,bench-host-01,peer-scaling-2025-10
PEER-04-R6,4,710868,114,93c4f4c50073521ad5557148,2025-10-06T04:27:17+01:00,1191.4,318.9,bench-host-01,peer-scaling-2025-10
PEER-04-R6,4,710868,115,17e152cfe08da4cbd09810fc,2025-10-06T04:27:17+01:00,1225.8,320.0,bench-host-01,peer-scaling-2025-10
PEER-04-R6,4,710868,116,737604f7bbe8de7559d788bf,2025-10-06T04:27:18+01:00,1278.4,326.3,bench-host-01,peer-scaling-2025-10
PEER-04-R6,4,710868,117,b24632d0e6ee9905873bfcc1,2025-10-06T04:27:19+01:00,1194.7,316.6,bench-host-01,peer-scaling-2025-10
PEER-04-R6,4,710868,118,b3b9203ca1562853d99d56b0,2025-10-06T04:27:19+01:00,1291.5,327.1,bench-host-01,peer-scaling-2025-10
PEER-04-R6,4,710868,119,a6d33eb6aee63d3f0b75ae89,2025-10-06T04:27:20+01:00,1279.5,327.8,bench-host-01,peer-scaling-2025-10
PEER-04-R6,4,710868,120,6529eaec043a5aa31c4e3de3,2025-10-06T04:27:20+01:00,1184.2,330.3,bench-host-01,peer-scaling-2025-10
PEER-04-R6,4,710868,121,0db9af4de278f090eb857087,2025-10-06T04:27:21+01:00,1230.5,329.8,bench-host-01,peer-scaling-2025-10
PEER-04-R6,4,710868,122,5e2aeda9a4965c701b72576a,2025-10-06T04:27:22+01:00,1138.2,320.4,bench-host-01,peer-scaling-2025-10
PEER-04-R6,4,710868,123,f47bb96e852eddffe0c1a32e,2025-10-06T04:27:22+01:00,1167.8,333.9,bench-host-01,peer-scaling-2025-10
PEER-04-R6,4,710868,124,ba86fa7bd7aa25d000d6af8c,2025-10-06T04:27:23+01:00,1203.6,318.9,bench-host-01,peer-scaling-2025-10
PEER-04-R6,4,710868,125,8de82e208016afa70589a281,2025-10-06T04:27:23+01:00,1163.6,314.0,bench-host-01,peer-scaling-2025-10
PEER-04-R6,4,710869,126,05f6b206e886c93cff0dc3a7,2025-10-06T04:27:24+01:00,1221.4,326.9,bench-host-01,peer-scaling-2025-10
PEER-04-R6,4,710869,127,dd7a50f07e8bd0cb913d9056,2025-10-06T04:27:25+01:00,1166.8,318.9,bench-host-01,peer-scaling-2025-10
PEER-04-R6,4,710869,128,06e5a6eb3d0bdf34abfc6fac,2025-10-06T04:27:25+01:00,1212.7,324.4,bench-host-01,peer-scaling-2025-10
PEER-04-R6,4,710869,129,df4ec9552f43cab5d350bdeb,2025-10-06T04:27:26+01:00,1243.4,324.9,bench-host-01,peer-scaling-2025-10
PEER-16-R7,16,510606,0,5bdd66bfe59bf8bbb267f9b9,2025-10-06T09:27:26+01:00,1052.5,318.9,bench-host-01,peer-scaling-2025-10
PEER-16-R7,16,510606,1,361114ff5566f78d31ced207,2025-10-06T09:27:27+01:00,983.4,318.4,bench-host-01,peer-scaling-2025-10
PEER-16-R7,16,510606,2,ed1ae0774f343f7765387f70,2025-10-06T09:27:28+01:00,1024.9,320.0,bench-host-01,peer-scaling-2025-10
PEER-16-R7,16,510606,3,475461e59d43204bf31c7368,2025-10-06T09:27:28+01:00,1077.3,325.0,bench-host-01,peer-scaling-2025-10
PEER-16-R7,16,510606,4,678e96d41d4735bf488011b8,2025-10-06T09:27:29+01:00,1039.5,323.1,bench-host-01,peer-scaling-2025-10
PEER-16-R7,16,510606,5,8755ae816c4b039558e1055e,2025-10-06T09:27:29+01:00,1080.2,328.7,bench-host-01,peer-scaling-2025-10
PEER-16-R7,16,510606,6,ad0da55836da4ddbb2e49a4a,2025-10-06T09:27:30+01:00,986.4,320.2,bench-host-01,peer-scaling-2025-10
PEER-16-R7,16,510606,7,d942fde25ca58080b9db9c7c,2025-10-06T09:27:30+01:00,1082.8,324.5,bench-host-01,peer-scaling-2025-10
PEER-16-R7,16,510606,8,1ae120c5ab50410986ce99bf,2025-10-06T09:27:31+01:00,1003.1,327.4,bench-host-01,peer-scaling-2025-10
PEER-16-R7,16,510606,9,b4c17252cd90d9018e84b337,2025-10-06T09:27:31+01:00,996.3,314.7,bench-host-01,peer-scaling-2025-10
PEER-16-R7,16,510606,10,e18de0308244e2e4baef1b51,2025-10-06T09:27:32+01:00,1172.2,316.9,bench-host-01,peer-scaling-2025-10
PEER-16-R7,16,510606,11,8daba25184d27c15f84bdda8,2025-10-06T09:27:32+01:00,1124.4,323.9,bench-host-01,peer-scaling-2025-10
PEER-16-R7,16,510606,12,bc89aee7a6e72bc3365b3223,2025-10-06T09:27:33+01:00,1100.3,318.5,bench-host-01,peer-scaling-2025-10
PEER-16-R7,16,510606,13,55ad3a67b4a46588668ce95b,2025-10-06T09:27:33+01:00,1152.7,331.6,bench-host-01,peer-scaling-2025-10
PEER-16-R7,16,510606,14,64f7f5590ca9680fa5f23d2c,2025-10-06T09:27:34+01:00,1076.6,317.5,bench-host-01,peer-scaling-2025-10
PEER-16-R7,16,510606,15,e540ae925a38b121d7ae0f1c,2025-10-06T09:27:34+01:00,1066.0,328.6,bench-host-01,peer-scaling-2025-10
PEER-16-R7,16,510606,16,691c8e82f170e8785c6df7cd,2025-10-06T09:27:35+01:00,1006.2,322.7,bench-host-01,peer-scaling-2025-10
PEER-16-R7,16,510606,17,977708131ecb16ae527eb06c,2025-10-06T09:27:35+01:00,998.1,323.3,bench-host-01,peer-scaling-2025-10
PEER-16-R7,16,510606,18,dfadd4b2e044f253fa795e69,2025-10-06T09:27:36+01:00,950.3,319.8,bench-host-01,peer-scaling-2025-10
PEER-16-R7,16,510606,19,12542d49c47823561c1f35fe,2025-10-06T09:27:37+01:00,1048.6,326.4,bench-host-01,peer-scaling-2025-10
PEER-16-R7,16,510606,20,db50bb84184c1819e05e21e4,2025-10-06T09:27:37+01:00,986.8,327.1,bench-host-01,peer-scaling-2025-10
PEER-16-R7,16,510606,21,f6cf8a181c3e1f0fd2fec4d7,2025-10-06T09:27:38+01:00,1074.3,324.0,bench-host-01,peer-scaling-2025-10
PEER-16-R7,16,510606,22,0cbe7289d72ad61804607c91,2025-10-06T09:27:38+01:00,1125.7,328.8,bench-host-01,peer-scaling-2025-10
PEER-16-R7,16,510606,23,a99618ed3eb1607e5e387003,2025-10-06T09:27:39+01:00,1011.9,322.7,bench-host-01,peer-scaling-2025-10
PEER-16-R7,16,510606,24,b7e4f55386997a02e1feb38d,2025-10-06T09:27:39+01:00,1041.6,323.4,bench-host-01,peer-scaling-2025-10
PEER-16-R7,16,510606,25,15e0dbcc83de2669b78a0dea,2025-10-06T09:27:40+01:00,1033.8,323.8,bench-host-01,peer-scaling-2025-10
PEER-16-R7,16,510606,26,f7f97b93afff001a73d6a054,2025-10-06T09:27:40+01:00,1041.2,331.7,bench-host-01,peer-scaling-2025-10
PEER-16-R7,16,510606,27,35376a11636d657880708181,2025-10-06T09:27:41+01:00,1131.4,329.0,bench-host-01,peer-scaling-2025-10
PEER-16-R7,16,510606,28,7f1dddef1873a85833ea52d5,2025-10-06T09:27:41+01:00,1124.5,317.0,bench-host-01,peer-scaling-2025-10
PEER-16-R7,16,510606,29,52115d764bd3213aa68d08a1,2025-10-06T09:27:42+01:00,1070.5,322.7,bench-host-01,peer-scaling-2025-10
PEER-16-R7,16,510607,30,e3338bf8ec3e3fda1a26a99a,2025-10-06T09:27:42+01:00,936.2,319.5,bench-host-01,peer-scaling-2025-10
PEER-16-R7,16,510607,31,92b7cd3edb20163fa309f833,2025-10-06T09:27:43+01:00,1058.8,320.4,bench-host-01,peer-scaling-2025-10
PEER-16-R7,16,510607,32,644f408be84d0466a31cc032,2025-10-06T09:27:43+01:00,1104.5,321.5,bench-host-01,peer-scaling-2025-10
PEER-16-R7,16,510607,33,1178f224dcf8627230e0bb88,2025-10-06T09:27:44+01:00,1111.9,303.3,bench-host-01,peer-scaling-2025-10
PEER-16-R7,16,510607,34,71f4ee86496e788676348964,2025-10-06T09:27:44+01:00,1096.7,318.4,bench-host-01,peer-scaling-2025-10
PEER-16-R7,16,510607,35,b54608d4f4a7e69d2f27b1d9,2025-10-06T09:27:45+01:00,1042.2,318.2,bench-host-01,peer-scaling-2025-10
PEER-16-R7,16,510608,36,981de49005530691889f5c94,2025-10-06T09:27:45+01:00,1059.3,321.9,bench-host-01,peer-scaling-2025-10
PEER-16-R7,16,510608,37,8c8845a12abdf29897e4f468,2025-10-06T09:27:46+01:00,1012.7,330.5,bench-host-01,peer-scaling-2025-10
PEER-16-R7,16,510608,38,ce1478e719acb25a71f17fae,2025-10-06T09:27:47+01:00,979.5,322.5,bench-host-01,peer-scaling-2025-10
PEER-16-R7,16,510608,39,e62895ba7363ce50d3fd064c,2025-10-06T09:27:47+01:00,1038.1,320.5,bench-host-01,peer-scaling-2025-10
PEER-16-R7,16,510608,40,85a05b8ba7c83b36f1f78886,2025-10-06T09:27:48+01:00,1076.5,321.0,bench-host-01,peer-scaling-2025-10
PEER-16-R7,16,510608,41,a28a750d65b19e6be9a67a0b,2025-10-06T09:27:48+01:00,1095.4,319.9,bench-host-01,peer-scaling-2025-10
PEER-16-R7,16,510608,42,ada649ac5d4ffdb64100faa2,2025-10-06T09:27:49+01:00,980.2,331.5,bench-host-01,peer-scaling-2025-10
PEER-16-R7,16,510608,43,dea6a16c91426df766e8abfe,2025-10-06T09:27:49+01:00,1035.8,318.0,bench-host-01,peer-scaling-2025-10
PEER-16-R7,16,510608,44,cb57ac9a9bd8d5342f63dd59,2025-10-06T09:27:50+01:00,933.2,318.8,bench-host-01,peer-scaling-2025-10
PEER-16-R7,16,510608,45,6215060852a468c4ce40f0a1,2025-10-06T09:27:50+01:00,996.6,324.0,bench-host-01,peer-scaling-2025-10
PEER-16-R7,16,510608,46,db334a78233f09ec563c9bf5,2025-10-06T09:27:51+01:00,1046.1,331.1,bench-host-01,peer-scaling-2025-10
PEER-16-R7,16,510608,47,ed7f219dfb1ffed0bced144f,2025-10-06T09:27:51+01:00,1133.3,325.9,bench-host-01,peer-scaling-2025-10
PEER-16-R7,16,510608,48,b49a1a8514b2794896fdf399,2025-10-06T09:27:52+01:00,1074.5,321.0,bench-host-01,peer-scaling-2025-10
PEER-16-R7,16,510608,49,b49e5b67d293216fffb4b79f,2025-10-06T09:27:52+01:00,996.7,319.5,bench-host-01,peer-scaling-2025-10
PEER-16-R7,16,510608,50,8004dc20928ade7ca11bb9ec,2025-10-06T09:27:53+01:00,1039.4,323.9,bench-host-01,peer-scaling-2025-10
PEER-16-R7,16,510608,51,fb9b036f8eaab5cf385746a7,2025-10-06T09:27:53+01:00,1031.5,312.3,bench-host-01,peer-scaling-2025-10
PEER-16-R7,16,510608,52,82eca3c85e17441b830ce7f0,2025-10-06T09:27:54+01:00,1103.0,326.3,bench-host-01,peer-scaling-2025-10
PEER-16-R7,16,510608,53,e87dd2b3fb5bfbaa335d0d99,2025-10-06T09:27:54+01:00,1041.4,320.3,bench-host-01,peer-scaling-2025-10
PEER-16-R7,16,510608,54,eaca5a1130953aa285002117,2025-10-06T09:27:55+01:00,989.9,316.1,bench-host-01,peer-scaling-2025-10
PEER-16-R7,16,510608,55,3b93731914016d4e7d279abe,2025-10-06T09:27:56+01:00,1075.0,320.1,bench-host-01,peer-scaling-2025-10
PEER-16-R7,16,510608,56,11263572472ecb36f7375dff,2025-10-06T09:27:56+01:00,1112.2,323.4,bench-host-01,peer-scaling-2025-10
PEER-16-R7,16,510608,57,698dcd3d034505b1e80af056,2025-10-06T09:27:57+01:00,970.2,329.0,bench-host-01,peer-scaling-2025-10
PEER-16-R7,16,510608,58,d5ba5bed36dce67fcb7138e5,2025-10-06T09:27:57+01:00,1071.3,326.1,bench-host-01,peer-scaling-2025-10
PEER-16-R7,16,510608,59,14e36055ab3a7b52bf768fc5,2025-10-06T09:27:58+01:00,1068.3,321.4,bench-host-01,peer-scaling-2025-10
PEER-16-R7,16,510608,60,e264d41a08aae4676ac08933,2025-10-06T09:27:58+01:00,986.2,331.9,bench-host-01,peer-scaling-2025-10
PEER-16-R7,16,510608,61,e022dd61487de276b25aa174,2025-10-06T09:27:59+01:00,1105.3,319.6,bench-host-01,peer-scaling-2025-10
PEER-16-R7,16,510608,62,baee9a48d54132630cbd721b,2025-10-06T09:27:59+01:00,1042.0,323.6,bench-host-01,peer-scaling-2025-10
PEER-16-R7,16,510608,63,c2335da7b9aac69f83c50bcd,2025-10-06T09:28:00+01:00,1008.8,331.6,bench-host-01,peer-scaling-2025-10
PEER-16-R7,16,510608,64,0561a9a8c886367794f188d4,2025-10-06T09:28:00+01:00,1094.3,330.0,bench-host-01,peer-scaling-2025-10
PEER-16-R7,16,510608,65,366f3326feae2d4befefd164,2025-10-06T09:28:01+01:00,941.2,322.6,bench-host-01,peer-scaling-2025-10
PEER-16-R7,16,510608,66,b83a8843c804683546b724d0,2025-10-06T09:28:01+01:00,995.4,322.7,bench-host-01,peer-scaling-2025-10
PEER-16-R7,16,510608,67,9fe8030e5be38b4c5e7b6e95,2025-10-06T09:28:02+01:00,1076.3,328.7,bench-host-01,peer-scaling-2025-10
PEER-16-R7,16,510608,68,c23065b6dcf7668e78a2c838,2025-10-06T09:28:02+01:00,1061.6,327.7,bench-host-01,peer-scaling-2025-10
PEER-16-R7,16,510608,69,00e447cc7fd83c7d8e9b1bfc,2025-10-06T09:28:03+01:00,1114.4,327.6,bench-host-01,peer-scaling-2025-10
PEER-16-R7,16,510609,70,1e5182cce98741221e3b0461,2025-10-06T09:28:03+01:00,1066.4,318.6,bench-host-01,peer-scaling-2025-10
PEER-16-R7,16,510609,71,fb422689fbf5086983e93c4c,2025-10-06T09:28:04+01:00,1042.2,326.7,bench-host-01,peer-scaling-2025-10
PEER-16-R7,16,510609,72,54f449ae2eb50dab7fd1e80c,2025-10-06T09:28:05+01:00,1033.8,321.0,bench-host-01,peer-scaling-2025-10
PEER-16-R7,16,510609,73,f7b1f6d2548658353a1fa52f,2025-10-06T09:28:05+01:00,972.6,328.3,bench-host-01,peer-scaling-2025-10
PEER-16-R7,16,510609,74,028826cba91fb3f9fcd86867,2025-10-06T09:28:06+01:00,1066.1,329.4,bench-host-01,peer-scaling-2025-10
PEER-16-R7,16,510609,75,c5773795357efac657745851,2025-10-06T09:28:06+01:00,1085.6,325.3,bench-host-01,peer-scaling-2025-10
PEER-16-R7,16,510609,76,3a877bae8f4832810a61c9c0,2025-10-06T09:28:07+01:00,1056.7,320.3,bench-host-01,peer-scaling-2025-10
PEER-16-R7,16,510609,77,97585b909d2e5bf8644a9a1e,2025-10-06T09:28:07+01:00,1116.5,322.9,bench-host-01,peer-scaling-2025-10
PEER-16-R7,16,510609,78,748edab286fbbf887c956564,2025-10-06T09:28:08+01:00,1052.3,319.7,bench-host-01,peer-scaling-2025-10
PEER-16-R7,16,510609,79,9899bd8eadba41d31c830bad,2025-10-06T09:28:08+01:00,1075.2,331.6,bench-host-01,peer-scaling-2025-10
PEER-16-R7,16,510609,80,ee45020358f1a0d24e9a7419,2025-10-06T09:28:09+01:00,1071.1,325.3,bench-host-01,peer-scaling-2025-10
PEER-16-R7,16,510609,81,7b8f9a2b9272b2e9e971ae46,2025-10-06T09:28:09+01:00,1070.5,327.1,bench-host-01,peer-scaling-2025-10
PEER-16-R7,16,510609,82,e64df3c0545d92e005b4dbd1,2025-10-06T09:28:10+01:00,1005.4,320.9,bench-host-01,peer-scaling-2025-10
PEER-16-R7,16,510609,83,2313a567d148635276923520,2025-10-06T09:28:10+01:00,1023.8,317.0,bench-host-01,peer-scaling-2025-10
PEER-16-R7,16,510609,84,b0dcc4adc2e115050d9c6e06,2025-10-06T09:28:11+01:00,1197.6,333.0,bench-host-01,peer-scaling-2025-10
PEER-16-R7,16,510609,85,56a1637e40134c0f6a3f2b1f,2025-10-06T09:28:11+01:00,1044.2,317.5,bench-host-01,peer-scaling-2025-10
PEER-16-R7,16,510609,86,5cceb6dcbc095653ba047bd1,2025-10-06T09:28:12+01:00,1103.0,325.7,bench-host-01,peer-scaling-2025-10
PEER-16-R7,16,510609,87,f4b25d05fd46a6e1d2ff7ec9,2025-10-06T09:28:12+01:00,921.5,317.5,bench-host-01,peer-scaling-2025-10
PEER-16-R7,16,510609,88,f9f546dbcafa1b9af7005b01,2025-10-06T09:28:13+01:00,1031.1,316.1,bench-host-01,peer-scaling-2025-10
PEER-16-R7,16,510609,89,388f3ef6a3602870d4c4658e,2025-10-06T09:28:14+01:00,1095.2,326.4,bench-host-01,peer-scaling-2025-10
PEER-16-R7,16,510610,90,b63db20b57e0c26eb4f9b00b,2025-10-06T09:28:14+01:00,1044.6,320.2,bench-host-01,peer-scaling-2025-10
PEER-16-R7,16,510610,91,5720f8e1538794b46c103d3b,2025-10-06T09:28:15+01:00,1030.2,317.7,bench-host-01,peer-scaling-2025-10
PEER-16-R7,16,510610,92,119b0fcdb2c029ab8fa0d5ce,2025-10-06T09:28:15+01:00,1080.9,327.4,bench-host-01,peer-scaling-2025-10
PEER-16-R7,16,510610,93,94dfd06592fdf87d299617a2,2025-10-06T09:28:16+01:00,981.5,323.5,bench-host-01,peer-scaling-2025-10
PEER-16-R7,16,510610,94,85d352380384e9b19cdcb0f1,2025-10-06T09:28:16+01:00,1091.2,324.8,bench-host-01,peer-scaling-2025-10
PEER-16-R7,16,510610,95,05e365bec0a527c93ae8506e,2025-10-06T09:28:17+01:00,993.6,316.3,bench-host-01,peer-scaling-2025-10
PEER-16-R7,16,510610,96,4d50448a8c184b846cf08cc9,2025-10-06T09:28:17+01:00,1045.4,324.0,bench-host-01,peer-scaling-2025-10
PEER-16-R7,16,510610,97,d0487431088271145b82593c,2025-10-06T09:28:18+01:00,1025.4,322.0,bench-host-01,peer-scaling-2025-10
PEER-16-R7,16,510610,98,7e6c473d17a2dbe64458a5f1,2025-10-06T09:28:18+01:00,1038.6,321.2,bench-host-01,peer-scaling-2025-10
PEER-16-R7,16,510610,99,ce9aa1bf1ce3d35bd2ee3883,2025-10-06T09:28:19+01:00,1025.9,317.1,bench-host-01,peer-scaling-2025-10
PEER-16-R7,16,510610,100,df55c78b31c43f8611c485c9,2025-10-06T09:28:19+01:00,986.8,320.2,bench-host-01,peer-scaling-2025-10
PEER-16-R7,16,510610,101,56432067e3b6d3c35bd8a322,2025-10-06T09:28:20+01:00,972.6,319.9,bench-host-01,peer-scaling-2025-10
PEER-16-R7,16,510610,102,6490584ccb0b0b7f5a41389c,2025-10-06T09:28:20+01:00,991.5,324.4,bench-host-01,peer-scaling-2025-10
PEER-16-R7,16,510610,103,880a0a541a75f4ecda8bd0d9,2025-10-06T09:28:21+01:00,1047.0,329.8,bench-host-01,peer-scaling-2025-10
PEER-16-R7,16,510611,104,175b13079701e2812dd5d9c8,2025-10-06T09:28:21+01:00,1013.8,323.9,bench-host-01,peer-scaling-2025-10
PEER-16-R7,16,510611,105,1f2149acfbeb3df1e2ed9c0b,2025-10-06T09:28:22+01:00,907.5,317.6,bench-host-01,peer-scaling-2025-10
PEER-16-R7,16,510611,106,e3e2dd7b2a3043e2c128beb7,2025-10-06T09:28:22+01:00,996.7,320.4,bench-host-01,peer-scaling-2025-10
PEER-16-R7,16,510611,107,1a6ed634eeb097bdb9b18dee,2025-10-06T09:28:23+01:00,1216.6,321.8,bench-host-01,peer-scaling-2025-10
PEER-16-R7,16,510611,108,02e1de5f40d2471acfaabf66,2025-10-06T09:28:24+01:00,1184.4,323.1,bench-host-01,peer-scaling-2025-10
PEER-16-R7,16,510611,109,333b80d519c972a7709e1b6a,2025-10-06T09:28:24+01:00,1027.9,319.2,bench-host-01,peer-scaling-2025-10
PEER-16-R7,16,510611,110,60b59dfc0c71c5a2f4d3bca2,2025-10-06T09:28:25+01:00,1096.5,330.4,bench-host-01,peer-scaling-2025-10
PEER-16-R7,16,510611,111,168d9c2221763f39dfa57a85,2025-10-06T09:28:25+01:00,1112.3,315.8,bench-host-01,peer-scaling-2025-10
PEER-16-R7,16,510612,112,a173803f6197051eff1586e4,2025-10-06T09:28:26+01:00,1023.1,320.0,bench-host-01,peer-scaling-2025-10
PEER-16-R7,16,510612,113,fa256fa47c81a7631b9600cf,2025-10-06T09:28:26+01:00,1020.9,321.6,bench-host-01,peer-scaling-2025-10
PEER-16-R7,16,510612,114,1cfd9a9100e0788af8c31eb4,2025-10-06T09:28:27+01:00,1128.2,324.0,bench-host-01,peer-scaling-2025-10
PEER-16-R7,16,510612,115,4ec09beba48a3cf1ec755b4c,2025-10-06T09:28:27+01:00,1090.6,318.7,bench-host-01,peer-scaling-2025-10
PEER-16-R7,16,510612,116,986972194f4fcb41850db6dc,2025-10-06T09:28:28+01:00,1075.5,319.0,bench-host-01,peer-scaling-2025-10
PEER-16-R7,16,510612,117,499840cf19484f2831769454,2025-10-06T09:28:28+01:00,1105.9,323.2,bench-host-01,peer-scaling-2025-10
PEER-16-R7,16,510612,118,e4692d124e538f3705cfe526,2025-10-06T09:28:29+01:00,1112.4,319.3,bench-host-01,peer-scaling-2025-10
PEER-16-R7,16,510612,119,dd92ace3e5be0d339ca514a2,2025-10-06T09:28:29+01:00,1011.9,317.0,bench-host-01,peer-scaling-2025-10
PEER-16-R7,16,510612,120,993c0030d7f63eb9c197eac5,2025-10-06T09:28:30+01:00,1095.6,320.5,bench-host-01,peer-scaling-2025-10
PEER-16-R7,16,510612,121,bbdfc85f2d3345330970b6a4,2025-10-06T09:28:30+01:00,1028.9,318.0,bench-host-01,peer-scaling-2025-10
PEER-16-R7,16,510612,122,3077d4c30b574067aed470e0,2025-10-06T09:28:31+01:00,1051.8,328.4,bench-host-01,peer-scaling-2025-10
PEER-16-R7,16,510612,123,9abf390817cfc37ab9dc2344,2025-10-06T09:28:31+01:00,1084.1,320.9,bench-host-01,peer-scaling-2025-10
PEER-16-R7,16,510612,124,eb3d8c2bacd232dfe3d96a66,2025-10-06T09:28:32+01:00,970.2,334.0,bench-host-01,peer-scaling-2025-10
PEER-16-R7,16,510612,125,be74b30ebfb3d9f560cfebc0,2025-10-06T09:28:33+01:00,1058.9,327.1,bench-host-01,peer-scaling-2025-10
PEER-16-R7,16,510612,126,0aad4036e1ab1e8fa74f45e5,2025-10-06T09:28:33+01:00,1046.2,318.3,bench-host-01,peer-scaling-2025-10
PEER-16-R7,16,510612,127,bd8b54b753e5f04fdc5a9901,2025-10-06T09:28:34+01:00,975.1,319.9,bench-host-01,peer-scaling-2025-10
PEER-16-R7,16,510612,128,64d4d37be1a64583499c8a5f,2025-10-06T09:28:34+01:00,1012.2,325.9,bench-host-01,peer-scaling-2025-10
PEER-16-R7,16,510612,129,a430ace8d1da9b33cf5bac86,2025-10-06T09:28:35+01:00,1025.5,330.2,bench-host-01,peer-scaling-2025-10
PEER-08-R7,8,769634,0,968f5255306874b964759a29,2025-10-06T14:28:35+01:00,1186.4,320.6,bench-host-01,peer-scaling-2025-10
PEER-08-R7,8,769634,1,ed7299935e34176abc8273fc,2025-10-06T14:28:36+01:00,1177.2,319.3,bench-host-01,peer-scaling-2025-10
PEER-08-R7,8,769634,2,7c25061c6007438b890ef2b3,2025-10-06T14:28:36+01:00,1105.8,323.3,bench-host-01,peer-scaling-2025-10
PEER-08-R7,8,769634,3,34f72c4021d94a90bd636245,2025-10-06T14:28:37+01:00,1185.7,321.9,bench-host-01,peer-scaling-2025-10
PEER-08-R7,8,769634,4,25b93997afc8c365180b787a,2025-10-06T14:28:37+01:00,1143.6,315.3,bench-host-01,peer-scaling-2025-10
PEER-08-R7,8,769634,5,97e91dacca09c3800a89b4f7,2025-10-06T14:28:38+01:00,1088.3,315.4,bench-host-01,peer-scaling-2025-10
PEER-08-R7,8,769634,6,2474086d95b0270bf862a7d1,2025-10-06T14:28:39+01:00,1218.3,320.6,bench-host-01,peer-scaling-2025-10
PEER-08-R7,8,769634,7,473b45f6ccd70a2b6ca389c1,2025-10-06T14:28:39+01:00,1088.1,315.5,bench-host-01,peer-scaling-2025-10
PEER-08-R7,8,769635,8,cc47098b28e3cccf40706aeb,2025-10-06T14:28:40+01:00,1211.1,313.2,bench-host-01,peer-scaling-2025-10
PEER-08-R7,8,769635,9,c164e3ca3a8287624884f381,2025-10-06T14:28:40+01:00,1084.5,311.3,bench-host-01,peer-scaling-2025-10
PEER-08-R7,8,769635,10,c2c149fa3b47c2bf948f03a7,2025-10-06T14:28:41+01:00,1122.5,315.9,bench-host-01,peer-scaling-2025-10
PEER-08-R7,8,769636,11,b6d35ebf99c80d1afe64ba5d,2025-10-06T14:28:41+01:00,1174.1,322.3,bench-host-01,peer-scaling-2025-10
PEER-08-R7,8,769636,12,fcad786ad7d54b595cf41f8f,2025-10-06T14:28:42+01:00,1108.1,317.2,bench-host-01,peer-scaling-2025-10
PEER-08-R7,8,769636,13,16bb54813536bb9f905bd6b9,2025-10-06T14:28:43+01:00,1269.3,319.4,bench-host-01,peer-scaling-2025-10
PEER-08-R7,8,769636,14,ca371023d06c9d3521d88c69,2025-10-06T14:28:43+01:00,1276.6,324.1,bench-host-01,peer-scaling-2025-10
PEER-08-R7,8,769636,15,39de0ad509c1d8c9bdf99559,2025-10-06T14:28:44+01:00,1102.1,316.5,bench-host-01,peer-scaling-2025-10
PEER-08-R7,8,769636,16,07774f0fb02c7c9a12745374,2025-10-06T14:28:44+01:00,1135.7,319.9,bench-host-01,peer-scaling-2025-10
PEER-08-R7,8,769636,17,b8ae6c8e1a3ad9e9cd067b58,2025-10-06T14:28:45+01:00,1121.3,326.2,bench-host-01,peer-scaling-2025-10
PEER-08-R7,8,769637,18,8998f72fa034b68ef0daa791,2025-10-06T14:28:46+01:00,1260.3,323.3,bench-host-01,peer-scaling-2025-10
PEER-08-R7,8,769637,19,1f7570a941ce10732cd159cd,2025-10-06T14:28:46+01:00,1177.9,323.3,bench-host-01,peer-scaling-2025-10
PEER-08-R7,8,769637,20,a318fea45a1adc8b17c66878,2025-10-06T14:28:47+01:00,1142.9,322.6,bench-host-01,peer-scaling-2025-10
PEER-08-R7,8,769637,21,37166cf3e07f5982de3d2ad1,2025-10-06T14:28:47+01:00,1124.2,319.8,bench-host-01,peer-scaling-2025-10
PEER-08-R7,8,769637,22,da313ac084de58e465548728,2025-10-06T14:28:48+01:00,1209.1,309.8,bench-host-01,peer-scaling-2025-10
PEER-08-R7,8,769637,23,ce339802b65c5af428726c7f,2025-10-06T14:28:48+01:00,1155.0,315.2,bench-host-01,peer-scaling-2025-10
PEER-08-R7,8,769638,24,a683c40d8c7702bdf98352cf,2025-10-06T14:28:49+01:00,1050.9,317.8,bench-host-01,peer-scaling-2025-10
PEER-08-R7,8,769638,25,740e0678200ea44588576c25,2025-10-06T14:28:50+01:00,1160.7,324.8,bench-host-01,peer-scaling-2025-10
PEER-08-R7,8,769638,26,36f3d1e6f89836be5a967788,2025-10-06T14:28:50+01:00,1208.4,321.7,bench-host-01,peer-scaling-2025-10
PEER-08-R7,8,769638,27,43619e4eb1f75730ada62ebf,2025-10-06T14:28:51+01:00,1104.9,329.6,bench-host-01,peer-scaling-2025-10
PEER-08-R7,8,769639,28,276476648ce35bce5d33b946,2025-10-06T14:28:51+01:00,1210.0,321.6,bench-host-01,peer-scaling-2025-10
PEER-08-R7,8,769639,29,8c94cadf11c0ebf80582eef5,2025-10-06T14:28:52+01:00,1129.2,320.8,bench-host-01,peer-scaling-2025-10
PEER-08-R7,8,769639,30,d7dc97d7288f79e2a2e72ee0,2025-10-06T14:28:52+01:00,1131.1,319.8,bench-host-01,peer-scaling-2025-10
PEER-08-R7,8,769639,31,27847f19e4d05334da3be6bd,2025-10-06T14:28:53+01:00,1135.8,320.4,bench-host-01,peer-scaling-2025-10
PEER-08-R7,8,769639,32,7a8a83ef2b7f0df1ac2d5adc,2025-10-06T14:28:54+01:00,1143.6,318.7,bench-host-01,peer-scaling-2025-10
PEER-08-R7,8,769639,33,17344cf6ec176506b64052be,2025-10-06T14:28:54+01:00,1192.9,324.1,bench-host-01,peer-scaling-2025-10
PEER-08-R7,8,769639,34,c45e18a6ec62859f7197dc99,2025-10-06T14:28:55+01:00,1042.8,318.0,bench-host-01,peer-scaling-2025-10
PEER-08-R7,8,769639,35,aa1a0cc879a1982f9271e5a9,2025-10-06T14:28:55+01:00,1183.8,318.7,bench-host-01,peer-scaling-2025-10
PEER-08-R7,8,769639,36,49883af448de2e7e73e55f07,2025-10-06T14:28:56+01:00,1166.2,318.6,bench-host-01,peer-scaling-2025-10
PEER-08-R7,8,769639,37,f801976a1f16db0ab4790d78,2025-10-06T14:28:56+01:00,1100.9,322.0,bench-host-01,peer-scaling-2025-10
PEER-08-R7,8,769639,38,6d8bc4f61ce6810c3bf67438,2025-10-06T14:28:57+01:00,1164.9,322.9,bench-host-01,peer-scaling-2025-10
PEER-08-R7,8,769639,39,ad2113a3478b46774c92be04,2025-10-06T14:28:58+01:00,1215.0,324.7,bench-host-01,peer-scaling-2025-10
PEER-08-R7,8,769640,40,1dc272a465d248e782322a5d,2025-10-06T14:28:58+01:00,1110.9,313.4,bench-host-01,peer-scaling-2025-10
PEER-08-R7,8,769640,41,30654d3b18c9412e558e2689,2025-10-06T14:28:59+01:00,1208.4,328.7,bench-host-01,peer-scaling-2025-10
PEER-08-R7,8,769640,42,a01e60369e965000f5883ab3,2025-10-06T14:28:59+01:00,1245.4,318.3,bench-host-01,peer-scaling-2025-10
PEER-08-R7,8,769640,43,81e7b024f19feb35d43b63d2,2025-10-06T14:29:00+01:00,1144.3,317.9,bench-host-01,peer-scaling-2025-10
PEER-08-R7,8,769640,44,f647506169528fa7fbc0dc9a,2025-10-06T14:29:00+01:00,1163.8,320.3,bench-host-01,peer-scaling-2025-10
PEER-08-R7,8,769640,45,1f6d46e9fab93f69a181a222,2025-10-06T14:29:01+01:00,1067.7,320.0,bench-host-01,peer-scaling-2025-10
PEER-08-R7,8,769640,46,0a6ca5e2d2b0c10f57fe59d7,2025-10-06T14:29:02+01:00,1157.4,324.9,bench-host-01,peer-scaling-2025-10
PEER-08-R7,8,769640,47,659d4d59576db297afb5d6d8,2025-10-06T14:29:02+01:00,1036.9,317.3,bench-host-01,peer-scaling-2025-10
PEER-08-R7,8,769640,48,f4a488f604213a2a76b66be8,2025-10-06T14:29:03+01:00,1132.0,316.3,bench-host-01,peer-scaling-2025-10
PEER-08-R7,8,769640,49,e7db6707002c697d897a6ecd,2025-10-06T14:29:03+01:00,1196.0,323.4,bench-host-01,peer-scaling-2025-10
PEER-08-R7,8,769641,50,5eee7e09e72a7bf0f0ca18f4,2025-10-06T14:29:04+01:00,1178.3,320.7,bench-host-01,peer-scaling-2025-10
PEER-08-R7,8,769641,51,32b3ac31306fef5de89781af,2025-10-06T14:29:04+01:00,1140.1,324.8,bench-host-01,peer-scaling-2025-10
PEER-08-R7,8,769641,52,263a2e279347315b1eb5aff7,2025-10-06T14:29:05+01:00,1125.2,320.6,bench-host-01,peer-scaling-2025-10
PEER-08-R7,8,769641,53,6df9d2fd4e0c156ad9df6673,2025-10-06T14:29:06+01:00,1058.8,319.9,bench-host-01,peer-scaling-2025-10
PEER-08-R7,8,769641,54,9fc38bfc895a687d1d0258cb,2025-10-06T14:29:06+01:00,1185.7,322.9,bench-host-01,peer-scaling-2025-10
PEER-08-R7,8,769641,55,ced87edef8616ffa5cb8b483,2025-10-06T14:29:07+01:00,1133.1,325.6,bench-host-01,peer-scaling-2025-10
PEER-08-R7,8,769642,56,78a1619daaefcd612f8ce6bc,2025-10-06T14:29:07+01:00,1158.1,327.8,bench-host-01,peer-scaling-2025-10
PEER-08-R7,8,769642,57,873060c785243f53e3f36458,2025-10-06T14:29:08+01:00,1029.3,322.8,bench-host-01,peer-scaling-2025-10
PEER-08-R7,8,769642,58,a8c0a5457d6438e89cf4ca08,2025-10-06T14:29:09+01:00,1127.1,316.8,bench-host-01,peer-scaling-2025-10
PEER-08-R7,8,769642,59,f833f4b9b3e3674a12357795,2025-10-06T14:29:09+01:00,1170.2,312.2,bench-host-01,peer-scaling-2025-10
PEER-08-R7,8,769642,60,5c3f21f222bb4088e857ec61,2025-10-06T14:29:10+01:00,1063.4,328.5,bench-host-01,peer-scaling-2025-10
PEER-08-R7,8,769642,61,56b49bff59d788d3227135ba,2025-10-06T14:29:10+01:00,1144.7,320.1,bench-host-01,peer-scaling-2025-10
PEER-08-R7,8,769642,62,e6313fa790a802c49568d3a6,2025-10-06T14:29:11+01:00,1141.0,312.7,bench-host-01,peer-scaling-2025-10
PEER-08-R7,8,769642,63,661386132e8496f856923fd2,2025-10-06T14:29:11+01:00,1158.9,309.7,bench-host-01,peer-scaling-2025-10
PEER-08-R7,8,769642,64,e155b664920b37990baf3d2a,2025-10-06T14:29:12+01:00,1104.5,325.2,bench-host-01,peer-scaling-2025-10
PEER-08-R7,8,769642,65,136f44cae116482693ab081d,2025-10-06T14:29:13+01:00,1117.0,325.2,bench-host-01,peer-scaling-2025-10
PEER-08-R7,8,769642,66,076bade5c680d9a16a05aa8b,2025-10-06T14:29:13+01:00,1083.3,315.1,bench-host-01,peer-scaling-2025-10
PEER-08-R7,8,769642,67,14e514fa5c9879323e3a9f45,2025-10-06T14:29:14+01:00,1171.8,316.7,bench-host-01,peer-scaling-2025-10
PEER-08-R7,8,769642,68,f809d4a055fe348b007f6583,2025-10-06T14:29:14+01:00,1170.6,314.9,bench-host-01,peer-scaling-2025-10
PEER-08-R7,8,769642,69,10e72d8dcbdc28deb2491b35,2025-10-06T14:29:15+01:00,1202.4,319.8,bench-host-01,peer-scaling-2025-10
PEER-08-R7,8,769642,70,3831f0c1a315d0f192733f69,2025-10-06T14:29:15+01:00,1220.1,317.1,bench-host-01,peer-scaling-2025-10
PEER-08-R7,8,769642,71,4131bc40226bb42dcac38c6d,2025-10-06T14:29:16+01:00,1127.7,312.9,bench-host-01,peer-scaling-2025-10
PEER-08-R7,8,769643,72,26f676973a8d791488474efd,2025-10-06T14:29:17+01:00,1172.6,319.8,bench-host-01,peer-scaling-2025-10
PEER-08-R7,8,769643,73,9a4b37abb54ae3d5ee343cc0,2025-10-06T14:29:17+01:00,1076.8,309.8,bench-host-01,peer-scaling-2025-10
PEER-08-R7,8,769643,74,251dce3b12136b9a5994df5a,2025-10-06T14:29:18+01:00,1079.3,308.6,bench-host-01,peer-scaling-2025-10
PEER-08-R7,8,769643,75,7fc815ed809d54b0258fe030,2025-10-06T14:29:18+01:00,1152.6,319.4,bench-host-01,peer-scaling-2025-10
PEER-08-R7,8,769643,76,69a05390e354cb189837c27d,2025-10-06T14:29:19+01:00,1194.0,325.2,bench-host-01,peer-scaling-2025-10
PEER-08-R7,8,769643,77,2815a24342cd2084d5a8bde9,2025-10-06T14:29:19+01:00,1165.0,314.5,bench-host-01,peer-scaling-2025-10
PEER-08-R7,8,769643,78,0ee80449d64ec4b7d2949364,2025-10-06T14:29:20+01:00,1112.6,310.0,bench-host-01,peer-scaling-2025-10
PEER-08-R7,8,769643,79,51aa6ccdcbefe374d74155d5,2025-10-06T14:29:21+01:00,1094.8,320.8,bench-host-01,peer-scaling-2025-10
PEER-08-R7,8,769643,80,9319eeff61ece61035a59024,2025-10-06T14:29:21+01:00,1232.2,328.9,bench-host-01,peer-scaling-2025-10
PEER-08-R7,8,769643,81,382a90210a8b3b8b49abe28e,2025-10-06T14:29:22+01:00,1115.5,315.8,bench-host-01,peer-scaling-2025-10
PEER-08-R7,8,769643,82,1abd69a9b7dcef4f2a3e910c,2025-10-06T14:29:22+01:00,1179.9,327.2,bench-host-01,peer-scaling-2025-10
PEER-08-R7,8,769643,83,1e29fb543c7a85a846169d69,2025-10-06T14:29:23+01:00,1197.7,327.3,bench-host-01,peer-scaling-2025-10
PEER-08-R7,8,769643,84,6cbf32afbfb6e2e648f599fb,2025-10-06T14:29:23+01:00,1065.1,306.0,bench-host-01,peer-scaling-2025-10
PEER-08-R7,8,769643,85,846c1162687cce70d02f1a4c,2025-10-06T14:29:24+01:00,1139.1,323.3,bench-host-01,peer-scaling-2025-10
PEER-08-R7,8,769643,86,97b552793235bf30af45b425,2025-10-06T14:29:25+01:00,1178.3,313.3,bench-host-01,peer-scaling-2025-10
PEER-08-R7,8,769643,87,a684306a516093c3bfbb4028,2025-10-06T14:29:25+01:00,1203.4,317.9,bench-host-01,peer-scaling-2025-10
PEER-08-R7,8,769644,88,f95238884feda1ff2ad7d453,2025-10-06T14:29:26+01:00,1142.1,322.1,bench-host-01,peer-scaling-2025-10
PEER-08-R7,8,769644,89,00536a7a01fa02a799906518,2025-10-06T14:29:26+01:00,1078.7,308.6,bench-host-01,peer-scaling-2025-10
PEER-08-R7,8,769645,90,a8e6f6f47dc1c5538b637018,2025-10-06T14:29:27+01:00,1086.1,318.9,bench-host-01,peer-scaling-2025-10
PEER-08-R7,8,769645,91,05eb436a86f552b0cff6f168,2025-10-06T14:29:27+01:00,1065.1,316.7,bench-host-01,peer-scaling-2025-10
PEER-08-R7,8,769645,92,46a9053f24f2ba555cd96cbd,2025-10-06T14:29:28+01:00,1117.4,317.0,bench-host-01,peer-scaling-2025-10
PEER-08-R7,8,769645,93,5bee919de344444c1848b46a,2025-10-06T14:29:29+01:00,1121.1,325.0,bench-host-01,peer-scaling-2025-10
PEER-08-R7,8,769645,94,2fcd30a36b6fda92977f91e3,2025-10-06T14:29:29+01:00,1090.9,319.5,bench-host-01,peer-scaling-2025-10
PEER-08-R7,8,769645,95,99319cd53b434ffd9f334c08,2025-10-06T14:29:30+01:00,1159.8,317.4,bench-host-01,peer-scaling-2025-10
PEER-08-R7,8,769645,96,958bec67e3fdb6da928f078b,2025-10-06T14:29:30+01:00,1092.3,322.3,bench-host-01,peer-scaling-2025-10
PEER-08-R7,8,769645,97,04cde3e9392a1ac60e228052,2025-10-06T14:29:31+01:00,1143.2,323.5,bench-host-01,peer-scaling-2025-10
PEER-08-R7,8,769645,98,7236db400df7023f58218620,2025-10-06T14:29:31+01:00,1098.0,315.4,bench-host-01,peer-scaling-2025-10
PEER-08-R7,8,769645,99,bc83c078566b16410e6e33b1,2025-10-06T14:29:32+01:00,1266.4,321.1,bench-host-01,peer-scaling-2025-10
PEER-08-R7,8,769645,100,8ad7b82232a8e80b48ec7221,2025-10-06T14:29:33+01:00,1091.3,317.1,bench-host-01,peer-scaling-2025-10
PEER-08-R7,8,769645,101,95446dafb89aee4fa737b7bf,2025-10-06T14:29:33+01:00,1218.4,322.7,bench-host-01,peer-scaling-2025-10
PEER-08-R7,8,769645,102,0400ba955ff6c44802ce5ffa,2025-10-06T14:29:34+01:00,1257.1,326.5,bench-host-01,peer-scaling-2025-10
PEER-08-R7,8,769645,103,740590eab44a249a0c8f8d91,2025-10-06T14:29:34+01:00,1110.8,320.9,bench-host-01,peer-scaling-2025-10
PEER-08-R7,8,769646,104,c9f95e5f53f459144d600fd2,2025-10-06T14:29:35+01:00,1178.7,325.3,bench-host-01,peer-scaling-2025-10
PEER-08-R7,8,769646,105,3233ef7231c43c0885e2b1d7,2025-10-06T14:29:36+01:00,1139.0,324.1,bench-host-01,peer-scaling-2025-10
PEER-08-R7,8,769646,106,f025289293d870d4971cc792,2025-10-06T14:29:36+01:00,1207.9,314.4,bench-host-01,peer-scaling-2025-10
PEER-08-R7,8,769646,107,e880d12345896a35fd4f2751,2025-10-06T14:29:37+01:00,1204.9,329.2,bench-host-01,peer-scaling-2025-10
PEER-08-R7,8,769646,108,a513f0d1b0d81d2177418dcd,2025-10-06T14:29:37+01:00,1248.3,326.4,bench-host-01,peer-scaling-2025-10
PEER-08-R7,8,769646,109,3f46dba588ed7e5f93ba8614,2025-10-06T14:29:38+01:00,1142.7,322.1,bench-host-01,peer-scaling-2025-10
PEER-08-R7,8,769646,110,9b0b00c6be9b3929667a8982,2025-10-06T14:29:38+01:00,1059.1,325.8,bench-host-01,peer-scaling-2025-10
PEER-08-R7,8,769646,111,1355e3b8d2221bb796c8b33f,2025-10-06T14:29:39+01:00,1152.9,328.8,bench-host-01,peer-scaling-2025-10
PEER-08-R7,8,769647,112,75bdec1d8fc8d275f54ab858,2025-10-06T14:29:40+01:00,1110.1,329.6,bench-host-01,peer-scaling-2025-10
PEER-08-R7,8,769647,113,78c9d6acc581cb8c709f7fa6,2025-10-06T14:29:40+01:00,1213.5,317.1,bench-host-01,peer-scaling-2025-10
PEER-08-R7,8,769647,114,585f2b4fd24ee42ad42afd4c,2025-10-06T14:29:41+01:00,1129.6,324.1,bench-host-01,peer-scaling-2025-10
PEER-08-R7,8,769647,115,11d034d254fb9065b256fe5e,2025-10-06T14:29:41+01:00,1214.7,322.2,bench-host-01,peer-scaling-2025-10
PEER-08-R7,8,769647,116,5c0cc3841119ee8186e92fae,2025-10-06T14:29:42+01:00,1155.9,313.0,bench-host-01,peer-scaling-2025-10
PEER-08-R7,8,769647,117,f7d27a1fccb81e082ac1e70b,2025-10-06T14:29:42+01:00,1110.0,318.1,bench-host-01,peer-scaling-2025-10
PEER-08-R7,8,769647,118,609643cd3cf7a96df66bbece,2025-10-06T14:29:43+01:00,1178.7,314.6,bench-host-01,peer-scaling-2025-10
PEER-08-R7,8,769647,119,a71f580e04b3b866b8826712,2025-10-06T14:29:44+01:00,1087.6,319.1,bench-host-01,peer-scaling-2025-10
PEER-08-R7,8,769648,120,d08f5ef682e911d16ed0b1ef,2025-10-06T14:29:44+01:00,1185.0,322.1,bench-host-01,peer-scaling-2025-10
PEER-08-R7,8,769648,121,f7e180a7ff59464f58e5c31f,2025-10-06T14:29:45+01:00,1196.1,329.6,bench-host-01,peer-scaling-2025-10
PEER-08-R7,8,769648,122,65db2afec8f1e7c295d56375,2025-10-06T14:29:45+01:00,1179.1,314.8,bench-host-01,peer-scaling-2025-10
PEER-08-R7,8,769648,123,0ddd8c9ca4260a9df603d1f6,2025-10-06T14:29:46+01:00,1125.5,314.5,bench-host-01,peer-scaling-2025-10
PEER-08-R7,8,769648,124,94dd96d80816212c3f5f3702,2025-10-06T14:29:46+01:00,1246.2,309.6,bench-host-01,peer-scaling-2025-10
PEER-08-R7,8,769648,125,f5bd87c4534aa5f063f7fb24,2025-10-06T14:29:47+01:00,1158.2,321.1,bench-host-01,peer-scaling-2025-10
PEER-08-R7,8,769648,126,1a20e193f12f1bf61c0b7c2c,2025-10-06T14:29:48+01:00,1055.6,317.3,bench-host-01,peer-scaling-2025-10
PEER-08-R7,8,769648,127,446a5b5bd7a1ba03bd5a1601,2025-10-06T14:29:48+01:00,1178.2,332.9,bench-host-01,peer-scaling-2025-10
PEER-08-R7,8,769648,128,31491d41853cd016234c3753,2025-10-06T14:29:49+01:00,1199.3,315.3,bench-host-01,peer-scaling-2025-10
PEER-08-R7,8,769648,129,a33abd85f52f3f952e4ab55f,2025-10-06T14:29:49+01:00,1196.8,323.8,bench-host-01,peer-scaling-2025-10
PEER-04-R7,4,875840,0,405b0c775bb2e3d4a6b87da4,2025-10-06T19:29:50+01:00,1234.4,321.0,bench-host-01,peer-scaling-2025-10
PEER-04-R7,4,875840,1,ec62738663eb00e2a073d1f5,2025-10-06T19:29:50+01:00,1174.9,319.2,bench-host-01,peer-scaling-2025-10
PEER-04-R7,4,875840,2,d26cefe8398f19c062717efc,2025-10-06T19:29:51+01:00,1134.0,320.2,bench-host-01,peer-scaling-2025-10
PEER-04-R7,4,875840,3,47e09d9bfae4c31c270a261f,2025-10-06T19:29:52+01:00,1210.7,320.1,bench-host-01,peer-scaling-2025-10
PEER-04-R7,4,875840,4,a0e8e4de596ac6dc56184b8c,2025-10-06T19:29:52+01:00,1131.7,319.2,bench-host-01,peer-scaling-2025-10
PEER-04-R7,4,875840,5,db9923981a2d824e6a8a2f48,2025-10-06T19:29:53+01:00,1224.2,324.1,bench-host-01,peer-scaling-2025-10
PEER-04-R7,4,875840,6,7bc466fb0246374ac6989625,2025-10-06T19:29:54+01:00,1137.2,314.8,bench-host-01,peer-scaling-2025-10
PEER-04-R7,4,875840,7,1851693fe90046fe3ff65b7b,2025-10-06T19:29:54+01:00,1314.8,320.4,bench-host-01,peer-scaling-2025-10
PEER-04-R7,4,875840,8,7f096db172d5b2c7540822f9,2025-10-06T19:29:55+01:00,1236.4,314.5,bench-host-01,peer-scaling-2025-10
PEER-04-R7,4,875840,9,e4daa60588a16e836427628a,2025-10-06T19:29:55+01:00,1135.8,324.3,bench-host-01,peer-scaling-2025-10
PEER-04-R7,4,875840,10,388048a7d637a72779a634ab,2025-10-06T19:29:56+01:00,1104.0,327.9,bench-host-01,peer-scaling-2025-10
PEER-04-R7,4,875841,11,b3ec90e428274e9dc7edf7d3,2025-10-06T19:29:57+01:00,1267.3,315.0,bench-host-01,peer-scaling-2025-10
PEER-04-R7,4,875841,12,5f1642d6ece6abc06ece23ad,2025-10-06T19:29:57+01:00,1283.9,316.8,bench-host-01,peer-scaling-2025-10
PEER-04-R7,4,875841,13,7cbcf1c93ab6d9a907fb7d24,2025-10-06T19:29:58+01:00,1181.7,322.0,bench-host-01,peer-scaling-2025-10
PEER-04-R7,4,875841,14,bc5b08d9f8c243189cbb302c,2025-10-06T19:29:58+01:00,1208.5,329.6,bench-host-01,peer-scaling-2025-10
PEER-04-R7,4,875841,15,ddfce81eaa07dfdd0b21096a,2025-10-06T19:29:59+01:00,1180.3,326.4,bench-host-01,peer-scaling-2025-10
PEER-04-R7,4,875841,16,4c8695c2b76a2e74a8c4f5ab,2025-10-06T19:30:00+01:00,1213.9,327.0,bench-host-01,peer-scaling-2025-10
PEER-04-R7,4,875841,17,0fd2c554495a2a77a84bff16,2025-10-06T19:30:00+01:00,1232.9,319.1,bench-host-01,peer-scaling-2025-10
PEER-04-R7,4,875841,18,546fcc32aae77682cadfd11c,2025-10-06T19:30:01+01:00,1162.3,311.6,bench-host-01,peer-scaling-2025-10
PEER-04-R7,4,875841,19,8555787bd338063ba4456c75,2025-10-06T19:30:01+01:00,1147.3,316.6,bench-host-01,peer-scaling-2025-10
PEER-04-R7,4,875841,20,fa9fd9ef4e495b2050eaa797,2025-10-06T19:30:02+01:00,1236.2,329.3,bench-host-01,peer-scaling-2025-10
PEER-04-R7,4,875841,21,60f656dc95ee4223f7750b34,2025-10-06T19:30:03+01:00,1207.0,324.8,bench-host-01,peer-scaling-2025-10
PEER-04-R7,4,875842,22,7ee73dd30e8a0ee504c2107e,2025-10-06T19:30:03+01:00,1268.8,314.3,bench-host-01,peer-scaling-2025-10
PEER-04-R7,4,875842,23,c496af1a69d1ad68fe904f9b,2025-10-06T19:30:04+01:00,1210.0,329.2,bench-host-01,peer-scaling-2025-10
PEER-04-R7,4,875843,24,306eeafffb029ea83e649066,2025-10-06T19:30:04+01:00,1203.6,325.5,bench-host-01,peer-scaling-2025-10
PEER-04-R7,4,875843,25,198b6f7c006561ee171873d2,2025-10-06T19:30:05+01:00,1257.1,318.7,bench-host-01,peer-scaling-2025-10
PEER-04-R7,4,875843,26,ca08a48f54cdd35c87e1dc88,2025-10-06T19:30:06+01:00,1231.0,319.3,bench-host-01,peer-scaling-2025-10
PEER-04-R7,4,875843,27,cd690235abd0ba9cec005078,2025-10-06T19:30:06+01:00,1264.4,324.9,bench-host-01,peer-scaling-2025-10
PEER-04-R7,4,875843,28,77c000a99c88d5ba31c5ee62,2025-10-06T19:30:07+01:00,1156.6,325.0,bench-host-01,peer-scaling-2025-10
PEER-04-R7,4,875843,29,e60d895bdaa03471067f7f6d,2025-10-06T19:30:07+01:00,1158.6,320.6,bench-host-01,peer-scaling-2025-10
PEER-04-R7,4,875843,30,edb75de19b24e3769dcd7331,2025-10-06T19:30:08+01:00,1222.7,322.2,bench-host-01,peer-scaling-2025-10
PEER-04-R7,4,875843,31,6745984a71c57ae2ebbd6ae4,2025-10-06T19:30:09+01:00,1122.4,324.6,bench-host-01,peer-scaling-2025-10
PEER-04-R7,4,875843,32,422eb7d54d695c966aee6b1a,2025-10-06T19:30:09+01:00,1227.9,324.9,bench-host-01,peer-scaling-2025-10
PEER-04-R7,4,875843,33,d4593e24b76159751a12a74c,2025-10-06T19:30:10+01:00,1170.3,323.1,bench-host-01,peer-scaling-2025-10
PEER-04-R7,4,875843,34,28354e9c910df9a0864d7e74,2025-10-06T19:30:10+01:00,1261.6,325.2,bench-host-01,peer-scaling-2025-10
PEER-04-R7,4,875843,35,7d2d42656f05b218744ae60a,2025-10-06T19:30:11+01:00,1361.4,323.2,bench-host-01,peer-scaling-2025-10
PEER-04-R7,4,875843,36,9e5e944f550b7710d0417297,2025-10-06T19:30:12+01:00,1198.7,314.5,bench-host-01,peer-scaling-2025-10
PEER-04-R7,4,875843,37,ddca281497192f3e0b0755af,2025-10-06T19:30:12+01:00,1225.9,325.2,bench-host-01,peer-scaling-2025-10
PEER-04-R7,4,875843,38,a405912baca4e840b774c75a,2025-10-06T19:30:13+01:00,1108.1,321.3,bench-host-01,peer-scaling-2025-10
PEER-04-R7,4,875843,39,e8881f744377341425724cff,2025-10-06T19:30:13+01:00,1142.3,332.8,bench-host-01,peer-scaling-2025-10
PEER-04-R7,4,875843,40,21eb099dcd7b619f6bcb6d84,2025-10-06T19:30:14+01:00,1143.1,313.8,bench-host-01,peer-scaling-2025-10
PEER-04-R7,4,875843,41,ad10830f2468cad9e248db1f,2025-10-06T19:30:15+01:00,1171.7,315.5,bench-host-01,peer-scaling-2025-10
PEER-04-R7,4,875843,42,7324e9e137e6397dad5ccc8b,2025-10-06T19:30:15+01:00,1221.0,317.8,bench-host-01,peer-scaling-2025-10
PEER-04-R7,4,875843,43,be8e73958a5953b0e03cd37d,2025-10-06T19:30:16+01:00,1244.4,325.3,bench-host-01,peer-scaling-2025-10
PEER-04-R7,4,875843,44,56dc897e80ca15a35d216b00,2025-10-06T19:30:16+01:00,1107.3,321.4,bench-host-01,peer-scaling-2025-10
PEER-04-R7,4,875844,45,f444d856194be0ded6188456,2025-10-06T19:30:17+01:00,1220.3,328.6,bench-host-01,peer-scaling-2025-10
PEER-04-R7,4,875844,46,f0cb0efe18a86759ff455dad,2025-10-06T19:30:18+01:00,1226.3,316.0,bench-host-01,peer-scaling-2025-10
PEER-04-R7,4,875844,47,8fd0361c55907d1b1f32107b,2025-10-06T19:30:18+01:00,1329.8,318.2,bench-host-01,peer-scaling-2025-10
PEER-04-R7,4,875844,48,e0454717c98f352500a2b803,2025-10-06T19:30:19+01:00,1157.3,327.0,bench-host-01,peer-scaling-2025-10
PEER-04-R7,4,875844,49,58fa4fab06848d11e0e5d720,2025-10-06T19:30:19+01:00,1203.1,318.9,bench-host-01,peer-scaling-2025-10
PEER-04-R7,4,875844,50,b628f4b36d5260acdc3ac841,2025-10-06T19:30:20+01:00,1220.6,316.7,bench-host-01,peer-scaling-2025-10
PEER-04-R7,4,875844,51,2eef368feab7d85f795cfc48,2025-10-06T19:30:21+01:00,1152.2,320.2,bench-host-01,peer-scaling-2025-10
PEER-04-R7,4,875844,52,015eee94d4bf23f4892bdad8,2025-10-06T19:30:21+01:00,1237.7,326.0,bench-host-01,peer-scaling-2025-10
PEER-04-R7,4,875844,53,cf2bcdc7cb39659d779afb58,2025-10-06T19:30:22+01:00,1230.0,329.1,bench-host-01,peer-scaling-2025-10
PEER-04-R7,4,875844,54,6803a8f97aee8253312b5f56,2025-10-06T19:30:22+01:00,1166.0,330.5,bench-host-01,peer-scaling-2025-10
PEER-04-R7,4,875844,55,1c68f7f8cf8cd18013367ca0,2025-10-06T19:30:23+01:00,1254.4,324.5,bench-host-01,peer-scaling-2025-10
PEER-04-R7,4,875844,56,4c83a1a4be03ccc12a5227b5,2025-10-06T19:30:24+01:00,1219.2,325.4,bench-host-01,peer-scaling-2025-10
PEER-04-R7,4,875844,57,7d102846ad31814d9506713d,2025-10-06T19:30:24+01:00,1296.4,326.5,bench-host-01,peer-scaling-2025-10
PEER-04-R7,4,875844,58,29fed8ffe8007b3056113f00,2025-10-06T19:30:25+01:00,1237.3,320.6,bench-host-01,peer-scaling-2025-10
PEER-04-R7,4,875844,59,66ee2dc0467af294c34cff2c,2025-10-06T19:30:25+01:00,1140.2,319.4,bench-host-01,peer-scaling-2025-10
PEER-04-R7,4,875844,60,49588aac79f57123693b8a69,2025-10-06T19:30:26+01:00,1184.6,321.8,bench-host-01,peer-scaling-2025-10
PEER-04-R7,4,875844,61,dc40c3a0f4317168ebd19ec0,2025-10-06T19:30:27+01:00,1226.6,337.8,bench-host-01,peer-scaling-2025-10
PEER-04-R7,4,875844,62,3924a564dfb98ac90a289d15,2025-10-06T19:30:27+01:00,1235.5,326.1,bench-host-01,peer-scaling-2025-10
PEER-04-R7,4,875845,63,11313dc24b27bce5ec485e76,2025-10-06T19:30:28+01:00,1127.1,316.6,bench-host-01,peer-scaling-2025-10
PEER-04-R7,4,875845,64,1d46f3eae866ef75ef17df7c,2025-10-06T19:30:28+01:00,1258.4,332.2,bench-host-01,peer-scaling-2025-10
PEER-04-R7,4,875845,65,1fd703cffaa69f067feb2a20,2025-10-06T19:30:29+01:00,1166.6,320.1,bench-host-01,peer-scaling-2025-10
PEER-04-R7,4,875845,66,3820c36bd81ff14e8d89b0e3,2025-10-06T19:30:30+01:00,1210.0,327.6,bench-host-01,peer-scaling-2025-10
PEER-04-R7,4,875845,67,3d7056f9b6cbc41ffe6298ee,2025-10-06T19:30:30+01:00,1124.0,316.0,bench-host-01,peer-scaling-2025-10
PEER-04-R7,4,875845,68,13127d0d2733bd0a9e5e6401,2025-10-06T19:30:31+01:00,1133.9,323.8,bench-host-01,peer-scaling-2025-10
PEER-04-R7,4,875845,69,576b53b4a601bc0f8b62849a,2025-10-06T19:30:31+01:00,1275.3,327.9,bench-host-01,peer-scaling-2025-10
PEER-04-R7,4,875845,70,bcf4c3e754ca53a5114644ad,2025-10-06T19:30:32+01:00,1192.0,323.8,bench-host-01,peer-scaling-2025-10
PEER-04-R7,4,875845,71,d7f0b4b0ab482d4272b0e539,2025-10-06T19:30:33+01:00,1227.2,323.5,bench-host-01,peer-scaling-2025-10
PEER-04-R7,4,875845,72,0cd4b509c6e96d5780088707,2025-10-06T19:30:33+01:00,1240.2,329.1,bench-host-01,peer-scaling-2025-10
PEER-04-R7,4,875845,73,14d1fa8e40ebe6afedc17679,2025-10-06T19:30:34+01:00,1190.9,326.1,bench-host-01,peer-scaling-2025-10
PEER-04-R7,4,875845,74,dc4f0747867d18ae02d7314e,2025-10-06T19:30:34+01:00,1187.2,319.4,bench-host-01,peer-scaling-2025-10
PEER-04-R7,4,875845,75,25c58487391c4571301c15b6,2025-10-06T19:30:35+01:00,1299.8,323.9,bench-host-01,peer-scaling-2025-10
PEER-04-R7,4,875845,76,0dfd8b969adb3b09e1504595,2025-10-06T19:30:36+01:00,1223.7,326.0,bench-host-01,peer-scaling-2025-10
PEER-04-R7,4,875845,77,39286006c7e1db3930ddf03e,2025-10-06T19:30:36+01:00,1172.5,321.5,bench-host-01,peer-scaling-2025-10
PEER-04-R7,4,875845,78,9f0e861120a98f863498ca5f,2025-10-06T19:30:37+01:00,1149.1,315.1,bench-host-01,peer-scaling-2025-10
PEER-04-R7,4,875845,79,d950cab21b8e8b681c7e5ea1,2025-10-06T19:30:37+01:00,1210.5,321.9,bench-host-01,peer-scaling-2025-10
PEER-04-R7,4,875845,80,e4f3b9c822bda7f169a119a0,2025-10-06T19:30:38+01:00,1247.1,320.3,bench-host-01,peer-scaling-2025-10
PEER-04-R7,4,875845,81,c9d84b34e9ca5ed118e06851,2025-10-06T19:30:39+01:00,1154.4,319.6,bench-host-01,peer-scaling-2025-10
PEER-04-R7,4,875845,82,9de3f7203c9e1fb66861d3d4,2025-10-06T19:30:39+01:00,1240.4,315.2,bench-host-01,peer-scaling-2025-10
PEER-04-R7,4,875845,83,74f19c68a86b0006a9066690,2025-10-06T19:30:40+01:00,1236.2,324.1,bench-host-01,peer-scaling-2025-10
PEER-04-R7,4,875845,84,bde57795cb33490008828dcc,2025-10-06T19:30:40+01:00,1204.4,311.6,bench-host-01,peer-scaling-2025-10
PEER-04-R7,4,875845,85,9cb1e925484df0234bc855ac,2025-10-06T19:30:41+01:00,1190.3,325.8,bench-host-01,peer-scaling-2025-10
PEER-04-R7,4,875845,86,78f03c6cd25b68b713b1e2d6,2025-10-06T19:30:42+01:00,1245.8,327.5,bench-host-01,peer-scaling-2025-10
PEER-04-R7,4,875845,87,ae2f5cfee014c89ee4a35a98,2025-10-06T19:30:42+01:00,1225.7,317.3,bench-host-01,peer-scaling-2025-10
PEER-04-R7,4,875846,88,04033f09a219d07944dca920,2025-10-06T19:30:43+01:00,1324.1,316.0,bench-host-01,peer-scaling-2025-10
PEER-04-R7,4,875846,89,a8f1408a4113e5c50a9f5211,2025-10-06T19:30:43+01:00,1230.4,322.6,bench-host-01,peer-scaling-2025-10
PEER-04-R7,4,875846,90,b7bb366294a4c493fd51746d,2025-10-06T19:30:44+01:00,1211.2,322.9,bench-host-01,peer-scaling-2025-10
PEER-04-R7,4,875846,91,9da777b970cd2e7269264e51,2025-10-06T19:30:45+01:00,1202.4,319.3,bench-host-01,peer-scaling-2025-10
PEER-04-R7,4,875846,92,f940cb08e6405181d6a35bfe,2025-10-06T19:30:45+01:00,1216.2,325.5,bench-host-01,peer-scaling-2025-10
PEER-04-R7,4,875846,93,00eb29a078e4b79d35c3b4e3,2025-10-06T19:30:46+01:00,1138.7,319.2,bench-host-01,peer-scaling-2025-10
PEER-04-R7,4,875846,94,4a0c8211a08d37e7ccfcb24f,2025-10-06T19:30:47+01:00,1143.8,323.6,bench-host-01,peer-scaling-2025-10
PEER-04-R7,4,875846,95,9449b422308f702ffc09a7c7,2025-10-06T19:30:47+01:00,1287.8,322.1,bench-host-01,peer-scaling-2025-10
PEER-04-R7,4,875847,96,69777ac62d3a059b2a00698e,2025-10-06T19:30:48+01:00,1240.2,322.1,bench-host-01,peer-scaling-2025-10
PEER-04-R7,4,875847,97,b331bd95b2f83225d7840255,2025-10-06T19:30:48+01:00,1208.0,312.1,bench-host-01,peer-scaling-2025-10
PEER-04-R7,4,875847,98,3e59b5c3e708f3e763501d18,2025-10-06T19:30:49+01:00,1122.4,325.4,bench-host-01,peer-scaling-2025-10
PEER-04-R7,4,875848,99,a3b6c6306752e189d0e2945d,2025-10-06T19:30:50+01:00,1213.7,323.3,bench-host-01,peer-scaling-2025-10
PEER-04-R7,4,875848,100,fcd6704b4160d04de1683735,2025-10-06T19:30:50+01:00,1193.2,324.8,bench-host-01,peer-scaling-2025-10
PEER-04-R7,4,875848,101,e45eff5cbae64f8be5768eb5,2025-10-06T19:30:51+01:00,1225.8,320.0,bench-host-01,peer-scaling-2025-10
PEER-04-R7,4,875848,102,add8ec614d8fc5b8c7d53b3c,2025-10-06T19:30:51+01:00,1189.8,319.3,bench-host-01,peer-scaling-2025-10
PEER-04-R7,4,875848,103,9451387472d6a8dace7fbe8d,2025-10-06T19:30:52+01:00,1229.7,322.3,bench-host-01,peer-scaling-2025-10
PEER-04-R7,4,875848,104,4a3625e8494e20546cb63006,2025-10-06T19:30:53+01:00,1312.1,314.9,bench-host-01,peer-scaling-2025-10
PEER-04-R7,4,875848,105,6a73ba583dc50f96c556af95,2025-10-06T19:30:53+01:00,1164.1,313.9,bench-host-01,peer-scaling-2025-10
PEER-04-R7,4,875848,106,6129578e3b9bcc0c4e98e0a3,2025-10-06T19:30:54+01:00,1185.0,313.2,bench-host-01,peer-scaling-2025-10
PEER-04-R7,4,875848,107,cc8a324762487009dc7f2c14,2025-10-06T19:30:54+01:00,1191.5,314.1,bench-host-01,peer-scaling-2025-10
PEER-04-R7,4,875849,108,e4e4a8359825fb212997063a,2025-10-06T19:30:55+01:00,1244.2,314.7,bench-host-01,peer-scaling-2025-10
PEER-04-R7,4,875849,109,8c57da7600581997a22c1a18,2025-10-06T19:30:56+01:00,1131.9,318.6,bench-host-01,peer-scaling-2025-10
PEER-04-R7,4,875849,110,eb6285296f14806365d6dad5,2025-10-06T19:30:56+01:00,1166.4,322.7,bench-host-01,peer-scaling-2025-10
PEER-04-R7,4,875849,111,4e366700600641bc50ae7541,2025-10-06T19:30:57+01:00,1245.2,322.8,bench-host-01,peer-scaling-2025-10
PEER-04-R7,4,875850,112,f1d3108228f19cf07314dc1b,2025-10-06T19:30:57+01:00,1208.8,324.6,bench-host-01,peer-scaling-2025-10
PEER-04-R7,4,875850,113,f144f7c83b80bf8e6bfb5af0,2025-10-06T19:30:58+01:00,1115.5,310.0,bench-host-01,peer-scaling-2025-10
PEER-04-R7,4,875850,114,c92e6b395158cd97b7a57ced,2025-10-06T19:30:59+01:00,1219.8,319.0,bench-host-01,peer-scaling-2025-10
PEER-04-R7,4,875850,115,b0efd694bfc8be8fdd06c8c9,2025-10-06T19:30:59+01:00,1246.7,324.7,bench-host-01,peer-scaling-2025-10
PEER-04-R7,4,875850,116,e2323b66c7fd925883bb252c,2025-10-06T19:31:00+01:00,1228.9,321.0,bench-host-01,peer-scaling-2025-10
PEER-04-R7,4,875851,117,affefd4506b9db218bc3bf64,2025-10-06T19:31:00+01:00,1197.6,328.2,bench-host-01,peer-scaling-2025-10
PEER-04-R7,4,875851,118,2514b3cdc8caa3ccbb1e7b03,2025-10-06T19:31:01+01:00,1195.8,317.0,bench-host-01,peer-scaling-2025-10
PEER-04-R7,4,875851,119,e8b1acf838a803a2f1645371,2025-10-06T19:31:02+01:00,1230.1,326.5,bench-host-01,peer-scaling-2025-10
PEER-04-R7,4,875851,120,81a0184b5c0e82275f31a86c,2025-10-06T19:31:02+01:00,1240.4,318.3,bench-host-01,peer-scaling-2025-10
PEER-04-R7,4,875851,121,0daec000fe3117c806f12961,2025-10-06T19:31:03+01:00,1239.0,320.9,bench-host-01,peer-scaling-2025-10
PEER-04-R7,4,875851,122,e2c4b7dbe2b592832acb294c,2025-10-06T19:31:03+01:00,1103.2,329.7,bench-host-01,peer-scaling-2025-10
PEER-04-R7,4,875851,123,0f91313e3ad4fd56a26f7628,2025-10-06T19:31:04+01:00,1197.6,323.8,bench-host-01,peer-scaling-2025-10
PEER-04-R7,4,875851,124,04a303a402d48602bef049cf,2025-10-06T19:31:05+01:00,1262.6,323.9,bench-host-01,peer-scaling-2025-10
PEER-04-R7,4,875851,125,63a37f536ea5c96debd3db9f,2025-10-06T19:31:05+01:00,1188.4,326.2,bench-host-01,peer-scaling-2025-10
PEER-04-R7,4,875851,126,61205b11d7df1079a94a4fdd,2025-10-06T19:31:06+01:00,1096.6,319.4,bench-host-01,peer-scaling-2025-10
PEER-04-R7,4,875851,127,2411a876539b8b6606f210bf,2025-10-06T19:31:06+01:00,1162.6,314.7,bench-host-01,peer-scaling-2025-10
PEER-04-R7,4,875851,128,dbe290786ba4f431c705d97d,2025-10-06T19:31:07+01:00,1280.4,329.3,bench-host-01,peer-scaling-2025-10
PEER-04-R7,4,875851,129,3655aa41d662a7b4284bcb03,2025-10-06T19:31:08+01:00,1200.2,322.0,bench-host-01,peer-scaling-2025-10
PEER-32-R7,32,434514,0,ff55c2fe6839cef938c63449,2025-10-07T00:31:08+01:00,791.8,318.5,bench-host-01,peer-scaling-2025-10
PEER-32-R7,32,434514,1,ff1cabf12523facf0658fbe2,2025-10-07T00:31:09+01:00,713.7,314.4,bench-host-01,peer-scaling-2025-10
PEER-32-R7,32,434514,2,b9828b0a754b20a7444e6cb8,2025-10-07T00:31:09+01:00,823.3,315.4,bench-host-01,peer-scaling-2025-10
PEER-32-R7,32,434514,3,671fd7d7253d46472719ebb7,2025-10-07T00:31:09+01:00,798.1,319.4,bench-host-01,peer-scaling-2025-10
PEER-32-R7,32,434514,4,921361b1fa437bafd082e733,2025-10-07T00:31:10+01:00,804.5,319.2,bench-host-01,peer-scaling-2025-10
PEER-32-R7,32,434514,5,60b2c57e5e1b513c37cedef1,2025-10-07T00:31:10+01:00,831.9,320.8,bench-host-01,peer-scaling-2025-10
PEER-32-R7,32,434514,6,c1f67351adf491b979853906,2025-10-07T00:31:11+01:00,822.6,313.5,bench-host-01,peer-scaling-2025-10
PEER-32-R7,32,434514,7,cf0a5884fee788d2153308c3,2025-10-07T00:31:11+01:00,787.2,314.1,bench-host-01,peer-scaling-2025-10
PEER-32-R7,32,434514,8,4015636e4d6b1dd54e15260b,2025-10-07T00:31:11+01:00,870.8,317.5,bench-host-01,peer-scaling-2025-10
PEER-32-R7,32,434514,9,6f3b6c85f736104fb598e7f8,2025-10-07T00:31:12+01:00,790.8,317.8,bench-host-01,peer-scaling-2025-10
PEER-32-R7,32,434514,10,4ed7a1ab6421698501284db3,2025-10-07T00:31:12+01:00,854.9,319.2,bench-host-01,peer-scaling-2025-10
PEER-32-R7,32,434514,11,cb4750e742dd1ea95f771ee6,2025-10-07T00:31:13+01:00,809.3,315.4,bench-host-01,peer-scaling-2025-10
PEER-32-R7,32,434514,12,3f60fa6485b33c1874791e15,2025-10-07T00:31:13+01:00,790.0,318.8,bench-host-01,peer-scaling-2025-10
PEER-32-R7,32,434514,13,4aa85fd0aa02b226bb16d3ef,2025-10-07T00:31:13+01:00,742.3,316.5,bench-host-01,peer-scaling-2025-10
PEER-32-R7,32,434514,14,12677b7f3438490f8ee1be10,2025-10-07T00:31:14+01:00,892.1,308.4,bench-host-01,peer-scaling-2025-10
PEER-32-R7,32,434514,15,e78ba975069bf2d995e3ad07,2025-10-07T00:31:14+01:00,788.2,315.3,bench-host-01,peer-scaling-2025-10
PEER-32-R7,32,434514,16,150f43479e1f26a0ee1f0a51,2025-10-07T00:31:15+01:00,661.5,318.5,bench-host-01,peer-scaling-2025-10
PEER-32-R7,32,434514,17,294aee72cf3a4f5fd5062495,2025-10-07T00:31:15+01:00,886.1,317.3,bench-host-01,peer-scaling-2025-10
PEER-32-R7,32,434514,18,44ec69c17ce14896e161248a,2025-10-07T00:31:16+01:00,751.6,302.8,bench-host-01,peer-scaling-2025-10
PEER-32-R7,32,434514,19,206a1ee7b9543d3ad3664d7c,2025-10-07T00:31:16+01:00,777.5,325.6,bench-host-01,peer-scaling-2025-10
PEER-32-R7,32,434514,20,53295dccc7894315adb86791,2025-10-07T00:31:16+01:00,782.7,320.0,bench-host-01,peer-scaling-2025-10
PEER-32-R7,32,434514,21,70097df5ae92102eac041a8f,2025-10-07T00:31:17+01:00,770.3,320.5,bench-host-01,peer-scaling-2025-10
PEER-32-R7,32,434514,22,889228cd588665197b695f0d,2025-10-07T00:31:17+01:00,788.0,310.9,bench-host-01,peer-scaling-2025-10
PEER-32-R7,32,434514,23,349ae219db10318d237cdf8e,2025-10-07T00:31:18+01:00,875.1,323.7,bench-host-01,peer-scaling-2025-10
PEER-32-R7,32,434515,24,64e7308969c83557b74496dd,2025-10-07T00:31:18+01:00,873.4,314.0,bench-host-01,peer-scaling-2025-10
PEER-32-R7,32,434515,25,9e78d6cabf4d654fb3afaff2,2025-10-07T00:31:18+01:00,822.3,320.9,bench-host-01,peer-scaling-2025-10
PEER-32-R7,32,434515,26,26a0094cd571fc9f59d0e4b9,2025-10-07T00:31:19+01:00,821.8,310.3,bench-host-01,peer-scaling-2025-10
PEER-32-R7,32,434515,27,2f4eec9661c8803a15b098ab,2025-10-07T00:31:19+01:00,725.9,317.6,bench-host-01,peer-scaling-2025-10
PEER-32-R7,32,434515,28,3202c4fd58ddfe5880d6da81,2025-10-07T00:31:20+01:00,745.2,321.0,bench-host-01,peer-scaling-2025-10
PEER-32-R7,32,434515,29,979c643b9e01cedf66f39b9a,2025-10-07T00:31:20+01:00,734.1,309.0,bench-host-01,peer-scaling-2025-10
PEER-32-R7,32,434515,30,e9cf8ae882a7376660215d6d,2025-10-07T00:31:20+01:00,886.3,311.8,bench-host-01,peer-scaling-2025-10
PEER-32-R7,32,434515,31,1485126884b5f9bae8149e1c,2025-10-07T00:31:21+01:00,794.9,318.6,bench-host-01,peer-scaling-2025-10
PEER-32-R7,32,434515,32,3a2ecec4e1a3efa0ae1b45eb,2025-10-07T00:31:21+01:00,752.1,321.8,bench-host-01,peer-scaling-2025-10
PEER-32-R7,32,434515,33,e9d92e6fe825c40211c1e5f5,2025-10-07T00:31:22+01:00,753.4,316.7,bench-host-01,peer-scaling-2025-10
PEER-32-R7,32,434515,34,a4414ff5e1cb67249a626f90,2025-10-07T00:31:22+01:00,847.9,311.4,bench-host-01,peer-scaling-2025-10
PEER-32-R7,32,434515,35,60fb9e2de2886ae6327ebe13,2025-10-07T00:31:22+01:00,931.4,311.7,bench-host-01,peer-scaling-2025-10
PEER-32-R7,32,434515,36,2ee868b1315e9ea2fe103975,2025-10-07T00:31:23+01:00,707.0,316.4,bench-host-01,peer-scaling-2025-10
PEER-32-R7,32,434515,37,44b9460e5e9f200c8ccada0b,2025-10-07T00:31:23+01:00,780.6,315.0,bench-host-01,peer-scaling-2025-10
PEER-32-R7,32,434515,38,98d3cc6aebe2d17c48ec0e91,2025-10-07T00:31:24+01:00,752.5,322.2,bench-host-01,peer-scaling-2025-10
PEER-32-R7,32,434515,39,f536c017a0eeded682092424,2025-10-07T00:31:24+01:00,736.8,320.6,bench-host-01,peer-scaling-2025-10
PEER-32-R7,32,434515,40,54fd6061776a9f43270e0e85,2025-10-07T00:31:24+01:00,810.8,317.5,bench-host-01,peer-scaling-2025-10
PEER-32-R7,32,434515,41,939b4e63495afa4c116d5e77,2025-10-07T00:31:25+01:00,731.3,306.6,bench-host-01,peer-scaling-2025-10
PEER-32-R7,32,434516,42,c8ae741e639ace6aeee2675e,2025-10-07T00:31:25+01:00,814.2,311.8,bench-host-01,peer-scaling-2025-10
PEER-32-R7,32,434516,43,e0f01d0c5f9f8dc5f127b3e9,2025-10-07T00:31:26+01:00,1011.0,320.2,bench-host-01,peer-scaling-2025-10
PEER-32-R7,32,434516,44,2271384f514b25c0b4ba69c0,2025-10-07T00:31:26+01:00,794.6,321.0,bench-host-01,peer-scaling-2025-10
PEER-32-R7,32,434516,45,72c9f1d93c0f0b8cff8f0bcf,2025-10-07T00:31:26+01:00,838.3,319.4,bench-host-01,peer-scaling-2025-10
PEER-32-R7,32,434516,46,a67e7117f3f217e37ceffb61,2025-10-07T00:31:27+01:00,894.5,314.4,bench-host-01,peer-scaling-2025-10
PEER-32-R7,32,434516,47,648d366a7bb29f5690f5a5ae,2025-10-07T00:31:27+01:00,728.8,313.5,bench-host-01,peer-scaling-2025-10
PEER-32-R7,32,434516,48,d9bb9684ffbe8cb29190520f,2025-10-07T00:31:28+01:00,903.6,317.4,bench-host-01,peer-scaling-2025-10
PEER-32-R7,32,434516,49,0daef23b8719768a2b624219,2025-10-07T00:31:28+01:00,715.3,310.7,bench-host-01,peer-scaling-2025-10
PEER-32-R7,32,434516,50,eae5711e64a21dd9d1a27fed,2025-10-07T00:31:28+01:00,679.4,309.9,bench-host-01,peer-scaling-2025-10
PEER-32-R7,32,434516,51,bc51a3ee388c1ffd5b70285a,2025-10-07T00:31:29+01:00,766.2,319.5,bench-host-01,peer-scaling-2025-10
PEER-32-R7,32,434516,52,da6f3cece8d4b7c45fe061a2,2025-10-07T00:31:29+01:00,748.1,317.8,bench-host-01,peer-scaling-2025-10
PEER-32-R7,32,434516,53,d7d571fe0483f4731b379761,2025-10-07T00:31:30+01:00,825.8,313.8,bench-host-01,peer-scaling-2025-10
PEER-32-R7,32,434517,54,3e3269a5e1cc67abf34b5e7b,2025-10-07T00:31:30+01:00,894.7,317.9,bench-host-01,peer-scaling-2025-10
PEER-32-R7,32,434517,55,3540da976661ba341037dbd8,2025-10-07T00:31:31+01:00,819.7,311.0,bench-host-01,peer-scaling-2025-10
PEER-32-R7,32,434517,56,2bd00339eb986de63c5971dc,2025-10-07T00:31:31+01:00,847.3,325.8,bench-host-01,peer-scaling-2025-10
PEER-32-R7,32,434517,57,72433de28a459ee3e2a11292,2025-10-07T00:31:31+01:00,795.6,317.8,bench-host-01,peer-scaling-2025-10
PEER-32-R7,32,434517,58,acb8012f8feb9d9b17989251,2025-10-07T00:31:32+01:00,829.3,308.9,bench-host-01,peer-scaling-2025-10
PEER-32-R7,32,434517,59,dde18c997201fa105160cc3b,2025-10-07T00:31:32+01:00,787.0,301.9,bench-host-01,peer-scaling-2025-10
PEER-32-R7,32,434517,60,a186a70d6d65b0a5562ea2f3,2025-10-07T00:31:33+01:00,893.0,310.3,bench-host-01,peer-scaling-2025-10
PEER-32-R7,32,434517,61,589b81f11406f5b8c19822c6,2025-10-07T00:31:33+01:00,708.5,316.5,bench-host-01,peer-scaling-2025-10
PEER-32-R7,32,434517,62,ef9176e66b914bd208882295,2025-10-07T00:31:33+01:00,825.9,307.8,bench-host-01,peer-scaling-2025-10
PEER-32-R7,32,434518,63,b138ae47e5a4084a0f56134a,2025-10-07T00:31:34+01:00,765.0,319.3,bench-host-01,peer-scaling-2025-10
PEER-32-R7,32,434518,64,526e3b22b3a35ffb9100a6fd,2025-10-07T00:31:34+01:00,817.6,319.6,bench-host-01,peer-scaling-2025-10
PEER-32-R7,32,434518,65,38282c6f05870009d1388352,2025-10-07T00:31:35+01:00,658.0,312.9,bench-host-01,peer-scaling-2025-10
PEER-32-R7,32,434518,66,9fd1e83cc383bc2482fe3b45,2025-10-07T00:31:35+01:00,790.8,311.6,bench-host-01,peer-scaling-2025-10
PEER-32-R7,32,434518,67,9967bba4cf04c60a78cb2945,2025-10-07T00:31:35+01:00,849.0,312.5,bench-host-01,peer-scaling-2025-10
PEER-32-R7,32,434518,68,f3566bf8f08259ba837fa6bb,2025-10-07T00:31:36+01:00,801.5,312.6,bench-host-01,peer-scaling-2025-10
PEER-32-R7,32,434518,69,e547bc997982f516d4f18845,2025-10-07T00:31:36+01:00,914.1,318.4,bench-host-01,peer-scaling-2025-10
PEER-32-R7,32,434518,70,8c13a2c1efb3b081d3be1b95,2025-10-07T00:31:37+01:00,776.8,315.0,bench-host-01,peer-scaling-2025-10
PEER-32-R7,32,434518,71,6f953e7bbd2f6f7cd15fae48,2025-10-07T00:31:37+01:00,745.2,323.9,bench-host-01,peer-scaling-2025-10
PEER-32-R7,32,434518,72,aa7f5185e8629ff10e608db8,2025-10-07T00:31:37+01:00,758.6,311.2,bench-host-01,peer-scaling-2025-10
PEER-32-R7,32,434518,73,940fc7f1fcebca0f6e81ea16,2025-10-07T00:31:38+01:00,833.3,314.5,bench-host-01,peer-scaling-2025-10
PEER-32-R7,32,434518,74,359119db1e2c6955415d2ed6,2025-10-07T00:31:38+01:00,711.9,318.0,bench-host-01,peer-scaling-2025-10
PEER-32-R7,32,434518,75,b8532e6063f11fd7e27eec61,2025-10-07T00:31:39+01:00,905.1,311.3,bench-host-01,peer-scaling-2025-10
PEER-32-R7,32,434518,76,a3ccd71729a7d917e7551dca,2025-10-07T00:31:39+01:00,815.6,322.4,bench-host-01,peer-scaling-2025-10
PEER-32-R7,32,434518,77,df927b243961bc765b6aacf7,2025-10-07T00:31:39+01:00,704.2,320.3,bench-host-01,peer-scaling-2025-10
PEER-32-R7,32,434518,78,d9451ffb25f8e71d367affef,2025-10-07T00:31:40+01:00,762.0,319.8,bench-host-01,peer-scaling-2025-10
PEER-32-R7,32,434518,79,841c5942177ae6eb1a04dbe9,2025-10-07T00:31:40+01:00,833.2,318.3,bench-host-01,peer-scaling-2025-10
PEER-32-R7,32,434518,80,a349ef183eb377a24897be4c,2025-10-07T00:31:41+01:00,714.6,315.9,bench-host-01,peer-scaling-2025-10
PEER-32-R7,32,434519,81,b4c323ce1df688234bf24599,2025-10-07T00:31:41+01:00,897.2,325.0,bench-host-01,peer-scaling-2025-10
PEER-32-R7,32,434519,82,6073bb0dda875dfea2c24175,2025-10-07T00:31:41+01:00,849.7,321.2,bench-host-01,peer-scaling-2025-10
PEER-32-R7,32,434519,83,601e73dc7e05f116ed5aa92c,2025-10-07T00:31:42+01:00,823.6,305.9,bench-host-01,peer-scaling-2025-10
PEER-32-R7,32,434519,84,2b1edbde84f924444fb9f001,2025-10-07T00:31:42+01:00,759.7,316.8,bench-host-01,peer-scaling-2025-10
PEER-32-R7,32,434519,85,4e520da70877086cf8b3e736,2025-10-07T00:31:43+01:00,880.0,320.5,bench-host-01,peer-scaling-2025-10
PEER-32-R7,32,434519,86,dadbb41a4cc3c4e1e0fdc798,2025-10-07T00:31:43+01:00,833.6,316.1,bench-host-01,peer-scaling-2025-10
PEER-32-R7,32,434519,87,6b65fe9c5566b50b3b090928,2025-10-07T00:31:44+01:00,866.5,315.7,bench-host-01,peer-scaling-2025-10
PEER-32-R7,32,434519,88,c3ccc3dc2fa735860a79ffba,2025-10-07T00:31:44+01:00,925.6,315.0,bench-host-01,peer-scaling-2025-10
PEER-32-R7,32,434519,89,45fc7e823e2c2ecf96deb3ab,2025-10-07T00:31:44+01:00,856.5,317.2,bench-host-01,peer-scaling-2025-10
PEER-32-R7,32,434519,90,be4efaf96dfde16f4676c613,2025-10-07T00:31:45+01:00,884.0,318.6,bench-host-01,peer-scaling-2025-10
PEER-32-R7,32,434519,91,901c46a92066680291a23bc4,2025-10-07T00:31:45+01:00,798.0,316.9,bench-host-01,peer-scaling-2025-10
PEER-32-R7,32,434519,92,75e45279c658f60b2c47851f,2025-10-07T00:31:46+01:00,822.4,317.4,bench-host-01,peer-scaling-2025-10
PEER-32-R7,32,434519,93,3c1f068691f64c8f6c17c524,2025-10-07T00:31:46+01:00,780.9,326.5,bench-host-01,peer-scaling-2025-10
PEER-32-R7,32,434519,94,75ad9d69a8113db889b83960,2025-10-07T00:31:46+01:00,794.2,314.1,bench-host-01,peer-scaling-2025-10
PEER-32-R7,32,434519,95,8e931e68a7847339a372ed7f,2025-10-07T00:31:47+01:00,779.7,318.9,bench-host-01,peer-scaling-2025-10
PEER-32-R7,32,434519,96,833fda66eb190d1fbdba3863,2025-10-07T00:31:47+01:00,773.8,308.1,bench-host-01,peer-scaling-2025-10
PEER-32-R7,32,434519,97,bd2202a663aaac6fa11127cf,2025-10-07T00:31:48+01:00,791.0,321.3,bench-host-01,peer-scaling-2025-10
PEER-32-R7,32,434519,98,7191ce503d607f7405323dc2,2025-10-07T00:31:48+01:00,729.2,325.7,bench-host-01,peer-scaling-2025-10
PEER-32-R7,32,434520,99,7f5573b79d864a844a19a565,2025-10-07T00:31:48+01:00,822.6,308.5,bench-host-01,peer-scaling-2025-10
PEER-32-R7,32,434520,100,c5ea6cf018f5114f5ca453e3,2025-10-07T00:31:49+01:00,845.0,314.8,bench-host-01,peer-scaling-2025-10
PEER-32-R7,32,434520,101,c82d439d13132ed4ee17b157,2025-10-07T00:31:49+01:00,947.7,328.2,bench-host-01,peer-scaling-2025-10
PEER-32-R7,32,434520,102,55b10cf50d0c86841fe143a4,2025-10-07T00:31:50+01:00,787.2,315.6,bench-host-01,peer-scaling-2025-10
PEER-32-R7,32,434520,103,eaa012f9b68f167c67824ad6,2025-10-07T00:31:50+01:00,795.2,312.3,bench-host-01,peer-scaling-2025-10
PEER-32-R7,32,434520,104,7e9fe1edd45f112a8571cac0,2025-10-07T00:31:50+01:00,746.6,313.0,bench-host-01,peer-scaling-2025-10
PEER-32-R7,32,434520,105,e784776342bba925e3d0af4d,2025-10-07T00:31:51+01:00,877.4,321.0,bench-host-01,peer-scaling-2025-10
PEER-32-R7,32,434520,106,8fd69e4848bc3ef4c5bdc5ad,2025-10-07T00:31:51+01:00,838.5,315.0,bench-host-01,peer-scaling-2025-10
PEER-32-R7,32,434520,107,9ec72427301d06ad4168ab45,2025-10-07T00:31:52+01:00,770.1,321.6,bench-host-01,peer-scaling-2025-10
PEER-32-R7,32,434520,108,714498f97d3a8302d0dd874f,2025-10-07T00:31:52+01:00,863.0,317.8,bench-host-01,peer-scaling-2025-10
PEER-32-R7,32,434520,109,dba8cbaaea911c7542c14f08,2025-10-07T00:31:52+01:00,829.7,319.0,bench-host-01,peer-scaling-2025-10
PEER-32-R7,32,434520,110,b27b9ac0e742ccf29488bda3,2025-10-07T00:31:53+01:00,771.2,315.4,bench-host-01,peer-scaling-2025-10
PEER-32-R7,32,434520,111,55cca6cda1fe2161c7ea2d75,2025-10-07T00:31:53+01:00,902.8,315.1,bench-host-01,peer-scaling-2025-10
PEER-32-R7,32,434520,112,394221b14a52eb3f3e3b520d,2025-10-07T00:31:54+01:00,810.8,320.5,bench-host-01,peer-scaling-2025-10
PEER-32-R7,32,434520,113,bbc460a3f35b66294f0d2f71,2025-10-07T00:31:54+01:00,798.7,302.0,bench-host-01,peer-scaling-2025-10
PEER-32-R7,32,434520,114,ab8b68d011094263b2c3baec,2025-10-07T00:31:54+01:00,815.4,325.4,bench-host-01,peer-scaling-2025-10
PEER-32-R7,32,434520,115,ff608e30630fb1a6723da6d7,2025-10-07T00:31:55+01:00,693.8,315.0,bench-host-01,peer-scaling-2025-10
PEER-32-R7,32,434520,116,cd9c5615485ecabe507c274e,2025-10-07T00:31:55+01:00,820.4,315.7,bench-host-01,peer-scaling-2025-10
PEER-32-R7,32,434521,117,873bfb0b21289f9a738b7f4f,2025-10-07T00:31:56+01:00,815.0,312.1,bench-host-01,peer-scaling-2025-10
PEER-32-R7,32,434521,118,950b082f6671c057911ab55f,2025-10-07T00:31:56+01:00,830.0,315.6,bench-host-01,peer-scaling-2025-10
PEER-32-R7,32,434521,119,947eced232cb1ba7d65e3094,2025-10-07T00:31:57+01:00,675.6,311.6,bench-host-01,peer-scaling-2025-10
PEER-32-R7,32,434521,120,32cdf3c69d7f59e967db6708,2025-10-07T00:31:57+01:00,976.7,315.7,bench-host-01,peer-scaling-2025-10
PEER-32-R7,32,434521,121,6a200a38d6b750c016786a30,2025-10-07T00:31:57+01:00,771.1,311.2,bench-host-01,peer-scaling-2025-10
PEER-32-R7,32,434521,122,a6904f5456164e0df25885ee,2025-10-07T00:31:58+01:00,839.9,327.8,bench-host-01,peer-scaling-2025-10
PEER-32-R7,32,434521,123,9590f7edc41c585705ade6bb,2025-10-07T00:31:58+01:00,700.7,314.2,bench-host-01,peer-scaling-2025-10
PEER-32-R7,32,434521,124,83d0cb84578c0b737c9385c8,2025-10-07T00:31:59+01:00,909.9,316.8,bench-host-01,peer-scaling-2025-10
PEER-32-R7,32,434521,125,6b3cc9098905e159aa4fc8f7,2025-10-07T00:31:59+01:00,707.9,325.1,bench-host-01,peer-scaling-2025-10
PEER-32-R7,32,434522,126,52716993215bce9cc1cf1dc5,2025-10-07T00:31:59+01:00,939.4,321.1,bench-host-01,peer-scaling-2025-10
PEER-32-R7,32,434522,127,ffb1b744c748fd2b15cc59ba,2025-10-07T00:32:00+01:00,753.1,317.1,bench-host-01,peer-scaling-2025-10
PEER-32-R7,32,434522,128,43af69b876c26435037169ce,2025-10-07T00:32:00+01:00,897.8,314.7,bench-host-01,peer-scaling-2025-10
PEER-32-R7,32,434522,129,cb377049f675ab2f1c223425,2025-10-07T00:32:01+01:00,768.4,326.1,bench-host-01,peer-scaling-2025-10
PEER-08-R8,8,881324,0,4147be42498ede5621b8f65c,2025-10-07T05:32:01+01:00,1168.7,320.9,bench-host-01,peer-scaling-2025-10
PEER-08-R8,8,881324,1,a1d4133d11a8c58aac5bdfec,2025-10-07T05:32:02+01:00,1263.0,317.8,bench-host-01,peer-scaling-2025-10
PEER-08-R8,8,881324,2,31525187349a32b3f6f57775,2025-10-07T05:32:02+01:00,1173.3,323.5,bench-host-01,peer-scaling-2025-10
PEER-08-R8,8,881324,3,3d8a94b820e305da22d1e16b,2025-10-07T05:32:03+01:00,1108.2,320.3,bench-host-01,peer-scaling-2025-10
PEER-08-R8,8,881324,4,6046566f6296f00bd853ea86,2025-10-07T05:32:03+01:00,1077.6,319.8,bench-host-01,peer-scaling-2025-10
PEER-08-R8,8,881324,5,5bcfd39b45d06430903c2da8,2025-10-07T05:32:04+01:00,1177.2,316.7,bench-host-01,peer-scaling-2025-10
PEER-08-R8,8,881324,6,d2f89ac2b02f80610c1ecb7b,2025-10-07T05:32:04+01:00,1168.2,316.0,bench-host-01,peer-scaling-2025-10
PEER-08-R8,8,881324,7,5a682abb534968239530aaef,2025-10-07T05:32:05+01:00,1097.0,317.0,bench-host-01,peer-scaling-2025-10
PEER-08-R8,8,881324,8,56cb22a2bf88fc360d47d528,2025-10-07T05:32:06+01:00,1202.5,319.5,bench-host-01,peer-scaling-2025-10
PEER-08-R8,8,881324,9,234664eef4feb268053b7ed4,2025-10-07T05:32:06+01:00,1161.5,317.7,bench-host-01,peer-scaling-2025-10
PEER-08-R8,8,881324,10,8f1724aa61683e33478e61e0,2025-10-07T05:32:07+01:00,1096.7,315.3,bench-host-01,peer-scaling-2025-10
PEER-08-R8,8,881325,11,f20755778e1ae31f83badb3f,2025-10-07T05:32:07+01:00,1116.7,326.5,bench-host-01,peer-scaling-2025-10
PEER-08-R8,8,881325,12,4d21af13897b54cb45053c3a,2025-10-07T05:32:08+01:00,1102.7,324.1,bench-host-01,peer-scaling-2025-10
PEER-08-R8,8,881325,13,11ba5d178c8c33c881afc852,2025-10-07T05:32:08+01:00,1196.9,320.5,bench-host-01,peer-scaling-2025-10
PEER-08-R8,8,881325,14,451e5fe306bf6d251bb032be,2025-10-07T05:32:09+01:00,1158.3,317.3,bench-host-01,peer-scaling-2025-10
PEER-08-R8,8,881325,15,1ddc60d35f1a88caa96a9ad0,2025-10-07T05:32:10+01:00,1070.0,325.5,bench-host-01,peer-scaling-2025-10
PEER-08-R8,8,881325,16,3dda99da37aaf7568a9e86d7,2025-10-07T05:32:10+01:00,1144.1,323.8,bench-host-01,peer-scaling-2025-10
PEER-08-R8,8,881325,17,704f17882cb44046a11b1786,2025-10-07T05:32:11+01:00,1233.9,319.5,bench-host-01,peer-scaling-2025-10
PEER-08-R8,8,881325,18,68d1995bb20630e1420ccf63,2025-10-07T05:32:11+01:00,1173.5,320.5,bench-host-01,peer-scaling-2025-10
PEER-08-R8,8,881325,19,fe1216e846f7e72bb05011be,2025-10-07T05:32:12+01:00,1176.1,316.0,bench-host-01,peer-scaling-2025-10
PEER-08-R8,8,881325,20,f08c86dfb3289cd4e058899b,2025-10-07T05:32:12+01:00,1205.0,322.9,bench-host-01,peer-scaling-2025-10
PEER-08-R8,8,881325,21,3dc38676b4f5c4f3ecfabe88,2025-10-07T05:32:13+01:00,1228.0,318.1,bench-host-01,peer-scaling-2025-10
PEER-08-R8,8,881325,22,36b9a7cf9e0d9aeb63e66866,2025-10-07T05:32:14+01:00,1048.5,320.1,bench-host-01,peer-scaling-2025-10
PEER-08-R8,8,881325,23,d8a9dbcb19d131b6e96bb8da,2025-10-07T05:32:14+01:00,1129.7,319.5,bench-host-01,peer-scaling-2025-10
PEER-08-R8,8,881325,24,4544c78ce98b7c9cc8c3fb8a,2025-10-07T05:32:15+01:00,1168.7,317.3,bench-host-01,peer-scaling-2025-10
PEER-08-R8,8,881325,25,98c6e697ad5fa3ae9a616c48,2025-10-07T05:32:15+01:00,1079.9,316.7,bench-host-01,peer-scaling-2025-10
PEER-08-R8,8,881325,26,8066b4d05c3c21b9218b2d7f,2025-10-07T05:32:16+01:00,1060.1,326.2,bench-host-01,peer-scaling-2025-10
PEER-08-R8,8,881325,27,b13e3a56e926c6cb6100e04f,2025-10-07T05:32:16+01:00,1228.8,324.7,bench-host-01,peer-scaling-2025-10
PEER-08-R8,8,881325,28,23cfa03ca0b3544b5803b32f,2025-10-07T05:32:17+01:00,1131.5,322.6,bench-host-01,peer-scaling-2025-10
PEER-08-R8,8,881325,29,374676ca57f2261b5bb48c95,2025-10-07T05:32:18+01:00,1132.2,327.8,bench-host-01,peer-scaling-2025-10
PEER-08-R8,8,881325,30,32afc1e9b203d39281f4ce89,2025-10-07T05:32:18+01:00,1145.9,327.5,bench-host-01,peer-scaling-2025-10
PEER-08-R8,8,881325,31,9cc4ba017011c75444cb1f45,2025-10-07T05:32:19+01:00,1145.2,318.2,bench-host-01,peer-scaling-2025-10
PEER-08-R8,8,881325,32,ed7d86fc1000cc8e9db9e72d,2025-10-07T05:32:19+01:00,1115.6,322.4,bench-host-01,peer-scaling-2025-10
PEER-08-R8,8,881325,33,0465e5b53a1147e8b683a7ec,2025-10-07T05:32:20+01:00,1152.4,319.1,bench-host-01,peer-scaling-2025-10
PEER-08-R8,8,881325,34,bc91c5aba3d95506f77adaec,2025-10-07T05:32:21+01:00,1184.2,318.2,bench-host-01,peer-scaling-2025-10
PEER-08-R8,8,881325,35,2d2bd7a6136cfaf0e848791b,2025-10-07T05:32:21+01:00,1121.1,321.1,bench-host-01,peer-scaling-2025-10
PEER-08-R8,8,881325,36,22299a33f0c36d30e5a2bff9,2025-10-07T05:32:22+01:00,1249.1,319.2,bench-host-01,peer-scaling-2025-10
PEER-08-R8,8,881325,37,2ad5657ea09aa5a069595685,2025-10-07T05:32:22+01:00,1208.0,319.6,bench-host-01,peer-scaling-2025-10
PEER-08-R8,8,881325,38,9755e92147f9e3b71170d484,2025-10-07T05:32:23+01:00,1171.0,313.2,bench-host-01,peer-scaling-2025-10
PEER-08-R8,8,881325,39,249325c1c0c58e92e38cdff6,2025-10-07T05:32:23+01:00,1136.8,314.8,bench-host-01,peer-scaling-2025-10
PEER-08-R8,8,881326,40,33f8ec09e3d275daf05f529d,2025-10-07T05:32:24+01:00,1228.3,321.9,bench-host-01,peer-scaling-2025-10
PEER-08-R8,8,881326,41,ba3c70d8aaf8a246a6ff8db5,2025-10-07T05:32:25+01:00,1093.2,319.1,bench-host-01,peer-scaling-2025-10
PEER-08-R8,8,881326,42,2ab4f883f9f32029f0c47bf9,2025-10-07T05:32:25+01:00,1225.3,325.9,bench-host-01,peer-scaling-2025-10
PEER-08-R8,8,881326,43,f05642d6029015eb7eca4142,2025-10-07T05:32:26+01:00,1055.9,324.2,bench-host-01,peer-scaling-2025-10
PEER-08-R8,8,881326,44,be7c05221d31a96068c70601,2025-10-07T05:32:26+01:00,1211.7,317.7,bench-host-01,peer-scaling-2025-10
PEER-08-R8,8,881326,45,5647cfb2e51b8b0498d76af7,2025-10-07T05:32:27+01:00,1136.7,325.8,bench-host-01,peer-scaling-2025-10
PEER-08-R8,8,881326,46,f85449e0ed514523dc1d956a,2025-10-07T05:32:27+01:00,1098.4,322.8,bench-host-01,peer-scaling-2025-10
PEER-08-R8,8,881326,47,52da1bb4449e371a61fa7655,2025-10-07T05:32:28+01:00,1105.8,322.9,bench-host-01,peer-scaling-2025-10
PEER-08-R8,8,881327,48,78f8a3f8eefdc121a05da1ef,2025-10-07T05:32:29+01:00,1195.6,327.9,bench-host-01,peer-scaling-2025-10
PEER-08-R8,8,881327,49,bb7351a4868606e5988a8a8c,2025-10-07T05:32:29+01:00,1144.5,324.1,bench-host-01,peer-scaling-2025-10
PEER-08-R8,8,881327,50,87909780fc69849e5db9cb63,2025-10-07T05:32:30+01:00,1215.3,321.0,bench-host-01,peer-scaling-2025-10
PEER-08-R8,8,881327,51,344893717f6a5a45186383ab,2025-10-07T05:32:30+01:00,1187.7,309.8,bench-host-01,peer-scaling-2025-10
PEER-08-R8,8,881327,52,e71a41635c49a66d37447d04,2025-10-07T05:32:31+01:00,1177.8,321.0,bench-host-01,peer-scaling-2025-10
PEER-08-R8,8,881327,53,0b942f641d3bacf72309fcc3,2025-10-07T05:32:31+01:00,1131.0,325.5,bench-host-01,peer-scaling-2025-10
PEER-08-R8,8,881327,54,3611e5df94465db04bb5227d,2025-10-07T05:32:32+01:00,1259.5,324.0,bench-host-01,peer-scaling-2025-10
PEER-08-R8,8,881327,55,baf2f1e14dada653da544b50,2025-10-07T05:32:33+01:00,1220.5,319.5,bench-host-01,peer-scaling-2025-10
PEER-08-R8,8,881327,56,b696529bd11e0ddbf9d5cf10,2025-10-07T05:32:33+01:00,1203.4,326.4,bench-host-01,peer-scaling-2025-10
PEER-08-R8,8,881327,57,d0aaa9ac643cf7e29d204840,2025-10-07T05:32:34+01:00,1102.1,313.4,bench-host-01,peer-scaling-2025-10
PEER-08-R8,8,881327,58,066c21f4e781ade6c1fdb38f,2025-10-07T05:32:34+01:00,1116.4,312.9,bench-host-01,peer-scaling-2025-10
PEER-08-R8,8,881327,59,9fa961818220cfdd37b7fb6d,2025-10-07T05:32:35+01:00,1143.4,324.4,bench-host-01,peer-scaling-2025-10
PEER-08-R8,8,881327,60,5979ee220ba787319bf1478a,2025-10-07T05:32:35+01:00,1212.4,327.0,bench-host-01,peer-scaling-2025-10
PEER-08-R8,8,881327,61,0f78be6f5ee378dd64063629,2025-10-07T05:32:36+01:00,1157.9,323.6,bench-host-01,peer-scaling-2025-10
PEER-08-R8,8,881327,62,419730d4bd571be9740f82b5,2025-10-07T05:32:37+01:00,1185.9,316.2,bench-host-01,peer-scaling-2025-10
PEER-08-R8,8,881328,63,76ad78721f753da028841ac3,2025-10-07T05:32:37+01:00,1177.7,319.6,bench-host-01,peer-scaling-2025-10
PEER-08-R8,8,881328,64,45e2e1218f70054a794cce19,2025-10-07T05:32:38+01:00,1041.9,320.1,bench-host-01,peer-scaling-2025-10
PEER-08-R8,8,881328,65,7d0ca315710b76367f948518,2025-10-07T05:32:38+01:00,1182.7,315.9,bench-host-01,peer-scaling-2025-10
PEER-08-R8,8,881328,66,8a774883befc22e70ca4643c,2025-10-07T05:32:39+01:00,1229.2,324.1,bench-host-01,peer-scaling-2025-10
PEER-08-R8,8,881328,67,a277427025231644dd6bcf9f,2025-10-07T05:32:39+01:00,1166.9,320.4,bench-host-01,peer-scaling-2025-10
PEER-08-R8,8,881328,68,333ac0112587254389448e1b,2025-10-07T05:32:40+01:00,1075.1,315.8,bench-host-01,peer-scaling-2025-10
PEER-08-R8,8,881328,69,aad3f28be84f9bc0ebd54559,2025-10-07T05:32:41+01:00,1144.8,327.7,bench-host-01,peer-scaling-2025-10
PEER-08-R8,8,881328,70,abe416c80b2291d87df71fb0,2025-10-07T05:32:41+01:00,1136.9,319.6,bench-host-01,peer-scaling-2025-10
PEER-08-R8,8,881328,71,f74cb73454261591d527f647,2025-10-07T05:32:42+01:00,1139.2,322.8,bench-host-01,peer-scaling-2025-10
PEER-08-R8,8,881328,72,9e83513b1dbb82a2f69d0852,2025-10-07T05:32:42+01:00,1148.4,316.1,bench-host-01,peer-scaling-2025-10
PEER-08-R8,8,881328,73,83f3517e341fe5a3886653bd,2025-10-07T05:32:43+01:00,1186.3,321.7,bench-host-01,peer-scaling-2025-10
PEER-08-R8,8,881328,74,0cd7af29ff3265d64be774c2,2025-10-07T05:32:43+01:00,1231.3,321.4,bench-host-01,peer-scaling-2025-10
PEER-08-R8,8,881328,75,2e5167fa7516a50515d2058c,2025-10-07T05:32:44+01:00,1044.4,321.7,bench-host-01,peer-scaling-2025-10
PEER-08-R8,8,881328,76,fc4d426e840511233ae10dd2,2025-10-07T05:32:45+01:00,1077.2,320.9,bench-host-01,peer-scaling-2025-10
PEER-08-R8,8,881328,77,1e487f18dc6e0810c28add6f,2025-10-07T05:32:45+01:00,1146.7,311.8,bench-host-01,peer-scaling-2025-10
PEER-08-R8,8,881328,78,4eb9773cd1c55d1c9fcaeaa6,2025-10-07T05:32:46+01:00,1219.3,315.4,bench-host-01,peer-scaling-2025-10
PEER-08-R8,8,881328,79,1b1bbd7338981ed9169b3b77,2025-10-07T05:32:46+01:00,1161.6,315.1,bench-host-01,peer-scaling-2025-10
PEER-08-R8,8,881328,80,4d918ef106a0d77dfb8fe8b3,2025-10-07T05:32:47+01:00,1120.2,322.2,bench-host-01,peer-scaling-2025-10
PEER-08-R8,8,881328,81,aee4622eb291d738bd4a9678,2025-10-07T05:32:48+01:00,1187.9,315.8,bench-host-01,peer-scaling-2025-10
PEER-08-R8,8,881328,82,29e5fdd30b8ad5acc4ef58be,2025-10-07T05:32:48+01:00,1139.1,317.7,bench-host-01,peer-scaling-2025-10
PEER-08-R8,8,881328,83,950f7712ee383ec989a66d07,2025-10-07T05:32:49+01:00,1118.4,324.5,bench-host-01,peer-scaling-2025-10
PEER-08-R8,8,881329,84,f632d6bdeb7a0b6628c5f55e,2025-10-07T05:32:49+01:00,1124.8,322.8,bench-host-01,peer-scaling-2025-10
PEER-08-R8,8,881329,85,36086b90c62f3ddbd13a01a6,2025-10-07T05:32:50+01:00,1194.9,314.9,bench-host-01,peer-scaling-2025-10
PEER-08-R8,8,881329,86,f1eea7541dac9eb3e9bed551,2025-10-07T05:32:50+01:00,1234.4,324.0,bench-host-01,peer-scaling-2025-10
PEER-08-R8,8,881329,87,9951a0bbe45cade10a81ee9b,2025-10-07T05:32:51+01:00,1098.9,316.9,bench-host-01,peer-scaling-2025-10
PEER-08-R8,8,881330,88,f93c7cb1b2a3a3f02ba2a9d4,2025-10-07T05:32:52+01:00,1146.9,321.7,bench-host-01,peer-scaling-2025-10
PEER-08-R8,8,881330,89,dc6d9a479dbd7d532c2f75bd,2025-10-07T05:32:52+01:00,1110.6,320.9,bench-host-01,peer-scaling-2025-10
PEER-08-R8,8,881330,90,fe69be983dc49d7c26597994,2025-10-07T05:32:53+01:00,1160.3,324.4,bench-host-01,peer-scaling-2025-10
PEER-08-R8,8,881330,91,45b4e11d3ef07792d1415a2e,2025-10-07T05:32:53+01:00,1126.2,312.4,bench-host-01,peer-scaling-2025-10
PEER-08-R8,8,881330,92,3e6774204a90a07f9196cb2f,2025-10-07T05:32:54+01:00,1097.7,323.4,bench-host-01,peer-scaling-2025-10
PEER-08-R8,8,881330,93,9cfcbbd76a41975715915ef0,2025-10-07T05:32:54+01:00,1187.8,325.1,bench-host-01,peer-scaling-2025-10
PEER-08-R8,8,881330,94,b6ce8cc4746dd176d33d051b,2025-10-07T05:32:55+01:00,1194.9,320.4,bench-host-01,peer-scaling-2025-10
PEER-08-R8,8,881330,95,275b451e4e06e34e6127911a,2025-10-07T05:32:56+01:00,1159.5,322.8,bench-host-01,peer-scaling-2025-10
PEER-08-R8,8,881330,96,93e11c73ed9361882df74b56,2025-10-07T05:32:56+01:00,1097.1,315.0,bench-host-01,peer-scaling-2025-10
PEER-08-R8,8,881330,97,a8d517142d98a1fe88787be8,2025-10-07T05:32:57+01:00,1108.5,321.1,bench-host-01,peer-scaling-2025-10
PEER-08-R8,8,881331,98,744f27196ce799bf39b4f138,2025-10-07T05:32:57+01:00,1123.9,325.0,bench-host-01,peer-scaling-2025-10
PEER-08-R8,8,881331,99,5fa7a50b88e2680a94b87d44,2025-10-07T05:32:58+01:00,1156.0,325.2,bench-host-01,peer-scaling-2025-10
PEER-08-R8,8,881332,100,386e2f54fa7cfc6b9cebccdd,2025-10-07T05:32:58+01:00,1225.7,326.0,bench-host-01,peer-scaling-2025-10
PEER-08-R8,8,881332,101,25e1ed5fe1d5e5a161512a65,2025-10-07T05:32:59+01:00,1093.7,324.0,bench-host-01,peer-scaling-2025-10
PEER-08-R8,8,881332,102,bf67cb6680418f45ca43ef97,2025-10-07T05:33:00+01:00,1230.1,317.6,bench-host-01,peer-scaling-2025-10
PEER-08-R8,8,881332,103,8ec0b98dedbfc4c3a9b53ad9,2025-10-07T05:33:00+01:00,1147.5,319.1,bench-host-01,peer-scaling-2025-10
PEER-08-R8,8,881332,104,c60ee779cfcd2b8450694385,2025-10-07T05:33:01+01:00,1087.9,321.0,bench-host-01,peer-scaling-2025-10
PEER-08-R8,8,881332,105,c888f15852138116978b4fb5,2025-10-07T05:33:01+01:00,1175.5,313.4,bench-host-01,peer-scaling-2025-10
PEER-08-R8,8,881332,106,16e40f586fe311fa34da72d2,2025-10-07T05:33:02+01:00,1159.3,322.9,bench-host-01,peer-scaling-2025-10
PEER-08-R8,8,881332,107,01c4b249a5e4646fe447653c,2025-10-07T05:33:02+01:00,1124.0,319.5,bench-host-01,peer-scaling-2025-10
PEER-08-R8,8,881332,108,e9812ae5023375acba0bbaa0,2025-10-07T05:33:03+01:00,1088.3,320.2,bench-host-01,peer-scaling-2025-10
PEER-08-R8,8,881332,109,aff5ce9f21f80b02ba52cf33,2025-10-07T05:33:04+01:00,1179.2,312.8,bench-host-01,peer-scaling-2025-10
PEER-08-R8,8,881332,110,a209225f403a637fe1ee0410,2025-10-07T05:33:04+01:00,1190.1,314.4,bench-host-01,peer-scaling-2025-10
PEER-08-R8,8,881332,111,10d5703616f7effff9a90f75,2025-10-07T05:33:05+01:00,1184.8,319.0,bench-host-01,peer-scaling-2025-10
PEER-08-R8,8,881332,112,843d3ba3fe0818f7a5769110,2025-10-07T05:33:05+01:00,1142.1,322.0,bench-host-01,peer-scaling-2025-10
PEER-08-R8,8,881332,113,46c77c40dc6d48f49d8621f4,2025-10-07T05:33:06+01:00,1098.1,322.2,bench-host-01,peer-scaling-2025-10
PEER-08-R8,8,881332,114,31d816a5f00d7ff1ab7feee6,2025-10-07T05:33:06+01:00,1171.6,322.8,bench-host-01,peer-scaling-2025-10
PEER-08-R8,8,881332,115,5354355f8860896da5b5e7c1,2025-10-07T05:33:07+01:00,1153.4,321.3,bench-host-01,peer-scaling-2025-10
PEER-08-R8,8,881332,116,062c09901ff4fb95730bbb18,2025-10-07T05:33:08+01:00,1174.7,315.7,bench-host-01,peer-scaling-2025-10
PEER-08-R8,8,881332,117,e27c04205a7fc1df4c730c73,2025-10-07T05:33:08+01:00,1134.3,314.7,bench-host-01,peer-scaling-2025-10
PEER-08-R8,8,881332,118,6183f2aece8f08d293ccd84d,2025-10-07T05:33:09+01:00,1099.8,319.4,bench-host-01,peer-scaling-2025-10
PEER-08-R8,8,881332,119,e12fa133b0fcbcc7e80ea8e8,2025-10-07T05:33:09+01:00,1197.7,327.1,bench-host-01,peer-scaling-2025-10
PEER-08-R8,8,881333,120,27efd7e5c13c8bdfaff31069,2025-10-07T05:33:10+01:00,1156.5,321.9,bench-host-01,peer-scaling-2025-10
PEER-08-R8,8,881334,121,ad571e69d5c7658fcaf9f806,2025-10-07T05:33:11+01:00,1213.0,321.3,bench-host-01,peer-scaling-2025-10
PEER-08-R8,8,881334,122,a76e240b51a085727edc6846,2025-10-07T05:33:11+01:00,1104.3,323.8,bench-host-01,peer-scaling-2025-10
PEER-08-R8,8,881334,123,a1c316e2b78d04a98eba8c99,2025-10-07T05:33:12+01:00,1173.6,323.2,bench-host-01,peer-scaling-2025-10
PEER-08-R8,8,881334,124,f5e99ab9c5710936d8edfdbc,2025-10-07T05:33:12+01:00,1097.1,318.8,bench-host-01,peer-scaling-2025-10
PEER-08-R8,8,881334,125,f22e31edf47c5b5f86ddc140,2025-10-07T05:33:13+01:00,1193.7,321.4,bench-host-01,peer-scaling-2025-10
PEER-08-R8,8,881334,126,d87618183da3d4b1e55a2244,2025-10-07T05:33:13+01:00,1176.8,332.9,bench-host-01,peer-scaling-2025-10
PEER-08-R8,8,881334,127,760747a287783ef9cd29b62b,2025-10-07T05:33:14+01:00,1302.3,323.5,bench-host-01,peer-scaling-2025-10
PEER-08-R8,8,881334,128,0a5d9a494fc4f6b59fe4837e,2025-10-07T05:33:15+01:00,1171.1,313.7,bench-host-01,peer-scaling-2025-10
PEER-08-R8,8,881334,129,0a5c5bdee4136da7f104c93a,2025-10-07T05:33:15+01:00,1142.9,323.9,bench-host-01,peer-scaling-2025-10
PEER-04-R8,4,388478,0,6ad8fe0fafdff80d1e59f7a4,2025-10-07T10:33:16+01:00,1274.8,322.5,bench-host-01,peer-scaling-2025-10
PEER-04-R8,4,388478,1,c79e07858ce5e6e46a35dca3,2025-10-07T10:33:16+01:00,1119.4,329.6,bench-host-01,peer-scaling-2025-10
PEER-04-R8,4,388478,2,229eae67e7577a318b950e02,2025-10-07T10:33:17+01:00,1268.6,317.4,bench-host-01,peer-scaling-2025-10
PEER-04-R8,4,388478,3,0fade4bac3ae07659f02e317,2025-10-07T10:33:17+01:00,1241.0,325.9,bench-host-01,peer-scaling-2025-10
PEER-04-R8,4,388478,4,7f6f506a2b8ff7332785e805,2025-10-07T10:33:18+01:00,1193.6,325.6,bench-host-01,peer-scaling-2025-10
PEER-04-R8,4,388478,5,866d0067f41b21572c3165f1,2025-10-07T10:33:19+01:00,1189.2,329.0,bench-host-01,peer-scaling-2025-10
PEER-04-R8,4,388478,6,aabe9255399e63966267ac75,2025-10-07T10:33:19+01:00,1256.1,333.3,bench-host-01,peer-scaling-2025-10
PEER-04-R8,4,388478,7,c9b3a67b83037f78c479a57d,2025-10-07T10:33:20+01:00,1196.4,318.8,bench-host-01,peer-scaling-2025-10
PEER-04-R8,4,388478,8,4e05ec6c67b0b25325b4b015,2025-10-07T10:33:21+01:00,1198.4,324.1,bench-host-01,peer-scaling-2025-10
PEER-04-R8,4,388478,9,12a45685d01732c0984e8f62,2025-10-07T10:33:21+01:00,1159.3,323.7,bench-host-01,peer-scaling-2025-10
PEER-04-R8,4,388478,10,4a617d79039489f427ce256c,2025-10-07T10:33:22+01:00,1264.3,313.7,bench-host-01,peer-scaling-2025-10
PEER-04-R8,4,388478,11,45692de050acd5c7d473d174,2025-10-07T10:33:22+01:00,1223.4,315.7,bench-host-01,peer-scaling-2025-10
PEER-04-R8,4,388478,12,5ffcbb0dd9921369e642c698,2025-10-07T10:33:23+01:00,1211.9,330.0,bench-host-01,peer-scaling-2025-10
PEER-04-R8,4,388478,13,c8fa46de8c74e96a116d2349,2025-10-07T10:33:24+01:00,1193.7,318.8,bench-host-01,peer-scaling-2025-10
PEER-04-R8,4,388478,14,c85a598a6a0fd96abbae7623,2025-10-07T10:33:24+01:00,1306.2,313.5,bench-host-01,peer-scaling-2025-10
PEER-04-R8,4,388479,15,13f37bc0af6100bd1a875c8b,2025-10-07T10:33:25+01:00,1213.2,319.7,bench-host-01,peer-scaling-2025-10
PEER-04-R8,4,388479,16,051f3e5216dbef9e6de32043,2025-10-07T10:33:25+01:00,1231.9,318.7,bench-host-01,peer-scaling-2025-10
PEER-04-R8,4,388479,17,ccb57e2ca2ebaba323e936fb,2025-10-07T10:33:26+01:00,1275.6,325.6,bench-host-01,peer-scaling-2025-10
PEER-04-R8,4,388479,18,bd211b7ddea4f5a1a4286163,2025-10-07T10:33:27+01:00,1074.9,321.5,bench-host-01,peer-scaling-2025-10
PEER-04-R8,4,388479,19,39d57a97db8ad468f762c97b,2025-10-07T10:33:27+01:00,1239.1,322.4,bench-host-01,peer-scaling-2025-10
PEER-04-R8,4,388479,20,638e4058e8272468394e9479,2025-10-07T10:33:28+01:00,1287.3,330.1,bench-host-01,peer-scaling-2025-10
PEER-04-R8,4,388479,21,7f02b0ccb793b3b51a624663,2025-10-07T10:33:28+01:00,1187.7,319.6,bench-host-01,peer-scaling-2025-10
PEER-04-R8,4,388479,22,3818247c922aa256375d47a6,2025-10-07T10:33:29+01:00,1261.4,316.8,bench-host-01,peer-scaling-2025-10
PEER-04-R8,4,388479,23,96676cdb9c4b5fb012909f31,2025-10-07T10:33:30+01:00,1248.0,323.5,bench-host-01,peer-scaling-2025-10
PEER-04-R8,4,388479,24,748dde0dd6bc3ee90010c680,2025-10-07T10:33:30+01:00,1205.2,319.7,bench-host-01,peer-scaling-2025-10
PEER-04-R8,4,388479,25,26437ce38b703defea416563,2025-10-07T10:33:31+01:00,1260.8,334.5,bench-host-01,peer-scaling-2025-10
PEER-04-R8,4,388479,26,ec3b5fc9860cb25baf759fbd,2025-10-07T10:33:31+01:00,1153.3,315.1,bench-host-01,peer-scaling-2025-10
PEER-04-R8,4,388479,27,5fa0fb7f5007ac90c8d72381,2025-10-07T10:33:32+01:00,1212.2,324.1,bench-host-01,peer-scaling-2025-10
PEER-04-R8,4,388479,28,f673f41826b228eb13b70b53,2025-10-07T10:33:33+01:00,1179.2,328.4,bench-host-01,peer-scaling-2025-10
PEER-04-R8,4,388479,29,ca59a0ad7ab72fec901ba512,2025-10-07T10:33:33+01:00,1227.7,329.3,bench-host-01,peer-scaling-2025-10
PEER-04-R8,4,388480,30,a94dbdb620ee16c80a016a19,2025-10-07T10:33:34+01:00,1111.0,313.3,bench-host-01,peer-scaling-2025-10
PEER-04-R8,4,388480,31,e0b39778974230117295f2ee,2025-10-07T10:33:34+01:00,1240.0,324.2,bench-host-01,peer-scaling-2025-10
PEER-04-R8,4,388481,32,f66bece36cc7e299a0cd6515,2025-10-07T10:33:35+01:00,1208.1,317.3,bench-host-01,peer-scaling-2025-10
PEER-04-R8,4,388481,33,5c198021ccd8fa43e65a3ca2,2025-10-07T10:33:36+01:00,1194.8,316.3,bench-host-01,peer-scaling-2025-10
PEER-04-R8,4,388481,34,7b1a459c01251054fcbb5804,2025-10-07T10:33:36+01:00,1254.9,330.7,bench-host-01,peer-scaling-2025-10
PEER-04-R8,4,388481,35,54b8982ceaa73e414a8e2740,2025-10-07T10:33:37+01:00,1313.5,322.4,bench-host-01,peer-scaling-2025-10
PEER-04-R8,4,388481,36,0df67a39190093be911fd25e,2025-10-07T10:33:37+01:00,1169.8,315.4,bench-host-01,peer-scaling-2025-10
PEER-04-R8,4,388481,37,0f5fe62c5a595b7761da14b1,2025-10-07T10:33:38+01:00,1207.6,329.5,bench-host-01,peer-scaling-2025-10
PEER-04-R8,4,388481,38,7ab8e113caddfdfe369a3d70,2025-10-07T10:33:39+01:00,1261.6,324.4,bench-host-01,peer-scaling-2025-10
PEER-04-R8,4,388481,39,342804154b91eb4c3a848e49,2025-10-07T10:33:39+01:00,1213.5,317.3,bench-host-01,peer-scaling-2025-10
PEER-04-R8,4,388481,40,0655ea6c8c8b1570423bcddc,2025-10-07T10:33:40+01:00,1237.9,317.2,bench-host-01,peer-scaling-2025-10
PEER-04-R8,4,388481,41,fe6df33b0c30a03e8fefc130,2025-10-07T10:33:40+01:00,1224.6,323.6,bench-host-01,peer-scaling-2025-10
PEER-04-R8,4,388481,42,d70350952cc1d4e05327fe8c,2025-10-07T10:33:41+01:00,1175.8,314.6,bench-host-01,peer-scaling-2025-10
PEER-04-R8,4,388481,43,c80c76fb22b9b820fc09f218,2025-10-07T10:33:42+01:00,1205.1,321.2,bench-host-01,peer-scaling-2025-10
PEER-04-R8,4,388481,44,a47946d4237a03fa6c5170d2,2025-10-07T10:33:42+01:00,1224.1,322.7,bench-host-01,peer-scaling-2025-10
PEER-04-R8,4,388481,45,f77f0145fc834e51d028d26f,2025-10-07T10:33:43+01:00,1317.0,321.7,bench-host-01,peer-scaling-2025-10
PEER-04-R8,4,388481,46,3e13491b532de794e2d60f20,2025-10-07T10:33:43+01:00,1280.4,318.0,bench-host-01,peer-scaling-2025-10
PEER-04-R8,4,388481,47,bc8732e0780d93f1b59888d5,2025-10-07T10:33:44+01:00,1165.0,320.5,bench-host-01,peer-scaling-2025-10
PEER-04-R8,4,388481,48,54087c7e7260ffe42bc316cc,2025-10-07T10:33:45+01:00,1311.0,318.7,bench-host-01,peer-scaling-2025-10
PEER-04-R8,4,388481,49,9a3e5e3cba63029837332a71,2025-10-07T10:33:45+01:00,1153.4,327.0,bench-host-01,peer-scaling-2025-10
PEER-04-R8,4,388481,50,446a0e09f06ca690ed275166,2025-10-07T10:33:46+01:00,1172.4,323.4,bench-host-01,peer-scaling-2025-10
PEER-04-R8,4,388481,51,2cb625d81626acd759f3c2d5,2025-10-07T10:33:46+01:00,1245.6,318.2,bench-host-01,peer-scaling-2025-10
PEER-04-R8,4,388481,52,ca3576ec6c3f345846341bb8,2025-10-07T10:33:47+01:00,1154.6,313.7,bench-host-01,peer-scaling-2025-10
PEER-04-R8,4,388481,53,38927242a06c1a1965c8196e,2025-10-07T10:33:48+01:00,1244.1,321.4,bench-host-01,peer-scaling-2025-10
PEER-04-R8,4,388482,54,4df34aff23ebd6e4f65f08c3,2025-10-07T10:33:48+01:00,1123.6,322.8,bench-host-01,peer-scaling-2025-10
PEER-04-R8,4,388482,55,6e8a1ff553cb3402a0973005,2025-10-07T10:33:49+01:00,1236.0,310.3,bench-host-01,peer-scaling-2025-10
PEER-04-R8,4,388483,56,fbd6a6e26ab96a287a2523cb,2025-10-07T10:33:49+01:00,1163.5,317.5,bench-host-01,peer-scaling-2025-10
PEER-04-R8,4,388483,57,460096dcc90b50e3ce620838,2025-10-07T10:33:50+01:00,1220.3,326.9,bench-host-01,peer-scaling-2025-10
PEER-04-R8,4,388483,58,7af01ce1de0da38138c567d8,2025-10-07T10:33:51+01:00,1225.8,315.6,bench-host-01,peer-scaling-2025-10
PEER-04-R8,4,388483,59,dcbf68cf7fe0d31b93c4a0f1,2025-10-07T10:33:51+01:00,1112.7,318.7,bench-host-01,peer-scaling-2025-10
PEER-04-R8,4,388483,60,e5999f64477b69a22a207c47,2025-10-07T10:33:52+01:00,1167.3,312.5,bench-host-01,peer-scaling-2025-10
PEER-04-R8,4,388483,61,f5ffa477ded62e73cc3997ac,2025-10-07T10:33:52+01:00,1233.9,320.2,bench-host-01,peer-scaling-2025-10
PEER-04-R8,4,388483,62,a86a9045c143c02c26940092,2025-10-07T10:33:53+01:00,1205.3,319.1,bench-host-01,peer-scaling-2025-10
PEER-04-R8,4,388483,63,8f9d8c17b118dbcf752fef4f,2025-10-07T10:33:54+01:00,1247.2,320.2,bench-host-01,peer-scaling-2025-10
PEER-04-R8,4,388483,64,58008ba3c8627dd751f98844,2025-10-07T10:33:54+01:00,1105.5,313.4,bench-host-01,peer-scaling-2025-10
PEER-04-R8,4,388484,65,1d71c2ca2ea234a19146298f,2025-10-07T10:33:55+01:00,1162.3,319.4,bench-host-01,peer-scaling-2025-10
PEER-04-R8,4,388484,66,7d55bcc881df44eb9168980b,2025-10-07T10:33:55+01:00,1281.3,315.8,bench-host-01,peer-scaling-2025-10
PEER-04-R8,4,388484,67,7461e6b3a2b9a3cb22fe76f1,2025-10-07T10:33:56+01:00,1157.9,322.6,bench-host-01,peer-scaling-2025-10
PEER-04-R8,4,388484,68,869f8b84265fbdf9ae545fe8,2025-10-07T10:33:57+01:00,1137.3,322.5,bench-host-01,peer-scaling-2025-10
PEER-04-R8,4,388484,69,12d8f10ffd4500c5a38f282c,2025-10-07T10:33:57+01:00,1222.1,309.9,bench-host-01,peer-scaling-2025-10
PEER-04-R8,4,388484,70,827f655c3638fd79076dc8ab,2025-10-07T10:33:58+01:00,1207.3,315.9,bench-host-01,peer-scaling-2025-10
PEER-04-R8,4,388484,71,55327deb0252f7bb8ccad27d,2025-10-07T10:33:58+01:00,1122.8,321.9,bench-host-01,peer-scaling-2025-10
PEER-04-R8,4,388485,72,b5612e957c0bde198b09460b,2025-10-07T10:33:59+01:00,1221.7,316.4,bench-host-01,peer-scaling-2025-10
PEER-04-R8,4,388485,73,4c84326aee5537f7ccd24915,2025-10-07T10:34:00+01:00,1169.2,326.4,bench-host-01,peer-scaling-2025-10
PEER-04-R8,4,388485,74,2d53b5ca2902b5c4e30c23c1,2025-10-07T10:34:00+01:00,1178.8,310.1,bench-host-01,peer-scaling-2025-10
PEER-04-R8,4,388485,75,518227fb381eb5cb3fbfb272,2025-10-07T10:34:01+01:00,1179.4,320.0,bench-host-01,peer-scaling-2025-10
PEER-04-R8,4,388485,76,6ae80b30e2d3b90698ae9549,2025-10-07T10:34:01+01:00,1120.1,325.1,bench-host-01,peer-scaling-2025-10
PEER-04-R8,4,388485,77,6d8db1955b671b495a0754cc,2025-10-07T10:34:02+01:00,1199.6,322.9,bench-host-01,peer-scaling-2025-10
PEER-04-R8,4,388485,78,3b5afdf56370962e20cf20a6,2025-10-07T10:34:03+01:00,1176.1,315.0,bench-host-01,peer-scaling-2025-10
PEER-04-R8,4,388485,79,e2164d9db4d4907a5889d30b,2025-10-07T10:34:03+01:00,1237.5,326.7,bench-host-01,peer-scaling-2025-10
PEER-04-R8,4,388485,80,ae3ed054f335e7f3c2c90d6f,2025-10-07T10:34:04+01:00,1257.7,320.1,bench-host-01,peer-scaling-2025-10
PEER-04-R8,4,388485,81,ed1e3d97ef92f7f76685c084,2025-10-07T10:34:04+01:00,1175.1,318.9,bench-host-01,peer-scaling-2025-10
PEER-04-R8,4,388485,82,770cbb89968b0122d2714a89,2025-10-07T10:34:05+01:00,1182.0,318.1,bench-host-01,peer-scaling-2025-10
PEER-04-R8,4,388485,83,31deae6213aba5c18e9e3cbb,2025-10-07T10:34:06+01:00,1218.2,324.0,bench-host-01,peer-scaling-2025-10
PEER-04-R8,4,388485,84,ad8d52d186fdf393c3dd7b59,2025-10-07T10:34:06+01:00,1239.6,326.9,bench-host-01,peer-scaling-2025-10
PEER-04-R8,4,388485,85,e53a1620dbecbca4261bcd56,2025-10-07T10:34:07+01:00,1154.3,327.1,bench-host-01,peer-scaling-2025-10
PEER-04-R8,4,388485,86,909de3cd3663cd3af0277281,2025-10-07T10:34:07+01:00,1154.8,319.6,bench-host-01,peer-scaling-2025-10
PEER-04-R8,4,388485,87,2f1d8a114a161e2bd362e10c,2025-10-07T10:34:08+01:00,1171.8,323.5,bench-host-01,peer-scaling-2025-10
PEER-04-R8,4,388486,88,c54b3a728cedb15b7fda9a6e,2025-10-07T10:34:09+01:00,1163.8,322.9,bench-host-01,peer-scaling-2025-10
PEER-04-R8,4,388486,89,039cab862f5a7b47c11647e3,2025-10-07T10:34:09+01:00,1127.1,319.4,bench-host-01,peer-scaling-2025-10
PEER-04-R8,4,388486,90,8fd20453bb5acade74810227,2025-10-07T10:34:10+01:00,1170.6,310.9,bench-host-01,peer-scaling-2025-10
PEER-04-R8,4,388486,91,3cb90cc4c48be74ba5e9e61c,2025-10-07T10:34:11+01:00,1167.4,325.6,bench-host-01,peer-scaling-2025-10
PEER-04-R8,4,388486,92,06153ecab99a2a79ca4d416f,2025-10-07T10:34:11+01:00,1182.3,320.8,bench-host-01,peer-scaling-2025-10
PEER-04-R8,4,388486,93,8b99f99a4b61e9c3d4c04d5d,2025-10-07T10:34:12+01:00,1198.3,321.7,bench-host-01,peer-scaling-2025-10
PEER-04-R8,4,388486,94,69cd0263037f9b8cdf423e02,2025-10-07T10:34:12+01:00,1120.1,328.8,bench-host-01,peer-scaling-2025-10
PEER-04-R8,4,388486,95,21f3234bdc707cf6be67ca18,2025-10-07T10:34:13+01:00,1312.7,326.5,bench-host-01,peer-scaling-2025-10
PEER-04-R8,4,388486,96,c25e7cfaf5ae7aeb5c874bdf,2025-10-07T10:34:14+01:00,1144.0,312.4,bench-host-01,peer-scaling-2025-10
PEER-04-R8,4,388486,97,f09df0493c657b38c1aa340a,2025-10-07T10:34:14+01:00,1226.1,313.4,bench-host-01,peer-scaling-2025-10
PEER-04-R8,4,388486,98,bc6d7bf44fc7f9ced84558a0,2025-10-07T10:34:15+01:00,1202.1,333.7,bench-host-01,peer-scaling-2025-10
PEER-04-R8,4,388486,99,74c6fbee054745766b63985a,2025-10-07T10:34:15+01:00,1168.4,316.5,bench-host-01,peer-scaling-2025-10
PEER-04-R8,4,388486,100,a1aa95e70e49b18044f975bf,2025-10-07T10:34:16+01:00,1203.5,323.8,bench-host-01,peer-scaling-2025-10
PEER-04-R8,4,388486,101,ffb5879dbf78dec0c3026280,2025-10-07T10:34:17+01:00,1230.8,323.1,bench-host-01,peer-scaling-2025-10
PEER-04-R8,4,388486,102,c927f4f386520a58fe4f075a,2025-10-07T10:34:17+01:00,1176.3,329.9,bench-host-01,peer-scaling-2025-10
PEER-04-R8,4,388486,103,63a9990bdb1e5e205a4df5a6,2025-10-07T10:34:18+01:00,1174.2,321.2,bench-host-01,peer-scaling-2025-10
PEER-04-R8,4,388487,104,df2ec0e0cf356c60301060e5,2025-10-07T10:34:18+01:00,1254.8,315.4,bench-host-01,peer-scaling-2025-10
PEER-04-R8,4,388487,105,46f24451b9bb4d732c4e6465,2025-10-07T10:34:19+01:00,1152.0,323.3,bench-host-01,peer-scaling-2025-10
PEER-04-R8,4,388487,106,049f8821b46c9dd24c53915c,2025-10-07T10:34:20+01:00,1219.9,320.6,bench-host-01,peer-scaling-2025-10
PEER-04-R8,4,388487,107,5ceb23fd45c72fea70e7a5a5,2025-10-07T10:34:20+01:00,1244.1,319.5,bench-host-01,peer-scaling-2025-10
PEER-04-R8,4,388487,108,4fad8f0731f1e0e608703448,2025-10-07T10:34:21+01:00,1189.8,323.0,bench-host-01,peer-scaling-2025-10
PEER-04-R8,4,388487,109,6dabe1ea989927b145926039,2025-10-07T10:34:21+01:00,1176.7,326.2,bench-host-01,peer-scaling-2025-10
PEER-04-R8,4,388488,110,ab08d86d8b86c6293751c473,2025-10-07T10:34:22+01:00,1221.6,323.0,bench-host-01,peer-scaling-2025-10
PEER-04-R8,4,388488,111,cda402955e2e31d93ce4fb8a,2025-10-07T10:34:23+01:00,1136.9,317.9,bench-host-01,peer-scaling-2025-10
PEER-04-R8,4,388488,112,5f717ba796aff929b2dc1806,2025-10-07T10:34:23+01:00,1153.4,325.0,bench-host-01,peer-scaling-2025-10
PEER-04-R8,4,388488,113,35e262e27c7ce9a6e7ea8315,2025-10-07T10:34:24+01:00,1166.6,319.1,bench-host-01,peer-scaling-2025-10
PEER-04-R8,4,388488,114,c9408ff0def65ade43760518,2025-10-07T10:34:24+01:00,1180.8,322.1,bench-host-01,peer-scaling-2025-10
PEER-04-R8,4,388488,115,d34d853d638ba228985b49d1,2025-10-07T10:34:25+01:00,1171.8,330.8,bench-host-01,peer-scaling-2025-10
PEER-04-R8,4,388488,116,093138d299ef56c1f9396a31,2025-10-07T10:34:26+01:00,1242.1,335.4,bench-host-01,peer-scaling-2025-10
PEER-04-R8,4,388489,117,f561e1f940a3d0389b39bd37,2025-10-07T10:34:26+01:00,1208.3,318.2,bench-host-01,peer-scaling-2025-10
PEER-04-R8,4,388489,118,61b9210b203683de2fd48dea,2025-10-07T10:34:27+01:00,1202.9,319.0,bench-host-01,peer-scaling-2025-10
PEER-04-R8,4,388489,119,251bc65ec9213eae4daa45af,2025-10-07T10:34:27+01:00,1272.6,327.9,bench-host-01,peer-scaling-2025-10
PEER-04-R8,4,388490,120,67176b930ca97bdab809577d,2025-10-07T10:34:28+01:00,1182.3,327.2,bench-host-01,peer-scaling-2025-10
PEER-04-R8,4,388490,121,0d99c717e28d2529004948d8,2025-10-07T10:34:29+01:00,1233.5,321.3,bench-host-01,peer-scaling-2025-10
PEER-04-R8,4,388490,122,8853da2ec2b12de70a8a3252,2025-10-07T10:34:29+01:00,1277.7,322.2,bench-host-01,peer-scaling-2025-10
PEER-04-R8,4,388490,123,535ca3193b01e91dda529c2a,2025-10-07T10:34:30+01:00,1210.1,328.1,bench-host-01,peer-scaling-2025-10
PEER-04-R8,4,388490,124,c78a02fc30be2d79d2ce4017,2025-10-07T10:34:30+01:00,1303.0,320.7,bench-host-01,peer-scaling-2025-10
PEER-04-R8,4,388490,125,ab6ad0eff85d70a7ecdaf903,2025-10-07T10:34:31+01:00,1221.4,328.2,bench-host-01,peer-scaling-2025-10
PEER-04-R8,4,388490,126,ad7c588f35e15a5d6073f649,2025-10-07T10:34:32+01:00,1158.8,317.2,bench-host-01,peer-scaling-2025-10
PEER-04-R8,4,388490,127,1bfefcf88a947ee697e9a018,2025-10-07T10:34:32+01:00,1259.6,328.1,bench-host-01,peer-scaling-2025-10
PEER-04-R8,4,388490,128,9a03e61bea620593c1f892b5,2025-10-07T10:34:33+01:00,1259.0,331.8,bench-host-01,peer-scaling-2025-10
PEER-04-R8,4,388490,129,8590ccc75b5c6c268e9daf7e,2025-10-07T10:34:33+01:00,1246.1,318.6,bench-host-01,peer-scaling-2025-10
PEER-32-R8,32,498952,0,208a15f8dd6de8f36b2d6573,2025-10-07T15:34:34+01:00,798.1,313.1,bench-host-01,peer-scaling-2025-10
PEER-32-R8,32,498952,1,d34735b4e11bdb9d2bc9bd7b,2025-10-07T15:34:34+01:00,794.9,321.5,bench-host-01,peer-scaling-2025-10
PEER-32-R8,32,498952,2,ac213c19f707bc362bc8571f,2025-10-07T15:34:35+01:00,771.6,312.1,bench-host-01,peer-scaling-2025-10
PEER-32-R8,32,498952,3,69e3beda05def778f830c9f5,2025-10-07T15:34:35+01:00,801.8,318.4,bench-host-01,peer-scaling-2025-10
PEER-32-R8,32,498952,4,4d2880cc8cfbeb8dd0a37d14,2025-10-07T15:34:36+01:00,765.0,314.0,bench-host-01,peer-scaling-2025-10
PEER-32-R8,32,498952,5,a12c1964404340751ffdca16,2025-10-07T15:34:36+01:00,827.1,316.7,bench-host-01,peer-scaling-2025-10
PEER-32-R8,32,498952,6,7c4b615301616702bdc55a34,2025-10-07T15:34:36+01:00,856.4,315.9,bench-host-01,peer-scaling-2025-10
PEER-32-R8,32,498952,7,3a9ae46703ed11cfd43f1c6c,2025-10-07T15:34:37+01:00,755.7,317.8,bench-host-01,peer-scaling-2025-10
PEER-32-R8,32,498953,8,042f65a206d0774afe1c65a7,2025-10-07T15:34:37+01:00,850.4,320.1,bench-host-01,peer-scaling-2025-10
PEER-32-R8,32,498953,9,39df606bf39febc69155ace1,2025-10-07T15:34:38+01:00,715.6,319.9,bench-host-01,peer-scaling-2025-10
PEER-32-R8,32,498953,10,2ef146985039d91f4f564714,2025-10-07T15:34:38+01:00,882.4,324.8,bench-host-01,peer-scaling-2025-10
PEER-32-R8,32,498953,11,d75712289a9292fac224e7ee,2025-10-07T15:34:38+01:00,817.8,315.8,bench-host-01,peer-scaling-2025-10
PEER-32-R8,32,498953,12,a15eeb71d2eb7ed3d960168b,2025-10-07T15:34:39+01:00,793.8,317.9,bench-host-01,peer-scaling-2025-10
PEER-32-R8,32,498953,13,81d4d26225d84bd08f8e6cd3,2025-10-07T15:34:39+01:00,837.0,321.5,bench-host-01,peer-scaling-2025-10
PEER-32-R8,32,498953,14,34eea33ab9e363315d4a67c7,2025-10-07T15:34:40+01:00,886.5,324.7,bench-host-01,peer-scaling-2025-10
PEER-32-R8,32,498953,15,da08e13d76a1107d1745e8fc,2025-10-07T15:34:40+01:00,826.4,315.7,bench-host-01,peer-scaling-2025-10
PEER-32-R8,32,498953,16,7d5a8e1e449d65716c73726e,2025-10-07T15:34:40+01:00,843.6,316.2,bench-host-01,peer-scaling-2025-10
PEER-32-R8,32,498953,17,1987f3e386640446961dec3b,2025-10-07T15:34:41+01:00,886.1,319.7,bench-host-01,peer-scaling-2025-10
PEER-32-R8,32,498953,18,839c4815b013df376fee507b,2025-10-07T15:34:41+01:00,792.1,315.9,bench-host-01,peer-scaling-2025-10
PEER-32-R8,32,498953,19,d74dd373b7b6bf49c7d0a630,2025-10-07T15:34:42+01:00,802.6,312.3,bench-host-01,peer-scaling-2025-10
PEER-32-R8,32,498953,20,4f9a118e6d43825629f90e47,2025-10-07T15:34:42+01:00,701.4,316.7,bench-host-01,peer-scaling-2025-10
PEER-32-R8,32,498953,21,feef79738f55f9f395cc0eee,2025-10-07T15:34:43+01:00,732.3,315.1,bench-host-01,peer-scaling-2025-10
PEER-32-R8,32,498953,22,0bd236926ca5cf44b0888ff5,2025-10-07T15:34:43+01:00,914.1,310.3,bench-host-01,peer-scaling-2025-10
PEER-32-R8,32,498953,23,1e8f9a1016e32a9fef7478a9,2025-10-07T15:34:43+01:00,801.0,325.1,bench-host-01,peer-scaling-2025-10
PEER-32-R8,32,498953,24,b8c1452dc85dedd4d6546e1f,2025-10-07T15:34:44+01:00,842.8,316.0,bench-host-01,peer-scaling-2025-10
PEER-32-R8,32,498953,25,0efb15ddbb74e5d949bb1838,2025-10-07T15:34:44+01:00,802.9,315.1,bench-host-01,peer-scaling-2025-10
PEER-32-R8,32,498953,26,25b3a128ff7073e6446dd17d,2025-10-07T15:34:45+01:00,842.1,324.4,bench-host-01,peer-scaling-2025-10
PEER-32-R8,32,498953,27,ed37768f53a2e4045d61cb67,2025-10-07T15:34:45+01:00,795.9,325.8,bench-host-01,peer-scaling-2025-10
PEER-32-R8,32,498953,28,adcbaca684f8f44677de16a5,2025-10-07T15:34:45+01:00,968.1,316.2,bench-host-01,peer-scaling-2025-10
PEER-32-R8,32,498953,29,9013b6b373e5831d6835a2af,2025-10-07T15:34:46+01:00,789.9,311.7,bench-host-01,peer-scaling-2025-10
PEER-32-R8,32,498954,30,0193bcb0c4f083afe051afcb,2025-10-07T15:34:46+01:00,848.8,321.2,bench-host-01,peer-scaling-2025-10
PEER-32-R8,32,498954,31,e70a02177f67fec3b05080f2,2025-10-07T15:34:47+01:00,827.3,317.6,bench-host-01,peer-scaling-2025-10
PEER-32-R8,32,498954,32,0585ce9d991381f5a9b9b082,2025-10-07T15:34:47+01:00,799.9,313.7,bench-host-01,peer-scaling-2025-10
PEER-32-R8,32,498954,33,69b91b977ea49a576ce68b3b,2025-10-07T15:34:47+01:00,853.5,315.0,bench-host-01,peer-scaling-2025-10
PEER-32-R8,32,498954,34,fcefe119d94f2c7d80f691a8,2025-10-07T15:34:48+01:00,792.6,312.7,bench-host-01,peer-scaling-2025-10
PEER-32-R8,32,498954,35,71fa439a08f0c2ca4f715072,2025-10-07T15:34:48+01:00,823.7,317.6,bench-host-01,peer-scaling-2025-10
PEER-32-R8,32,498954,36,2d9b89e8bcc88ce460aef15a,2025-10-07T15:34:49+01:00,842.6,314.9,bench-host-01,peer-scaling-2025-10
PEER-32-R8,32,498954,37,23f411306d5cd58b796ec9e7,2025-10-07T15:34:49+01:00,748.4,310.0,bench-host-01,peer-scaling-2025-10
PEER-32-R8,32,498954,38,5200273958e3d542f23f7934,2025-10-07T15:34:49+01:00,678.1,323.5,bench-host-01,peer-scaling-2025-10
PEER-32-R8,32,498954,39,2816eeee803c3cc6e475e0f1,2025-10-07T15:34:50+01:00,883.5,322.1,bench-host-01,peer-scaling-2025-10
PEER-32-R8,32,498954,40,5e9ffaec12cef5856b413315,2025-10-07T15:34:50+01:00,818.5,319.2,bench-host-01,peer-scaling-2025-10
PEER-32-R8,32,498954,41,4831beaabf6b9470159074b4,2025-10-07T15:34:51+01:00,786.1,318.4,bench-host-01,peer-scaling-2025-10
PEER-32-R8,32,498954,42,119b0c3162e82a8795521c97,2025-10-07T15:34:51+01:00,799.0,313.1,bench-host-01,peer-scaling-2025-10
PEER-32-R8,32,498954,43,61ef2811fa4825560318fbe9,2025-10-07T15:34:51+01:00,785.8,303.8,bench-host-01,peer-scaling-2025-10
PEER-32-R8,32,498954,44,b94b47e2dc36267cf8b90b44,2025-10-07T15:34:52+01:00,729.8,310.7,bench-host-01,peer-scaling-2025-10
PEER-32-R8,32,498954,45,dc1158af7da41cb2cbd968ac,2025-10-07T15:34:52+01:00,793.6,315.5,bench-host-01,peer-scaling-2025-10
PEER-32-R8,32,498954,46,5a8ac904080e47c758e2cac4,2025-10-07T15:34:53+01:00,704.9,319.4,bench-host-01,peer-scaling-2025-10
PEER-32-R8,32,498954,47,fa0bf260bda661e901990fea,2025-10-07T15:34:53+01:00,850.2,314.9,bench-host-01,peer-scaling-2025-10
PEER-32-R8,32,498954,48,de536b2c4c84616ce534a859,2025-10-07T15:34:53+01:00,927.7,313.0,bench-host-01,peer-scaling-2025-10
PEER-32-R8,32,498954,49,4ee62e60fa6435a019e66da0,2025-10-07T15:34:54+01:00,786.8,309.3,bench-host-01,peer-scaling-2025-10
PEER-32-R8,32,498954,50,ee9541bcf7319fbfff0c20e3,2025-10-07T15:34:54+01:00,896.4,315.6,bench-host-01,peer-scaling-2025-10
PEER-32-R8,32,498954,51,119324b59d9b6da5cc97dfe9,2025-10-07T15:34:55+01:00,736.7,316.1,bench-host-01,peer-scaling-2025-10
PEER-32-R8,32,498954,52,097bd4b1c07e7586d7a32f0f,2025-10-07T15:34:55+01:00,887.9,318.6,bench-host-01,peer-scaling-2025-10
PEER-32-R8,32,498954,53,d73998ad1fbba4b624f17940,2025-10-07T15:34:56+01:00,770.9,321.8,bench-host-01,peer-scaling-2025-10
PEER-32-R8,32,498954,54,2aab21240e74ef91d1f7533c,2025-10-07T15:34:56+01:00,869.4,317.2,bench-host-01,peer-scaling-2025-10
PEER-32-R8,32,498954,55,f98670c10925bf3c3ce835d9,2025-10-07T15:34:56+01:00,730.9,317.9,bench-host-01,peer-scaling-2025-10
PEER-32-R8,32,498954,56,7d3e3e04054a30b97a880c83,2025-10-07T15:34:57+01:00,789.7,327.8,bench-host-01,peer-scaling-2025-10
PEER-32-R8,32,498954,57,dad8db905a98f79e93187ba2,2025-10-07T15:34:57+01:00,822.4,314.2,bench-host-01,peer-scaling-2025-10
PEER-32-R8,32,498954,58,75b2248af94ed5285b28c3ff,2025-10-07T15:34:58+01:00,844.1,323.4,bench-host-01,peer-scaling-2025-10
PEER-32-R8,32,498954,59,d5731a834a1d8562e255a449,2025-10-07T15:34:58+01:00,801.1,312.8,bench-host-01,peer-scaling-2025-10
PEER-32-R8,32,498954,60,7ac56e6a54f7e80b53e36480,2025-10-07T15:34:58+01:00,770.2,313.5,bench-host-01,peer-scaling-2025-10
PEER-32-R8,32,498954,61,099c01597491e7ddad45b04b,2025-10-07T15:34:59+01:00,841.4,316.1,bench-host-01,peer-scaling-2025-10
PEER-32-R8,32,498954,62,e8ab0588d70b3f5f49e42ff6,2025-10-07T15:34:59+01:00,654.5,320.2,bench-host-01,peer-scaling-2025-10
PEER-32-R8,32,498955,63,5f39a1f5d594cd3f4d9f374a,2025-10-07T15:35:00+01:00,868.4,313.5,bench-host-01,peer-scaling-2025-10
PEER-32-R8,32,498955,64,c1c3fb30d49f85cbe9790419,2025-10-07T15:35:00+01:00,815.7,320.7,bench-host-01,peer-scaling-2025-10
PEER-32-R8,32,498955,65,a4153a97b11dbc93e3b1c14b,2025-10-07T15:35:00+01:00,708.9,320.8,bench-host-01,peer-scaling-2025-10
PEER-32-R8,32,498955,66,25deca8427a163fc7971f7c9,2025-10-07T15:35:01+01:00,763.6,314.1,bench-host-01,peer-scaling-2025-10
PEER-32-R8,32,498955,67,0ad2a19e0ac8cb7fa3a5a540,2025-10-07T15:35:01+01:00,820.9,319.2,bench-host-01,peer-scaling-2025-10
PEER-32-R8,32,498955,68,88fc96b1fe5921506492ac53,2025-10-07T15:35:02+01:00,830.9,317.4,bench-host-01,peer-scaling-2025-10
PEER-32-R8,32,498955,69,94969a5b0e9b1472a7edf3a5,2025-10-07T15:35:02+01:00,809.3,322.2,bench-host-01,peer-scaling-2025-10
PEER-32-R8,32,498955,70,7218df0ad1cf8659cf4e3538,2025-10-07T15:35:02+01:00,759.3,313.7,bench-host-01,peer-scaling-2025-10
PEER-32-R8,32,498955,71,d031ab162276f83567baeaa6,2025-10-07T15:35:03+01:00,682.9,307.9,bench-host-01,peer-scaling-2025-10
PEER-32-R8,32,498955,72,3be30ce001047f7d40614bf6,2025-10-07T15:35:03+01:00,830.7,313.6,bench-host-01,peer-scaling-2025-10
PEER-32-R8,32,498955,73,c34a29dea5e3b000cf8b8342,2025-10-07T15:35:04+01:00,789.8,313.3,bench-host-01,peer-scaling-2025-10
PEER-32-R8,32,498955,74,01cf95cd597c650adc680ec5,2025-10-07T15:35:04+01:00,795.7,318.0,bench-host-01,peer-scaling-2025-10
PEER-32-R8,32,498955,75,45f9044d3c44e83e0aa44be5,2025-10-07T15:35:04+01:00,804.4,316.5,bench-host-01,peer-scaling-2025-10
PEER-32-R8,32,498955,76,8b5ddc944b18c374a35f16a0,2025-10-07T15:35:05+01:00,844.5,317.4,bench-host-01,peer-scaling-2025-10
PEER-32-R8,32,498955,77,e88e383b39c291c78b62b0ab,2025-10-07T15:35:05+01:00,850.2,316.2,bench-host-01,peer-scaling-2025-10
PEER-32-R8,32,498955,78,67182ae3e1c6269eff01d04e,2025-10-07T15:35:06+01:00,811.2,310.7,bench-host-01,peer-scaling-2025-10
PEER-32-R8,32,498955,79,4d7d4f9f02569607947e7e40,2025-10-07T15:35:06+01:00,756.8,320.3,bench-host-01,peer-scaling-2025-10
PEER-32-R8,32,498955,80,e2f4000acec4dfa58d3692f4,2025-10-07T15:35:06+01:00,814.9,316.0,bench-host-01,peer-scaling-2025-10
PEER-32-R8,32,498955,81,813d878cf5712e3fca4df7a6,2025-10-07T15:35:07+01:00,916.8,321.2,bench-host-01,peer-scaling-2025-10
PEER-32-R8,32,498955,82,7c7946b416cb2969a6a8b248,2025-10-07T15:35:07+01:00,728.8,311.9,bench-host-01,peer-scaling-2025-10
PEER-32-R8,32,498955,83,88ae60bb14042a6b14229928,2025-10-07T15:35:08+01:00,839.2,307.8,bench-host-01,peer-scaling-2025-10
PEER-32-R8,32,498955,84,53cd451e9a3e8546e934a0a5,2025-10-07T15:35:08+01:00,801.9,317.1,bench-host-01,peer-scaling-2025-10
PEER-32-R8,32,498955,85,7025fa4bd05abc8be20a0b99,2025-10-07T15:35:08+01:00,796.3,311.4,bench-host-01,peer-scaling-2025-10
PEER-32-R8,32,498955,86,3f3f809e8b4f4ca72d833a0c,2025-10-07T15:35:09+01:00,727.6,317.8,bench-host-01,peer-scaling-2025-10
PEER-32-R8,32,498955,87,08bba2779f30782111ea4c20,2025-10-07T15:35:09+01:00,819.2,328.8,bench-host-01,peer-scaling-2025-10
PEER-32-R8,32,498956,88,9648dfc0c3b174f2caf7d430,2025-10-07T15:35:10+01:00,872.2,316.8,bench-host-01,peer-scaling-2025-10
PEER-32-R8,32,498956,89,defc8638a12cb41e3f9e780c,2025-10-07T15:35:10+01:00,856.7,311.6,bench-host-01,peer-scaling-2025-10
PEER-32-R8,32,498957,90,359ae50aa5adc1af20152629,2025-10-07T15:35:11+01:00,825.5,325.5,bench-host-01,peer-scaling-2025-10
PEER-32-R8,32,498957,91,e1f0a58129c5c0dacef3ac92,2025-10-07T15:35:11+01:00,778.8,312.8,bench-host-01,peer-scaling-2025-10
PEER-32-R8,32,498957,92,567de086bc7766d41874af00,2025-10-07T15:35:11+01:00,845.0,322.0,bench-host-01,peer-scaling-2025-10
PEER-32-R8,32,498957,93,cde52b200b4ef24487a31a0c,2025-10-07T15:35:12+01:00,786.8,314.3,bench-host-01,peer-scaling-2025-10
PEER-32-R8,32,498957,94,45345e49f9fb0abad837936a,2025-10-07T15:35:12+01:00,889.1,310.3,bench-host-01,peer-scaling-2025-10
PEER-32-R8,32,498957,95,33be5761f4b20854c78220f3,2025-10-07T15:35:13+01:00,823.3,315.1,bench-host-01,peer-scaling-2025-10
PEER-32-R8,32,498957,96,a8840c394d19352be4668fb0,2025-10-07T15:35:13+01:00,742.4,317.5,bench-host-01,peer-scaling-2025-10
PEER-32-R8,32,498957,97,3a540cab46f1943add1a6e4a,2025-10-07T15:35:13+01:00,819.9,316.3,bench-host-01,peer-scaling-2025-10
PEER-32-R8,32,498957,98,c8a07c17bee0c0aadd9ac033,2025-10-07T15:35:14+01:00,855.0,326.3,bench-host-01,peer-scaling-2025-10
PEER-32-R8,32,498957,99,75a401d76dc9768ceb96b8d1,2025-10-07T15:35:14+01:00,772.7,324.9,bench-host-01,peer-scaling-2025-10
PEER-32-R8,32,498958,100,4f48d12c2447bb9e78a0887b,2025-10-07T15:35:15+01:00,729.0,319.0,bench-host-01,peer-scaling-2025-10
PEER-32-R8,32,498958,101,3f6792ef9363534da6d7f8f2,2025-10-07T15:35:15+01:00,907.3,320.0,bench-host-01,peer-scaling-2025-10
PEER-32-R8,32,498958,102,582769ba56491fb6990261c7,2025-10-07T15:35:15+01:00,910.7,320.5,bench-host-01,peer-scaling-2025-10
PEER-32-R8,32,498958,103,ae1228c4a3cf6f0686c4d465,2025-10-07T15:35:16+01:00,861.2,311.5,bench-host-01,peer-scaling-2025-10
PEER-32-R8,32,498958,104,0a9735c71e561c9f81ed8037,2025-10-07T15:35:16+01:00,791.2,311.4,bench-host-01,peer-scaling-2025-10
PEER-32-R8,32,498958,105,0026745826916722e5148fbb,2025-10-07T15:35:17+01:00,772.7,313.2,bench-host-01,peer-scaling-2025-10
PEER-32-R8,32,498958,106,89a0ac15de33b14279a8a001,2025-10-07T15:35:17+01:00,864.6,319.6,bench-host-01,peer-scaling-2025-10
PEER-32-R8,32,498958,107,2921db371871558d48c407de,2025-10-07T15:35:17+01:00,807.1,316.3,bench-host-01,peer-scaling-2025-10
PEER-32-R8,32,498958,108,53441372c359ff1b2a72a90a,2025-10-07T15:35:18+01:00,827.3,321.6,bench-host-01,peer-scaling-2025-10
PEER-32-R8,32,498958,109,7f094ae9a698e7ecec7634b9,2025-10-07T15:35:18+01:00,747.3,321.8,bench-host-01,peer-scaling-2025-10
PEER-32-R8,32,498958,110,d471276b7b88e58de6b6439a,2025-10-07T15:35:19+01:00,865.4,315.1,bench-host-01,peer-scaling-2025-10
PEER-32-R8,32,498958,111,c2f819bf4469511281c8053e,2025-10-07T15:35:19+01:00,750.1,311.0,bench-host-01,peer-scaling-2025-10
PEER-32-R8,32,498958,112,2198c68680249d6113faf218,2025-10-07T15:35:19+01:00,752.2,312.2,bench-host-01,peer-scaling-2025-10
PEER-32-R8,32,498958,113,4d812cde64df6d774f377279,2025-10-07T15:35:20+01:00,856.8,311.8,bench-host-01,peer-scaling-2025-10
PEER-32-R8,32,498958,114,c30f7d005e596de81f618815,2025-10-07T15:35:20+01:00,827.7,312.3,bench-host-01,peer-scaling-2025-10
PEER-32-R8,32,498958,115,c00a96197601ff683387c445,2025-10-07T15:35:21+01:00,736.2,320.0,bench-host-01,peer-scaling-2025-10
PEER-32-R8,32,498958,116,6b82f4591f9e08fe5f10ff2f,2025-10-07T15:35:21+01:00,884.3,327.6,bench-host-01,peer-scaling-2025-10
PEER-32-R8,32,498959,117,881e2fb1e1e4b1540b0ab910,2025-10-07T15:35:21+01:00,735.9,316.3,bench-host-01,peer-scaling-2025-10
PEER-32-R8,32,498959,118,d67d6f98c7370537d0923178,2025-10-07T15:35:22+01:00,871.0,321.5,bench-host-01,peer-scaling-2025-10
PEER-32-R8,32,498959,119,6fe8d289d240a84b29605e57,2025-10-07T15:35:22+01:00,817.7,321.8,bench-host-01,peer-scaling-2025-10
PEER-32-R8,32,498959,120,2bea1e4be6ba61eb7f317bdd,2025-10-07T15:35:23+01:00,931.0,316.1,bench-host-01,peer-scaling-2025-10
PEER-32-R8,32,498959,121,b3b0dc7a0b19dbfefcf2ee33,2025-10-07T15:35:23+01:00,790.9,319.8,bench-host-01,peer-scaling-2025-10
PEER-32-R8,32,498959,122,62b17398b3ee70b615098cf9,2025-10-07T15:35:24+01:00,907.0,313.9,bench-host-01,peer-scaling-2025-10
PEER-32-R8,32,498959,123,0d60a3c9b9a21a22bd3b1e24,2025-10-07T15:35:24+01:00,787.8,323.1,bench-host-01,peer-scaling-2025-10
PEER-32-R8,32,498959,124,f73dae69603d670ccae47718,2025-10-07T15:35:24+01:00,745.0,321.5,bench-host-01,peer-scaling-2025-10
PEER-32-R8,32,498959,125,6fef0e5751b81d7bf28e6464,2025-10-07T15:35:25+01:00,885.2,315.0,bench-host-01,peer-scaling-2025-10
PEER-32-R8,32,498960,126,ce124d9fc6bf9586a2748aee,2025-10-07T15:35:25+01:00,812.6,315.8,bench-host-01,peer-scaling-2025-10
PEER-32-R8,32,498960,127,9884b4e911a3d90035437741,2025-10-07T15:35:26+01:00,786.7,321.4,bench-host-01,peer-scaling-2025-10
PEER-32-R8,32,498960,128,e06dea9c8e6012bc7fc98209,2025-10-07T15:35:26+01:00,750.4,318.4,bench-host-01,peer-scaling-2025-10
PEER-32-R8,32,498960,129,056c284648d808e6a43276e4,2025-10-07T15:35:26+01:00,760.6,311.0,bench-host-01,peer-scaling-2025-10
PEER-16-R8,16,425471,0,f5b0ed3ba76582c58a5f2ce2,2025-10-07T20:35:27+01:00,1143.1,322.4,bench-host-01,peer-scaling-2025-10
PEER-16-R8,16,425471,1,96791392006f5f6392b5dba9,2025-10-07T20:35:27+01:00,1060.4,323.8,bench-host-01,peer-scaling-2025-10
PEER-16-R8,16,425471,2,f9de88e54a6a525ced168012,2025-10-07T20:35:28+01:00,1041.2,313.4,bench-host-01,peer-scaling-2025-10
PEER-16-R8,16,425471,3,3028d1e961871c0e718c7e73,2025-10-07T20:35:28+01:00,1028.1,325.8,bench-host-01,peer-scaling-2025-10
PEER-16-R8,16,425471,4,a93c683aa12f4261cd0c7ebd,2025-10-07T20:35:29+01:00,1009.7,323.7,bench-host-01,peer-scaling-2025-10
PEER-16-R8,16,425471,5,fee9d9b3234e24994c11958c,2025-10-07T20:35:29+01:00,1139.0,315.7,bench-host-01,peer-scaling-2025-10
PEER-16-R8,16,425471,6,f469814af79bde56756bdb68,2025-10-07T20:35:30+01:00,1118.2,325.4,bench-host-01,peer-scaling-2025-10
PEER-16-R8,16,425471,7,57f68b314847ea41f99b8fb5,2025-10-07T20:35:30+01:00,1113.2,315.0,bench-host-01,peer-scaling-2025-10
PEER-16-R8,16,425471,8,e360547db8b7b5da61e86b6a,2025-10-07T20:35:31+01:00,1089.5,322.6,bench-host-01,peer-scaling-2025-10
PEER-16-R8,16,425472,9,158952b1a35f7013a4216857,2025-10-07T20:35:32+01:00,1080.5,319.4,bench-host-01,peer-scaling-2025-10
PEER-16-R8,16,425472,10,6ed66b0aaddc505e3b02d33f,2025-10-07T20:35:32+01:00,1131.9,316.1,bench-host-01,peer-scaling-2025-10
PEER-16-R8,16,425473,11,edfbc3417770d47d5878c5b6,2025-10-07T20:35:33+01:00,1067.3,320.5,bench-host-01,peer-scaling-2025-10
PEER-16-R8,16,425473,12,7bc4bf41d1f2fb4a0a126448,2025-10-07T20:35:33+01:00,1007.1,321.7,bench-host-01,peer-scaling-2025-10
PEER-16-R8,16,425473,13,7f0335b5d294c4d4aa09e831,2025-10-07T20:35:34+01:00,1118.9,322.3,bench-host-01,peer-scaling-2025-10
PEER-16-R8,16,425474,14,d2bae6b1d5780a93424e9694,2025-10-07T20:35:34+01:00,1027.3,328.2,bench-host-01,peer-scaling-2025-10
PEER-16-R8,16,425474,15,6a603a621cef938f615aaee9,2025-10-07T20:35:35+01:00,998.0,325.0,bench-host-01,peer-scaling-2025-10
PEER-16-R8,16,425475,16,e72800ed86c7389abbfc47bb,2025-10-07T20:35:35+01:00,957.0,333.4,bench-host-01,peer-scaling-2025-10
PEER-16-R8,16,425475,17,3f5a06a893e3015cecfce37b,2025-10-07T20:35:36+01:00,1176.2,325.2,bench-host-01,peer-scaling-2025-10
PEER-16-R8,16,425475,18,9ad4e4d21a058107addd29d6,2025-10-07T20:35:36+01:00,982.2,327.7,bench-host-01,peer-scaling-2025-10
PEER-16-R8,16,425475,19,93765a1a371be6a00cb648de,2025-10-07T20:35:37+01:00,1027.0,311.5,bench-host-01,peer-scaling-2025-10
PEER-16-R8,16,425475,20,2fa597f2672da88f104e3e9e,2025-10-07T20:35:37+01:00,1065.1,319.7,bench-host-01,peer-scaling-2025-10
PEER-16-R8,16,425475,21,2636bdccf619335d98d635fb,2025-10-07T20:35:38+01:00,1036.9,325.7,bench-host-01,peer-scaling-2025-10
PEER-16-R8,16,425475,22,515cf3fac91b6c2e87a347fd,2025-10-07T20:35:38+01:00,986.9,327.7,bench-host-01,peer-scaling-2025-10
PEER-16-R8,16,425475,23,84e282f97b906ee407a65150,2025-10-07T20:35:39+01:00,1079.8,326.6,bench-host-01,peer-scaling-2025-10
PEER-16-R8,16,425475,24,5c1c966fc4293900504055bf,2025-10-07T20:35:39+01:00,1047.0,313.5,bench-host-01,peer-scaling-2025-10
PEER-16-R8,16,425475,25,9e7662ad129cee5dc46326af,2025-10-07T20:35:40+01:00,1123.1,318.2,bench-host-01,peer-scaling-2025-10
PEER-16-R8,16,425475,26,6ee03c87a9356665d0f6bc54,2025-10-07T20:35:41+01:00,1141.3,315.8,bench-host-01,peer-scaling-2025-10
PEER-16-R8,16,425476,27,d9e3c3a74fba818b1a25f124,2025-10-07T20:35:41+01:00,1063.8,322.8,bench-host-01,peer-scaling-2025-10
PEER-16-R8,16,425476,28,b7778b122a7907a91cc3b9b7,2025-10-07T20:35:42+01:00,1048.4,316.9,bench-host-01,peer-scaling-2025-10
PEER-16-R8,16,425476,29,fca0dd70a8aca62a59728f04,2025-10-07T20:35:42+01:00,979.9,318.0,bench-host-01,peer-scaling-2025-10
PEER-16-R8,16,425477,30,09d31d4ddfe12f58cd37bc5b,2025-10-07T20:35:43+01:00,1057.2,327.7,bench-host-01,peer-scaling-2025-10
PEER-16-R8,16,425477,31,b488a8d39ee0d54bd80bb6cb,2025-10-07T20:35:43+01:00,892.1,325.4,bench-host-01,peer-scaling-2025-10
PEER-16-R8,16,425477,32,5cb074a14c7baea9f54826cd,2025-10-07T20:35:44+01:00,1087.8,318.5,bench-host-01,peer-scaling-2025-10
PEER-16-R8,16,425477,33,29f784bcd3753abc3d4079f5,2025-10-07T20:35:44+01:00,1062.9,326.3,bench-host-01,peer-scaling-2025-10
PEER-16-R8,16,425477,34,791083b5a2a76e4a7d105f83,2025-10-07T20:35:45+01:00,1028.9,323.4,bench-host-01,peer-scaling-2025-10
PEER-16-R8,16,425477,35,a88dc4d697defbad36b27b24,2025-10-07T20:35:45+01:00,1084.2,321.6,bench-host-01,peer-scaling-2025-10
PEER-16-R8,16,425478,36,a78e38bdbc5180453825ccfe,2025-10-07T20:35:46+01:00,1061.5,321.0,bench-host-01,peer-scaling-2025-10
PEER-16-R8,16,425478,37,5081d6db5a3c9d0d307f83ae,2025-10-07T20:35:46+01:00,1089.9,319.7,bench-host-01,peer-scaling-2025-10
PEER-16-R8,16,425478,38,adaffa2f0c5609c4b518b5b7,2025-10-07T20:35:47+01:00,1079.5,320.6,bench-host-01,peer-scaling-2025-10
PEER-16-R8,16,425479,39,7d5071668a32d44b4c35fe97,2025-10-07T20:35:47+01:00,1044.9,322.7,bench-host-01,peer-scaling-2025-10
PEER-16-R8,16,425480,40,cd50ff91e2f9f3f37c1fc388,2025-10-07T20:35:48+01:00,991.8,324.9,bench-host-01,peer-scaling-2025-10
PEER-16-R8,16,425480,41,36d50874ac8f62f5525064d1,2025-10-07T20:35:48+01:00,1123.6,327.3,bench-host-01,peer-scaling-2025-10
PEER-16-R8,16,425480,42,903819094adacf9f0c98d254,2025-10-07T20:35:49+01:00,1104.3,319.2,bench-host-01,peer-scaling-2025-10
PEER-16-R8,16,425480,43,b2eab8864f8c91855200564e,2025-10-07T20:35:49+01:00,1038.3,311.0,bench-host-01,peer-scaling-2025-10
PEER-16-R8,16,425480,44,f4be2da2f70bff017e1f2247,2025-10-07T20:35:50+01:00,1071.4,324.2,bench-host-01,peer-scaling-2025-10
PEER-16-R8,16,425480,45,167a219e89b05d26474107d8,2025-10-07T20:35:51+01:00,1065.9,318.8,bench-host-01,peer-scaling-2025-10
PEER-16-R8,16,425480,46,48cf5686e5ad4b1db8df500d,2025-10-07T20:35:51+01:00,1122.8,323.2,bench-host-01,peer-scaling-2025-10
PEER-16-R8,16,425480,47,78baf6a8e723c65a498efcae,2025-10-07T20:35:52+01:00,1067.6,316.7,bench-host-01,peer-scaling-2025-10
PEER-16-R8,16,425480,48,80305ace1b54ea7abe6d8a1d,2025-10-07T20:35:52+01:00,995.1,324.4,bench-host-01,peer-scaling-2025-10
PEER-16-R8,16,425480,49,8a11320efee6136e9c536da0,2025-10-07T20:35:53+01:00,1096.3,319.1,bench-host-01,peer-scaling-2025-10
PEER-16-R8,16,425480,50,7cecf78d5e119d0e98c837dd,2025-10-07T20:35:53+01:00,1099.6,324.1,bench-host-01,peer-scaling-2025-10
PEER-16-R8,16,425480,51,f03fb3961142be50b2aa8a36,2025-10-07T20:35:54+01:00,1192.6,325.2,bench-host-01,peer-scaling-2025-10
PEER-16-R8,16,425481,52,cbec48afd64e5f7f83b6e54f,2025-10-07T20:35:54+01:00,1020.8,318.4,bench-host-01,peer-scaling-2025-10
PEER-16-R8,16,425481,53,bc21c63343e892b35577a227,2025-10-07T20:35:55+01:00,1116.9,318.8,bench-host-01,peer-scaling-2025-10
PEER-16-R8,16,425481,54,448c563a8059a645ad6ee217,2025-10-07T20:35:55+01:00,1037.9,306.8,bench-host-01,peer-scaling-2025-10
PEER-16-R8,16,425482,55,4ce0f30d9911e7e8eac8bc3e,2025-10-07T20:35:56+01:00,1050.4,324.9,bench-host-01,peer-scaling-2025-10
PEER-16-R8,16,425483,56,d15908e5d87ba9caf0404cc2,2025-10-07T20:35:56+01:00,926.7,335.2,bench-host-01,peer-scaling-2025-10
PEER-16-R8,16,425483,57,34f550afb9969516d2810cc0,2025-10-07T20:35:57+01:00,1094.5,320.4,bench-host-01,peer-scaling-2025-10
PEER-16-R8,16,425483,58,63d6b2276adbc5f8f6c9ba6a,2025-10-07T20:35:57+01:00,1018.6,318.1,bench-host-01,peer-scaling-2025-10
PEER-16-R8,16,425483,59,c217c10f7a11f1df9eb39da6,2025-10-07T20:35:58+01:00,1026.8,321.6,bench-host-01,peer-scaling-2025-10
PEER-16-R8,16,425483,60,5ca9170d6c5947ab6d4a85de,2025-10-07T20:35:58+01:00,1128.7,325.8,bench-host-01,peer-scaling-2025-10
PEER-16-R8,16,425483,61,c3b3b9ef802a09a63eb3a227,2025-10-07T20:35:59+01:00,1012.1,319.7,bench-host-01,peer-scaling-2025-10
PEER-16-R8,16,425483,62,e70a6fc7ae0335d91b31c00d,2025-10-07T20:36:00+01:00,1062.5,322.4,bench-host-01,peer-scaling-2025-10
PEER-16-R8,16,425483,63,5970d33a50fa0ee78ce23ebc,2025-10-07T20:36:00+01:00,1098.5,330.9,bench-host-01,peer-scaling-2025-10
PEER-16-R8,16,425484,64,f57491d9249dd9fab734c681,2025-10-07T20:36:01+01:00,1070.0,328.3,bench-host-01,peer-scaling-2025-10
PEER-16-R8,16,425484,65,17502329f63d069886a82c75,2025-10-07T20:36:01+01:00,1002.3,327.2,bench-host-01,peer-scaling-2025-10
PEER-16-R8,16,425484,66,6ede551da738c21244cb194c,2025-10-07T20:36:02+01:00,1111.4,327.1,bench-host-01,peer-scaling-2025-10
PEER-16-R8,16,425484,67,c2b873672c58efb061169d00,2025-10-07T20:36:02+01:00,1098.2,326.4,bench-host-01,peer-scaling-2025-10
PEER-16-R8,16,425484,68,dd78ac1d3d4371f060d561d5,2025-10-07T20:36:03+01:00,990.4,316.4,bench-host-01,peer-scaling-2025-10
PEER-16-R8,16,425484,69,3871a58c5ccea5bdd9deaaa2,2025-10-07T20:36:03+01:00,1055.8,308.8,bench-host-01,peer-scaling-2025-10
PEER-16-R8,16,425484,70,8feb9f1802d726f7e7a94bd4,2025-10-07T20:36:04+01:00,1160.3,329.3,bench-host-01,peer-scaling-2025-10
PEER-16-R8,16,425484,71,1887571027c828fb9b963761,2025-10-07T20:36:04+01:00,1068.1,333.6,bench-host-01,peer-scaling-2025-10
PEER-16-R8,16,425485,72,99813c4ab12156457b0c8b80,2025-10-07T20:36:05+01:00,974.1,323.0,bench-host-01,peer-scaling-2025-10
PEER-16-R8,16,425485,73,186d3117e8685849061f19fc,2025-10-07T20:36:05+01:00,1025.9,325.9,bench-host-01,peer-scaling-2025-10
PEER-16-R8,16,425485,74,7c169d4581ddf0ba85e59eec,2025-10-07T20:36:06+01:00,1082.2,329.8,bench-host-01,peer-scaling-2025-10
PEER-16-R8,16,425486,75,0efea82181f80dadb207c62d,2025-10-07T20:36:06+01:00,1064.9,320.5,bench-host-01,peer-scaling-2025-10
PEER-16-R8,16,425486,76,df9b8f89a76936896acf5db4,2025-10-07T20:36:07+01:00,1081.5,326.1,bench-host-01,peer-scaling-2025-10
PEER-16-R8,16,425486,77,f1830fcc89b48f633563c1cd,2025-10-07T20:36:07+01:00,941.4,323.7,bench-host-01,peer-scaling-2025-10
PEER-16-R8,16,425486,78,a694f5475779fa620382fbeb,2025-10-07T20:36:08+01:00,1050.7,325.6,bench-host-01,peer-scaling-2025-10
PEER-16-R8,16,425486,79,071e17ea8969a76ca92bc217,2025-10-07T20:36:09+01:00,1058.7,320.2,bench-host-01,peer-scaling-2025-10
PEER-16-R8,16,425486,80,6c32bd5f00616137f6e70df2,2025-10-07T20:36:09+01:00,1014.5,321.6,bench-host-01,peer-scaling-2025-10
PEER-16-R8,16,425486,81,57520bd51a83d2bbc7c989d6,2025-10-07T20:36:10+01:00,1098.0,316.6,bench-host-01,peer-scaling-2025-10
PEER-16-R8,16,425486,82,a4be73430419c536b3b0992c,2025-10-07T20:36:10+01:00,977.3,318.5,bench-host-01,peer-scaling-2025-10
PEER-16-R8,16,425486,83,e9adfb7a5b0a988a0949578c,2025-10-07T20:36:11+01:00,1016.5,328.4,bench-host-01,peer-scaling-2025-10
PEER-16-R8,16,425486,84,26c9fe74bae3a6c5aea21124,2025-10-07T20:36:11+01:00,1059.4,322.4,bench-host-01,peer-scaling-2025-10
PEER-16-R8,16,425486,85,a6d2fa4834e90d4b0d285a7b,2025-10-07T20:36:12+01:00,1034.2,321.9,bench-host-01,peer-scaling-2025-10
PEER-16-R8,16,425486,86,d532965cd46d815d5ac3ac4e,2025-10-07T20:36:12+01:00,1070.8,323.4,bench-host-01,peer-scaling-2025-10
PEER-16-R8,16,425486,87,f45c27398f94219daff7ad8f,2025-10-07T20:36:13+01:00,985.8,320.9,bench-host-01,peer-scaling-2025-10
PEER-16-R8,16,425487,88,be5add1a5635ff4ee60a25b5,2025-10-07T20:36:13+01:00,1071.2,321.7,bench-host-01,peer-scaling-2025-10
PEER-16-R8,16,425487,89,f9a8c241547136b6b84cdb8a,2025-10-07T20:36:14+01:00,898.3,315.9,bench-host-01,peer-scaling-2025-10
PEER-16-R8,16,425487,90,8ed46dccbf6cf3a0716809a6,2025-10-07T20:36:14+01:00,938.1,326.7,bench-host-01,peer-scaling-2025-10
PEER-16-R8,16,425487,91,2d6ca612b2ec9912ae6b8de4,2025-10-07T20:36:15+01:00,1069.6,325.2,bench-host-01,peer-scaling-2025-10
PEER-16-R8,16,425487,92,6cd852d11badee8bef25c236,2025-10-07T20:36:15+01:00,1114.9,320.6,bench-host-01,peer-scaling-2025-10
PEER-16-R8,16,425487,93,1258fbf8e39decdf4fc16529,2025-10-07T20:36:16+01:00,1048.6,315.2,bench-host-01,peer-scaling-2025-10
PEER-16-R8,16,425487,94,c0de843d33b10677e2113dd8,2025-10-07T20:36:16+01:00,1109.4,326.8,bench-host-01,peer-scaling-2025-10
PEER-16-R8,16,425487,95,986a67df514301dbc892af9b,2025-10-07T20:36:17+01:00,1212.2,327.2,bench-host-01,peer-scaling-2025-10
PEER-16-R8,16,425487,96,62fc3d00a4995bf760fda14f,2025-10-07T20:36:17+01:00,1106.9,330.0,bench-host-01,peer-scaling-2025-10
PEER-16-R8,16,425487,97,9572386314fa727f5bf27074,2025-10-07T20:36:18+01:00,1016.1,316.6,bench-host-01,peer-scaling-2025-10
PEER-16-R8,16,425487,98,5e9fe2bfcac93adafe56df5b,2025-10-07T20:36:19+01:00,1053.4,323.3,bench-host-01,peer-scaling-2025-10
PEER-16-R8,16,425487,99,1d45cfd513f1faa264e69992,2025-10-07T20:36:19+01:00,1037.8,326.7,bench-host-01,peer-scaling-2025-10
PEER-16-R8,16,425487,100,ef0a0beb2c6f0d4f3c7262e0,2025-10-07T20:36:20+01:00,1022.9,319.7,bench-host-01,peer-scaling-2025-10
PEER-16-R8,16,425487,101,ba08744594f3d0eac27d1dfa,2025-10-07T20:36:20+01:00,1087.1,321.4,bench-host-01,peer-scaling-2025-10
PEER-16-R8,16,425487,102,a8bf5bc5df58629227592b41,2025-10-07T20:36:21+01:00,1035.3,321.9,bench-host-01,peer-scaling-2025-10
PEER-16-R8,16,425487,103,a5826ace665a12ecf2e508c4,2025-10-07T20:36:21+01:00,1053.2,320.5,bench-host-01,peer-scaling-2025-10
PEER-16-R8,16,425487,104,b2d000f83468d8252d687b95,2025-10-07T20:36:22+01:00,1003.5,324.0,bench-host-01,peer-scaling-2025-10
PEER-16-R8,16,425487,105,15bae1c63562e383fff4c2a5,2025-10-07T20:36:22+01:00,1018.1,324.8,bench-host-01,peer-scaling-2025-10
PEER-16-R8,16,425487,106,79a2f2a224704a7477a3287b,2025-10-07T20:36:23+01:00,1067.7,328.3,bench-host-01,peer-scaling-2025-10
PEER-16-R8,16,425487,107,48ee91fc902089651bb404fc,2025-10-07T20:36:23+01:00,1067.1,332.4,bench-host-01,peer-scaling-2025-10
PEER-16-R8,16,425487,108,f0c1688c30a7de08cb2c9bd8,2025-10-07T20:36:24+01:00,1187.0,329.4,bench-host-01,peer-scaling-2025-10
PEER-16-R8,16,425487,109,536029820b82c54039c22209,2025-10-07T20:36:24+01:00,1048.3,324.5,bench-host-01,peer-scaling-2025-10
PEER-16-R8,16,425487,110,ff2683bcf117093bc39cfed0,2025-10-07T20:36:25+01:00,1033.4,333.5,bench-host-01,peer-scaling-2025-10
PEER-16-R8,16,425487,111,8a17fe9769208a28efc401c9,2025-10-07T20:36:25+01:00,1050.3,323.9,bench-host-01,peer-scaling-2025-10
PEER-16-R8,16,425488,112,79bf9733fa296b3e29e35552,2025-10-07T20:36:26+01:00,1006.8,316.6,bench-host-01,peer-scaling-2025-10
PEER-16-R8,16,425488,113,dde82cf98362c531ce1b2fbf,2025-10-07T20:36:26+01:00,1055.2,323.6,bench-host-01,peer-scaling-2025-10
PEER-16-R8,16,425488,114,4906822aab7416358cbb978b,2025-10-07T20:36:27+01:00,1017.7,318.9,bench-host-01,peer-scaling-2025-10
PEER-16-R8,16,425488,115,0dc9bd9b9bbcdf6f2a8758db,2025-10-07T20:36:28+01:00,1049.3,321.0,bench-host-01,peer-scaling-2025-10
PEER-16-R8,16,425488,116,3e14b6ac4412c32afd997d42,2025-10-07T20:36:28+01:00,1106.3,327.8,bench-host-01,peer-scaling-2025-10
PEER-16-R8,16,425488,117,1ef7fcb1f5c86f27a0adb878,2025-10-07T20:36:29+01:00,1033.6,324.8,bench-host-01,peer-scaling-2025-10
PEER-16-R8,16,425488,118,395991b11bc24ee6c516a93a,2025-10-07T20:36:29+01:00,1028.0,322.5,bench-host-01,peer-scaling-2025-10
PEER-16-R8,16,425488,119,ff11951e492777994dbfca4e,2025-10-07T20:36:30+01:00,1053.2,322.1,bench-host-01,peer-scaling-2025-10
PEER-16-R8,16,425489,120,0a65bbcac486410a963c9b89,2025-10-07T20:36:30+01:00,1119.7,324.4,bench-host-01,peer-scaling-2025-10
PEER-16-R8,16,425489,121,f5628d05387beda2d595a919,2025-10-07T20:36:31+01:00,1063.1,322.0,bench-host-01,peer-scaling-2025-10
PEER-16-R8,16,425489,122,5df64608aedc42e971f4b283,2025-10-07T20:36:31+01:00,1082.2,320.6,bench-host-01,peer-scaling-2025-10
PEER-16-R8,16,425489,123,98c6502ad2e37809b6802a36,2025-10-07T20:36:32+01:00,1037.9,324.8,bench-host-01,peer-scaling-2025-10
PEER-16-R8,16,425489,124,6c44cc86dad2a174ebf29213,2025-10-07T20:36:32+01:00,1047.4,327.4,bench-host-01,peer-scaling-2025-10
PEER-16-R8,16,425489,125,be8b5082f0ed4907591c2b7c,2025-10-07T20:36:33+01:00,996.7,325.4,bench-host-01,peer-scaling-2025-10
PEER-16-R8,16,425490,126,33d657229a7b030c290755b3,2025-10-07T20:36:33+01:00,1073.8,321.9,bench-host-01,peer-scaling-2025-10
PEER-16-R8,16,425490,127,5e84a943fbe6467714ba9c73,2025-10-07T20:36:34+01:00,1156.1,325.9,bench-host-01,peer-scaling-2025-10
PEER-16-R8,16,425490,128,8c9690af4296be34818237a1,2025-10-07T20:36:34+01:00,1127.6,316.0,bench-host-01,peer-scaling-2025-10
PEER-16-R8,16,425490,129,75224714de28fd99f82e8c9f,2025-10-07T20:36:35+01:00,1098.0,329.2,bench-host-01,peer-scaling-2025-10
