plot_id,crop,treatment,date,activity_type,hours
PEP-B1-BIOT,pepper,blockchain_iot,2025-08-01,certification,0.044
PEP-B1-BIOT,pepper,blockchain_iot,2025-08-01,crop_health_monitoring,0.074
PEP-B1-BIOT,pepper,blockchain_iot,2025-08-01,irrigation_maintenance,0.032
PEP-B1-BIOT,pepper,blockchain_iot,2025-08-01,irrigation_system_operation,0.007
PEP-B1-BIOT,pepper,blockchain_iot,2025-08-01,record_keeping,0.03
PEP-B1-BIOT,pepper,blockchain_iot,2025-08-01,reporting,0.02
PEP-B1-BIOT,pepper,blockchain_iot,2025-08-01,soil_moisture_monitoring,0.012
PEP-B1-BIOT,pepper,blockchain_iot,2025-08-01,system_administration,0.227
PEP-B1-BIOT,pepper,blockchain_iot,2025-08-01,weather_data_monitoring,0.011
PEP-B1-TRAD,pepper,traditional,2025-08-01,certification,0.311
PEP-B1-TRAD,pepper,traditional,2025-08-01,crop_health_monitoring,0.24
PEP-B1-TRAD,pepper,traditional,2025-08-01,irrigation_maintenance,0.201
PEP-B1-TRAD,pepper,traditional,2025-08-01,irrigation_system_operation,0.106
PEP-B1-TRAD,pepper,traditional,2025-08-01,record_keeping,0.539
PEP-B1-TRAD,pepper,traditional,2025-08-01,reporting,0.196
PEP-B1-TRAD,pepper,traditional,2025-08-01,soil_moisture_monitoring,0.136
PEP-B1-TRAD,pepper,traditional,2025-08-01,troubleshooting,0.124
PEP-B1-TRAD,pepper,traditional,2025-08-01,weather_data_monitoring,0.124
PEP-B2-BIOT,pepper,blockchain_iot,2025-08-01,certification,0.042
PEP-B2-BIOT,pepper,blockchain_iot,2025-08-01,crop_health_monitoring,0.075
PEP-B2-BIOT,pepper,blockchain_iot,2025-08-01,irrigation_maintenance,0.02
PEP-B2-BIOT,pepper,blockchain_iot,2025-08-01,irrigation_system_operation,0.01
PEP-B2-BIOT,pepper,blockchain_iot,2025-08-01,record_keeping,0.027
PEP-B2-BIOT,pepper,blockchain_iot,2025-08-01,reporting,0.022
PEP-B2-BIOT,pepper,blockchain_iot,2025-08-01,soil_moisture_monitoring,0.009
PEP-B2-BIOT,pepper,blockchain_iot,2025-08-01,system_administration,0.239
PEP-B2-BIOT,pepper,blockchain_iot,2025-08-01,weather_data_monitoring,0.006
PEP-B2-TRAD,pepper,traditional,2025-08-01,certification,0.291
PEP-B2-TRAD,pepper,traditional,2025-08-01,crop_health_monitoring,0.279
PEP-B2-TRAD,pepper,traditional,2025-08-01,irrigation_maintenance,0.345
PEP-B2-TRAD,pepper,traditional,2025-08-01,irrigation_system_operation,0.125
PEP-B2-TRAD,pepper,traditional,2025-08-01,record_keeping,0.411
PEP-B2-TRAD,pepper,traditional,2025-08-01,reporting,0.13
PEP-B2-TRAD,pepper,traditional,2025-08-01,soil_moisture_monitoring,0.165
PEP-B2-TRAD,pepper,traditional,2025-08-01,troubleshooting,0.07
PEP-B2-TRAD,pepper,traditional,2025-08-01,weather_data_monitoring,0.153
PEP-B3-BIOT,pepper,blockchain_iot,2025-08-01,certification,0.054
PEP-B3-BIOT,pepper,blockchain_iot,2025-08-01,crop_health_monitoring,0.053
PEP-B3-BIOT,pepper,blockchain_iot,2025-08-01,irrigation_maintenance,0.031
PEP-B3-BIOT,pepper,blockchain_iot,2025-08-01,irrigation_system_operation,0.007
PEP-B3-BIOT,pepper,blockchain_iot,2025-08-01,record_keeping,0.033
PEP-B3-BIOT,pepper,blockchain_iot,2025-08-01,reporting,0.028
PEP-B3-BIOT,pepper,blockchain_iot,2025-08-01,soil_moisture_monitoring,0.008
PEP-B3-BIOT,pepper,blockchain_iot,2025-08-01,system_administration,0.326
PEP-B3-BIOT,pepper,blockchain_iot,2025-08-01,weather_data_monitoring,0.009
PEP-B3-TRAD,pepper,traditional,2025-08-01,certification,0.265
PEP-B3-TRAD,pepper,traditional,2025-08-01,crop_health_monitoring,0.329
PEP-B3-TRAD,pepper,traditional,2025-08-01,irrigation_maintenance,0.181
PEP-B3-TRAD,pepper,traditional,2025-08-01,irrigation_system_operation,0.117
PEP-B3-TRAD,pepper,traditional,2025-08-01,record_keeping,0.551
PEP-B3-TRAD,pepper,traditional,2025-08-01,reporting,0.137
PEP-B3-TRAD,pepper,traditional,2025-08-01,soil_moisture_monitoring,0.133
PEP-B3-TRAD,pepper,traditional,2025-08-01,troubleshooting,0.185
PEP-B3-TRAD,pepper,traditional,2025-08-01,weather_data_monitoring,0.148
TOM-B1-BIOT,tomato,blockchain_iot,2025-08-01,certification,0.067
TOM-B1-BIOT,tomato,blockchain_iot,2025-08-01,crop_health_monitoring,0.129
TOM-B1-BIOT,tomato,blockchain_iot,2025-08-01,irrigation_maintenance,0.053
TOM-B1-BIOT,tomato,blockchain_iot,2025-08-01,irrigation_system_operation,0.014
TOM-B1-BIOT,tomato,blockchain_iot,2025-08-01,record_keeping,0.046
TOM-B1-BIOT,tomato,blockchain_iot,2025-08-01,reporting,0.056
TOM-B1-BIOT,tomato,blockchain_iot,2025-08-01,soil_moisture_monitoring,0.02
TOM-B1-BIOT,tomato,blockchain_iot,2025-08-01,system_administration,0.457
TOM-B1-BIOT,tomato,blockchain_iot,2025-08-01,weather_data_monitoring,0.012
TOM-B1-TRAD,tomato,traditional,2025-08-01,certification,0.504
TOM-B1-TRAD,tomato,traditional,2025-08-01,crop_health_monitoring,0.485
TOM-B1-TRAD,tomato,traditional,2025-08-01,irrigation_maintenance,0.261
TOM-B1-TRAD,tomato,traditional,2025-08-01,irrigation_system_operation,0.188
TOM-B1-TRAD,tomato,traditional,2025-08-01,record_keeping,0.788
TOM-B1-TRAD,tomato,traditional,2025-08-01,reporting,0.357
TOM-B1-TRAD,tomato,traditional,2025-08-01,soil_moisture_monitoring,0.334
TOM-B1-TRAD,tomato,traditional,2025-08-01,troubleshooting,0.318
TOM-B1-TRAD,tomato,traditional,2025-08-01,weather_data_monitoring,0.214
TOM-B2-BIOT,tomato,blockchain_iot,2025-08-01,certification,0.096
TOM-B2-BIOT,tomato,blockchain_iot,2025-08-01,crop_health_monitoring,0.091
TOM-B2-BIOT,tomato,blockchain_iot,2025-08-01,irrigation_maintenance,0.079
TOM-B2-BIOT,tomato,blockchain_iot,2025-08-01,irrigation_system_operation,0.015
TOM-B2-BIOT,tomato,blockchain_iot,2025-08-01,record_keeping,0.052
TOM-B2-BIOT,tomato,blockchain_iot,2025-08-01,reporting,0.044
TOM-B2-BIOT,tomato,blockchain_iot,2025-08-01,soil_moisture_monitoring,0.016
TOM-B2-BIOT,tomato,blockchain_iot,2025-08-01,system_administration,0.591
TOM-B2-BIOT,tomato,blockchain_iot,2025-08-01,weather_data_monitoring,0.013
TOM-B2-TRAD,tomato,traditional,2025-08-01,certification,0.317
TOM-B2-TRAD,tomato,traditional,2025-08-01,crop_health_monitoring,0.431
TOM-B2-TRAD,tomato,traditional,2025-08-01,irrigation_maintenance,0.471
TOM-B2-TRAD,tomato,traditional,2025-08-01,irrigation_system_operation,0.21
TOM-B2-TRAD,tomato,traditional,2025-08-01,record_keeping,0.762
TOM-B2-TRAD,tomato,traditional,2025-08-01,reporting,0.24
TOM-B2-TRAD,tomato,traditional,2025-08-01,soil_moisture_monitoring,0.344
TOM-B2-TRAD,tomato,traditional,2025-08-01,troubleshooting,0.297
TOM-B2-TRAD,tomato,traditional,2025-08-01,weather_data_monitoring,0.248
TOM-B3-BIOT,tomato,blockchain_iot,2025-08-01,certification,0.104
TOM-B3-BIOT,tomato,blockchain_iot,2025-08-01,crop_health_monitoring,0.092
TOM-B3-BIOT,tomato,blockchain_iot,2025-08-01,irrigation_maintenance,0.081
TOM-B3-BIOT,tomato,blockchain_iot,2025-08-01,irrigation_system_operation,0.016
TOM-B3-BIOT,tomato,blockchain_iot,2025-08-01,record_keeping,0.05
TOM-B3-BIOT,tomato,blockchain_iot,2025-08-01,reporting,0.063
TOM-B3-BIOT,tomato,blockchain_iot,2025-08-01,soil_moisture_monitoring,0.013
TOM-B3-BIOT,tomato,blockchain_iot,2025-08-01,system_administration,0.39
TOM-B3-BIOT,tomato,blockchain_iot,2025-08-01,weather_data_monitoring,0.011
TOM-B3-TRAD,tomato,traditional,2025-08-01,certification,0.364
TOM-B3-TRAD,tomato,traditional,2025-08-01,crop_health_monitoring,0.472
TOM-B3-TRAD,tomato,traditional,2025-08-01,irrigation_maintenance,0.498
TOM-B3-TRAD,tomato,traditional,2025-08-01,irrigation_system_operation,0.196
TOM-B3-TRAD,tomato,traditional,2025-08-01,record_keeping,0.873
TOM-B3-TRAD,tomato,traditional,2025-08-01,reporting,0.316
TOM-B3-TRAD,tomato,traditional,2025-08-01,soil_moisture_monitoring,0.284
TOM-B3-TRAD,tomato,traditional,2025-08-01,troubleshooting,0.181
TOM-B3-TRAD,tomato,traditional,2025-08-01,weather_data_monitoring,0.221
PEP-B1-BIOT,pepper,blockchain_iot,2025-08-02,irrigation_system_operation,0.009
PEP-B1-BIOT,pepper,blockchain_iot,2025-08-02,soil_moisture_monitoring,0.011
PEP-B1-TRAD,pepper,traditional,2025-08-02,irrigation_system_operation,0.092
PEP-B1-TRAD,pepper,traditional,2025-08-02,soil_moisture_monitoring,0.099
PEP-B2-BIOT,pepper,blockchain_iot,2025-08-02,irrigation_system_operation,0.008
PEP-B2-BIOT,pepper,blockchain_iot,2025-08-02,soil_moisture_monitoring,0.008
PEP-B2-TRAD,pepper,traditional,2025-08-02,irrigation_system_operation,0.148
PEP-B2-TRAD,pepper,traditional,2025-08-02,soil_moisture_monitoring,0.172
PEP-B3-BIOT,pepper,blockchain_iot,2025-08-02,irrigation_system_operation,0.011
PEP-B3-BIOT,pepper,blockchain_iot,2025-08-02,soil_moisture_monitoring,0.007
PEP-B3-TRAD,pepper,traditional,2025-08-02,irrigation_system_operation,0.151
PEP-B3-TRAD,pepper,traditional,2025-08-02,soil_moisture_monitoring,0.156
TOM-B1-BIOT,tomato,blockchain_iot,2025-08-02,irrigation_system_operation,0.015
TOM-B1-BIOT,tomato,blockchain_iot,2025-08-02,soil_moisture_monitoring,0.012
TOM-B1-TRAD,tomato,traditional,2025-08-02,irrigation_system_operation,0.237
TOM-B1-TRAD,tomato,traditional,2025-08-02,soil_moisture_monitoring,0.188
TOM-B2-BIOT,tomato,blockchain_iot,2025-08-02,irrigation_system_operation,0.017
TOM-B2-BIOT,tomato,blockchain_iot,2025-08-02,soil_moisture_monitoring,0.013
TOM-B2-TRAD,tomato,traditional,2025-08-02,irrigation_system_operation,0.218
TOM-B2-TRAD,tomato,traditional,2025-08-02,soil_moisture_monitoring,0.365
TOM-B3-BIOT,tomato,blockchain_iot,2025-08-02,irrigation_system_operation,0.013
TOM-B3-BIOT,tomato,blockchain_iot,2025-08-02,soil_moisture_monitoring,0.015
TOM-B3-TRAD,tomato,traditional,2025-08-02,irrigation_system_operation,0.142
TOM-B3-TRAD,tomato,traditional,2025-08-02,soil_moisture_monitoring,0.233
PEP-B1-BIOT,pepper,blockchain_iot,2025-08-03,crop_health_monitoring,0.064
PEP-B1-BIOT,pepper,blockchain_iot,2025-08-03,irrigation_system_operation,0.01
PEP-B1-BIOT,pepper,blockchain_iot,2025-08-03,soil_moisture_monitoring,0.011
PEP-B1-BIOT,pepper,blockchain_iot,2025-08-03,weather_data_monitoring,0.009
PEP-B1-TRAD,pepper,traditional,2025-08-03,crop_health_monitoring,0.276
PEP-B1-TRAD,pepper,traditional,2025-08-03,irrigation_system_operation,0.121
PEP-B1-TRAD,pepper,traditional,2025-08-03,soil_moisture_monitoring,0.11
PEP-B1-TRAD,pepper,traditional,2025-08-03,weather_data_monitoring,0.086
PEP-B2-BIOT,pepper,blockchain_iot,2025-08-03,crop_health_monitoring,0.051
PEP-B2-BIOT,pepper,blockchain_iot,2025-08-03,irrigation_system_operation,0.007
PEP-B2-BIOT,pepper,blockchain_iot,2025-08-03,soil_moisture_monitoring,0.006
PEP-B2-BIOT,pepper,blockchain_iot,2025-08-03,weather_data_monitoring,0.008
PEP-B2-TRAD,pepper,traditional,2025-08-03,crop_health_monitoring,0.197
PEP-B2-TRAD,pepper,traditional,2025-08-03,irrigation_system_operation,0.095
PEP-B2-TRAD,pepper,traditional,2025-08-03,soil_moisture_monitoring,0.144
PEP-B2-TRAD,pepper,traditional,2025-08-03,weather_data_monitoring,0.106
PEP-B3-BIOT,pepper,blockchain_iot,2025-08-03,crop_health_monitoring,0.07
PEP-B3-BIOT,pepper,blockchain_iot,2025-08-03,irrigation_system_operation,0.012
PEP-B3-BIOT,pepper,blockchain_iot,2025-08-03,soil_moisture_monitoring,0.011
PEP-B3-BIOT,pepper,blockchain_iot,2025-08-03,weather_data_monitoring,0.006
PEP-B3-TRAD,pepper,traditional,2025-08-03,crop_health_monitoring,0.222
PEP-B3-TRAD,pepper,traditional,2025-08-03,irrigation_system_operation,0.113
PEP-B3-TRAD,pepper,traditional,2025-08-03,soil_moisture_monitoring,0.109
PEP-B3-TRAD,pepper,traditional,2025-08-03,weather_data_monitoring,0.079
TOM-B1-BIOT,tomato,blockchain_iot,2025-08-03,crop_health_monitoring,0.096
TOM-B1-BIOT,tomato,blockchain_iot,2025-08-03,irrigation_system_operation,0.008
TOM-B1-BIOT,tomato,blockchain_iot,2025-08-03,soil_moisture_monitoring,0.014
TOM-B1-BIOT,tomato,blockchain_iot,2025-08-03,weather_data_monitoring,0.011
TOM-B1-TRAD,tomato,traditional,2025-08-03,crop_health_monitoring,0.391
TOM-B1-TRAD,tomato,traditional,2025-08-03,irrigation_system_operation,0.162
TOM-B1-TRAD,tomato,traditional,2025-08-03,soil_moisture_monitoring,0.262
TOM-B1-TRAD,tomato,traditional,2025-08-03,weather_data_monitoring,0.178
TOM-B2-BIOT,tomato,blockchain_iot,2025-08-03,crop_health_monitoring,0.104
TOM-B2-BIOT,tomato,blockchain_iot,2025-08-03,irrigation_system_operation,0.018
TOM-B2-BIOT,tomato,blockchain_iot,2025-08-03,soil_moisture_monitoring,0.014
TOM-B2-BIOT,tomato,blockchain_iot,2025-08-03,weather_data_monitoring,0.02
TOM-B2-TRAD,tomato,traditional,2025-08-03,crop_health_monitoring,0.467
TOM-B2-TRAD,tomato,traditional,2025-08-03,irrigation_system_operation,0.191
TOM-B2-TRAD,tomato,traditional,2025-08-03,soil_moisture_monitoring,0.256
TOM-B2-TRAD,tomato,traditional,2025-08-03,weather_data_monitoring,0.216
TOM-B3-BIOT,tomato,blockchain_iot,2025-08-03,crop_health_monitoring,0.093
TOM-B3-BIOT,tomato,blockchain_iot,2025-08-03,irrigation_system_operation,0.015
TOM-B3-BIOT,tomato,blockchain_iot,2025-08-03,soil_moisture_monitoring,0.014
TOM-B3-BIOT,tomato,blockchain_iot,2025-08-03,weather_data_monitoring,0.012
TOM-B3-TRAD,tomato,traditional,2025-08-03,crop_health_monitoring,0.404
TOM-B3-TRAD,tomato,traditional,2025-08-03,irrigation_system_operation,0.177
TOM-B3-TRAD,tomato,traditional,2025-08-03,soil_moisture_monitoring,0.255
TOM-B3-TRAD,tomato,traditional,2025-08-03,weather_data_monitoring,0.21
PEP-B1-BIOT,pepper,blockchain_iot,2025-08-04,irrigation_maintenance,0.03
PEP-B1-BIOT,pepper,blockchain_iot,2025-08-04,irrigation_system_operation,0.009
PEP-B1-BIOT,pepper,blockchain_iot,2025-08-04,soil_moisture_monitoring,0.011
PEP-B1-BIOT,pepper,blockchain_iot,2025-08-04,system_administration,0.226
PEP-B1-TRAD,pepper,traditional,2025-08-04,irrigation_maintenance,0.325
PEP-B1-TRAD,pepper,traditional,2025-08-04,irrigation_system_operation,0.095
PEP-B1-TRAD,pepper,traditional,2025-08-04,soil_moisture_monitoring,0.146
PEP-B2-BIOT,pepper,blockchain_iot,2025-08-04,irrigation_maintenance,0.019
PEP-B2-BIOT,pepper,blockchain_iot,2025-08-04,irrigation_system_operation,0.006
PEP-B2-BIOT,pepper,blockchain_iot,2025-08-04,soil_moisture_monitoring,0.009
PEP-B2-BIOT,pepper,blockchain_iot,2025-08-04,system_administration,0.281
PEP-B2-TRAD,pepper,traditional,2025-08-04,irrigation_maintenance,0.296
PEP-B2-TRAD,pepper,traditional,2025-08-04,irrigation_system_operation,0.142
PEP-B2-TRAD,pepper,traditional,2025-08-04,soil_moisture_monitoring,0.069
PEP-B3-BIOT,pepper,blockchain_iot,2025-08-04,irrigation_maintenance,0.02
PEP-B3-BIOT,pepper,blockchain_iot,2025-08-04,irrigation_system_operation,0.005
PEP-B3-BIOT,pepper,blockchain_iot,2025-08-04,soil_moisture_monitoring,0.006
PEP-B3-BIOT,pepper,blockchain_iot,2025-08-04,system_administration,0.262
PEP-B3-TRAD,pepper,traditional,2025-08-04,irrigation_maintenance,0.173
PEP-B3-TRAD,pepper,traditional,2025-08-04,irrigation_system_operation,0.096
PEP-B3-TRAD,pepper,traditional,2025-08-04,soil_moisture_monitoring,0.164
TOM-B1-BIOT,tomato,blockchain_iot,2025-08-04,irrigation_maintenance,0.052
TOM-B1-BIOT,tomato,blockchain_iot,2025-08-04,irrigation_system_operation,0.013
TOM-B1-BIOT,tomato,blockchain_iot,2025-08-04,soil_moisture_monitoring,0.013
TOM-B1-BIOT,tomato,blockchain_iot,2025-08-04,system_administration,0.599
TOM-B1-TRAD,tomato,traditional,2025-08-04,irrigation_maintenance,0.342
TOM-B1-TRAD,tomato,traditional,2025-08-04,irrigation_system_operation,0.188
TOM-B1-TRAD,tomato,traditional,2025-08-04,soil_moisture_monitoring,0.176
TOM-B2-BIOT,tomato,blockchain_iot,2025-08-04,irrigation_maintenance,0.073
TOM-B2-BIOT,tomato,blockchain_iot,2025-08-04,irrigation_system_operation,0.017
TOM-B2-BIOT,tomato,blockchain_iot,2025-08-04,soil_moisture_monitoring,0.012
TOM-B2-BIOT,tomato,blockchain_iot,2025-08-04,system_administration,0.361
TOM-B2-TRAD,tomato,traditional,2025-08-04,irrigation_maintenance,0.42
TOM-B2-TRAD,tomato,traditional,2025-08-04,irrigation_system_operation,0.242
TOM-B2-TRAD,tomato,traditional,2025-08-04,soil_moisture_monitoring,0.354
TOM-B3-BIOT,tomato,blockchain_iot,2025-08-04,irrigation_maintenance,0.063
TOM-B3-BIOT,tomato,blockchain_iot,2025-08-04,irrigation_system_operation,0.016
TOM-B3-BIOT,tomato,blockchain_iot,2025-08-04,soil_moisture_monitoring,0.018
TOM-B3-BIOT,tomato,blockchain_iot,2025-08-04,system_administration,0.67
TOM-B3-TRAD,tomato,traditional,2025-08-04,irrigation_maintenance,0.345
TOM-B3-TRAD,tomato,traditional,2025-08-04,irrigation_system_operation,0.201
TOM-B3-TRAD,tomato,traditional,2025-08-04,soil_moisture_monitoring,0.312
PEP-B1-BIOT,pepper,blockchain_iot,2025-08-05,crop_health_monitoring,0.055
PEP-B1-BIOT,pepper,blockchain_iot,2025-08-05,irrigation_system_operation,0.011
PEP-B1-BIOT,pepper,blockchain_iot,2025-08-05,soil_moisture_monitoring,0.01
PEP-B1-BIOT,pepper,blockchain_iot,2025-08-05,weather_data_monitoring,0.007
PEP-B1-TRAD,pepper,traditional,2025-08-05,crop_health_monitoring,0.246
PEP-B1-TRAD,pepper,traditional,2025-08-05,irrigation_system_operation,0.128
PEP-B1-TRAD,pepper,traditional,2025-08-05,soil_moisture_monitoring,0.109
PEP-B1-TRAD,pepper,traditional,2025-08-05,weather_data_monitoring,0.074
PEP-B2-BIOT,pepper,blockchain_iot,2025-08-05,crop_health_monitoring,0.053
PEP-B2-BIOT,pepper,blockchain_iot,2025-08-05,irrigation_system_operation,0.011
PEP-B2-BIOT,pepper,blockchain_iot,2025-08-05,soil_moisture_monitoring,0.01
PEP-B2-BIOT,pepper,blockchain_iot,2025-08-05,weather_data_monitoring,0.006
PEP-B2-TRAD,pepper,traditional,2025-08-05,crop_health_monitoring,0.242
PEP-B2-TRAD,pepper,traditional,2025-08-05,irrigation_system_operation,0.094
PEP-B2-TRAD,pepper,traditional,2025-08-05,soil_moisture_monitoring,0.165
PEP-B2-TRAD,pepper,traditional,2025-08-05,weather_data_monitoring,0.207
PEP-B3-BIOT,pepper,blockchain_iot,2025-08-05,crop_health_monitoring,0.063
PEP-B3-BIOT,pepper,blockchain_iot,2025-08-05,irrigation_system_operation,0.01
PEP-B3-BIOT,pepper,blockchain_iot,2025-08-05,soil_moisture_monitoring,0.008
PEP-B3-BIOT,pepper,blockchain_iot,2025-08-05,weather_data_monitoring,0.013
PEP-B3-TRAD,pepper,traditional,2025-08-05,crop_health_monitoring,0.228
PEP-B3-TRAD,pepper,traditional,2025-08-05,irrigation_system_operation,0.118
PEP-B3-TRAD,pepper,traditional,2025-08-05,soil_moisture_monitoring,0.129
PEP-B3-TRAD,pepper,traditional,2025-08-05,weather_data_monitoring,0.123
TOM-B1-BIOT,tomato,blockchain_iot,2025-08-05,crop_health_monitoring,0.093
TOM-B1-BIOT,tomato,blockchain_iot,2025-08-05,irrigation_system_operation,0.015
TOM-B1-BIOT,tomato,blockchain_iot,2025-08-05,soil_moisture_monitoring,0.015
TOM-B1-BIOT,tomato,blockchain_iot,2025-08-05,weather_data_monitoring,0.016
TOM-B1-TRAD,tomato,traditional,2025-08-05,crop_health_monitoring,0.561
TOM-B1-TRAD,tomato,traditional,2025-08-05,irrigation_system_operation,0.151
TOM-B1-TRAD,tomato,traditional,2025-08-05,soil_moisture_monitoring,0.226
TOM-B1-TRAD,tomato,traditional,2025-08-05,weather_data_monitoring,0.21
TOM-B2-BIOT,tomato,blockchain_iot,2025-08-05,crop_health_monitoring,0.066
TOM-B2-BIOT,tomato,blockchain_iot,2025-08-05,irrigation_system_operation,0.014
TOM-B2-BIOT,tomato,blockchain_iot,2025-08-05,soil_moisture_monitoring,0.012
TOM-B2-BIOT,tomato,blockchain_iot,2025-08-05,weather_data_monitoring,0.011
TOM-B2-TRAD,tomato,traditional,2025-08-05,crop_health_monitoring,0.355
TOM-B2-TRAD,tomato,traditional,2025-08-05,irrigation_system_operation,0.142
TOM-B2-TRAD,tomato,traditional,2025-08-05,soil_moisture_monitoring,0.188
TOM-B2-TRAD,tomato,traditional,2025-08-05,weather_data_monitoring,0.147
TOM-B3-BIOT,tomato,blockchain_iot,2025-08-05,crop_health_monitoring,0.082
TOM-B3-BIOT,tomato,blockchain_iot,2025-08-05,irrigation_system_operation,0.012
TOM-B3-BIOT,tomato,blockchain_iot,2025-08-05,soil_moisture_monitoring,0.01
TOM-B3-BIOT,tomato,blockchain_iot,2025-08-05,weather_data_monitoring,0.015
TOM-B3-TRAD,tomato,traditional,2025-08-05,crop_health_monitoring,0.386
TOM-B3-TRAD,tomato,traditional,2025-08-05,irrigation_system_operation,0.18
TOM-B3-TRAD,tomato,traditional,2025-08-05,soil_moisture_monitoring,0.291
TOM-B3-TRAD,tomato,traditional,2025-08-05,weather_data_monitoring,0.205
PEP-B1-BIOT,pepper,blockchain_iot,2025-08-06,irrigation_system_operation,0.01
PEP-B1-BIOT,pepper,blockchain_iot,2025-08-06,soil_moisture_monitoring,0.012
PEP-B1-TRAD,pepper,traditional,2025-08-06,irrigation_system_operation,0.123
PEP-B1-TRAD,pepper,traditional,2025-08-06,soil_moisture_monitoring,0.147
PEP-B2-BIOT,pepper,blockchain_iot,2025-08-06,irrigation_system_operation,0.01
PEP-B2-BIOT,pepper,blockchain_iot,2025-08-06,soil_moisture_monitoring,0.01
PEP-B2-TRAD,pepper,traditional,2025-08-06,irrigation_system_operation,0.132
PEP-B2-TRAD,pepper,traditional,2025-08-06,soil_moisture_monitoring,0.145
PEP-B3-BIOT,pepper,blockchain_iot,2025-08-06,irrigation_system_operation,0.009
PEP-B3-BIOT,pepper,blockchain_iot,2025-08-06,soil_moisture_monitoring,0.008
PEP-B3-TRAD,pepper,traditional,2025-08-06,irrigation_system_operation,0.133
PEP-B3-TRAD,pepper,traditional,2025-08-06,soil_moisture_monitoring,0.16
TOM-B1-BIOT,tomato,blockchain_iot,2025-08-06,irrigation_system_operation,0.017
TOM-B1-BIOT,tomato,blockchain_iot,2025-08-06,soil_moisture_monitoring,0.018
TOM-B1-TRAD,tomato,traditional,2025-08-06,irrigation_system_operation,0.107
TOM-B1-TRAD,tomato,traditional,2025-08-06,soil_moisture_monitoring,0.297
TOM-B2-BIOT,tomato,blockchain_iot,2025-08-06,irrigation_system_operation,0.016
TOM-B2-BIOT,tomato,blockchain_iot,2025-08-06,soil_moisture_monitoring,0.017
TOM-B2-TRAD,tomato,traditional,2025-08-06,irrigation_system_operation,0.169
TOM-B2-TRAD,tomato,traditional,2025-08-06,soil_moisture_monitoring,0.216
TOM-B3-BIOT,tomato,blockchain_iot,2025-08-06,irrigation_system_operation,0.017
TOM-B3-BIOT,tomato,blockchain_iot,2025-08-06,soil_moisture_monitoring,0.019
TOM-B3-TRAD,tomato,traditional,2025-08-06,irrigation_system_operation,0.146
TOM-B3-TRAD,tomato,traditional,2025-08-06,soil_moisture_monitoring,0.183
PEP-B1-BIOT,pepper,blockchain_iot,2025-08-07,crop_health_monitoring,0.039
PEP-B1-BIOT,pepper,blockchain_iot,2025-08-07,irrigation_maintenance,0.039
PEP-B1-BIOT,pepper,blockchain_iot,2025-08-07,irrigation_system_operation,0.007
PEP-B1-BIOT,pepper,blockchain_iot,2025-08-07,soil_moisture_monitoring,0.008
PEP-B1-BIOT,pepper,blockchain_iot,2025-08-07,system_administration,0.253
PEP-B1-BIOT,pepper,blockchain_iot,2025-08-07,weather_data_monitoring,0.008
PEP-B1-TRAD,pepper,traditional,2025-08-07,crop_health_monitoring,0.269
PEP-B1-TRAD,pepper,traditional,2025-08-07,irrigation_maintenance,0.136
PEP-B1-TRAD,pepper,traditional,2025-08-07,irrigation_system_operation,0.105
PEP-B1-TRAD,pepper,traditional,2025-08-07,soil_moisture_monitoring,0.223
PEP-B1-TRAD,pepper,traditional,2025-08-07,weather_data_monitoring,0.106
PEP-B2-BIOT,pepper,blockchain_iot,2025-08-07,crop_health_monitoring,0.062
PEP-B2-BIOT,pepper,blockchain_iot,2025-08-07,irrigation_maintenance,0.029
PEP-B2-BIOT,pepper,blockchain_iot,2025-08-07,irrigation_system_operation,0.009
PEP-B2-BIOT,pepper,blockchain_iot,2025-08-07,soil_moisture_monitoring,0.008
PEP-B2-BIOT,pepper,blockchain_iot,2025-08-07,system_administration,0.356
PEP-B2-BIOT,pepper,blockchain_iot,2025-08-07,weather_data_monitoring,0.009
PEP-B2-TRAD,pepper,traditional,2025-08-07,crop_health_monitoring,0.277
PEP-B2-TRAD,pepper,traditional,2025-08-07,irrigation_maintenance,0.279
PEP-B2-TRAD,pepper,traditional,2025-08-07,irrigation_system_operation,0.15
PEP-B2-TRAD,pepper,traditional,2025-08-07,soil_moisture_monitoring,0.188
PEP-B2-TRAD,pepper,traditional,2025-08-07,weather_data_monitoring,0.136
PEP-B3-BIOT,pepper,blockchain_iot,2025-08-07,crop_health_monitoring,0.065
PEP-B3-BIOT,pepper,blockchain_iot,2025-08-07,irrigation_maintenance,0.04
PEP-B3-BIOT,pepper,blockchain_iot,2025-08-07,irrigation_system_operation,0.01
PEP-B3-BIOT,pepper,blockchain_iot,2025-08-07,soil_moisture_monitoring,0.007
PEP-B3-BIOT,pepper,blockchain_iot,2025-08-07,system_administration,0.315
PEP-B3-BIOT,pepper,blockchain_iot,2025-08-07,weather_data_monitoring,0.007
PEP-B3-TRAD,pepper,traditional,2025-08-07,crop_health_monitoring,0.299
PEP-B3-TRAD,pepper,traditional,2025-08-07,irrigation_maintenance,0.207
PEP-B3-TRAD,pepper,traditional,2025-08-07,irrigation_system_operation,0.106
PEP-B3-TRAD,pepper,traditional,2025-08-07,soil_moisture_monitoring,0.113
PEP-B3-TRAD,pepper,traditional,2025-08-07,weather_data_monitoring,0.098
TOM-B1-BIOT,tomato,blockchain_iot,2025-08-07,crop_health_monitoring,0.085
TOM-B1-BIOT,tomato,blockchain_iot,2025-08-07,irrigation_maintenance,0.034
TOM-B1-BIOT,tomato,blockchain_iot,2025-08-07,irrigation_system_operation,0.017
TOM-B1-BIOT,tomato,blockchain_iot,2025-08-07,soil_moisture_monitoring,0.015
TOM-B1-BIOT,tomato,blockchain_iot,2025-08-07,system_administration,0.361
TOM-B1-BIOT,tomato,blockchain_iot,2025-08-07,weather_data_monitoring,0.013
TOM-B1-TRAD,tomato,traditional,2025-08-07,crop_health_monitoring,0.347
TOM-B1-TRAD,tomato,traditional,2025-08-07,irrigation_maintenance,0.42
TOM-B1-TRAD,tomato,traditional,2025-08-07,irrigation_system_operation,0.231
TOM-B1-TRAD,tomato,traditional,2025-08-07,soil_moisture_monitoring,0.192
TOM-B1-TRAD,tomato,traditional,2025-08-07,weather_data_monitoring,0.228
TOM-B2-BIOT,tomato,blockchain_iot,2025-08-07,crop_health_monitoring,0.079
TOM-B2-BIOT,tomato,blockchain_iot,2025-08-07,irrigation_maintenance,0.047
TOM-B2-BIOT,tomato,blockchain_iot,2025-08-07,irrigation_system_operation,0.021
TOM-B2-BIOT,tomato,blockchain_iot,2025-08-07,soil_moisture_monitoring,0.014
TOM-B2-BIOT,tomato,blockchain_iot,2025-08-07,system_administration,0.57
TOM-B2-BIOT,tomato,blockchain_iot,2025-08-07,weather_data_monitoring,0.015
TOM-B2-TRAD,tomato,traditional,2025-08-07,crop_health_monitoring,0.385
TOM-B2-TRAD,tomato,traditional,2025-08-07,irrigation_maintenance,0.51
TOM-B2-TRAD,tomato,traditional,2025-08-07,irrigation_system_operation,0.167
TOM-B2-TRAD,tomato,traditional,2025-08-07,soil_moisture_monitoring,0.258
TOM-B2-TRAD,tomato,traditional,2025-08-07,weather_data_monitoring,0.223
TOM-B3-BIOT,tomato,blockchain_iot,2025-08-07,crop_health_monitoring,0.078
TOM-B3-BIOT,tomato,blockchain_iot,2025-08-07,irrigation_maintenance,0.06
TOM-B3-BIOT,tomato,blockchain_iot,2025-08-07,irrigation_system_operation,0.014
TOM-B3-BIOT,tomato,blockchain_iot,2025-08-07,soil_moisture_monitoring,0.016
TOM-B3-BIOT,tomato,blockchain_iot,2025-08-07,system_administration,0.541
TOM-B3-BIOT,tomato,blockchain_iot,2025-08-07,weather_data_monitoring,0.013
TOM-B3-TRAD,tomato,traditional,2025-08-07,crop_health_monitoring,0.346
TOM-B3-TRAD,tomato,traditional,2025-08-07,irrigation_maintenance,0.384
TOM-B3-TRAD,tomato,traditional,2025-08-07,irrigation_system_operation,0.197
TOM-B3-TRAD,tomato,traditional,2025-08-07,soil_moisture_monitoring,0.205
TOM-B3-TRAD,tomato,traditional,2025-08-07,weather_data_monitoring,0.116
PEP-B1-BIOT,pepper,blockchain_iot,2025-08-08,irrigation_system_operation,0.007
PEP-B1-BIOT,pepper,blockchain_iot,2025-08-08,record_keeping,0.026
PEP-B1-BIOT,pepper,blockchain_iot,2025-08-08,reporting,0.03
PEP-B1-BIOT,pepper,blockchain_iot,2025-08-08,soil_moisture_monitoring,0.006
PEP-B1-TRAD,pepper,traditional,2025-08-08,irrigation_system_operation,0.115
PEP-B1-TRAD,pepper,traditional,2025-08-08,record_keeping,0.399
PEP-B1-TRAD,pepper,traditional,2025-08-08,reporting,0.098
PEP-B1-TRAD,pepper,traditional,2025-08-08,soil_moisture_monitoring,0.178
PEP-B1-TRAD,pepper,traditional,2025-08-08,troubleshooting,0.119
PEP-B2-BIOT,pepper,blockchain_iot,2025-08-08,irrigation_system_operation,0.008
PEP-B2-BIOT,pepper,blockchain_iot,2025-08-08,record_keeping,0.028
PEP-B2-BIOT,pepper,blockchain_iot,2025-08-08,reporting,0.031
PEP-B2-BIOT,pepper,blockchain_iot,2025-08-08,soil_moisture_monitoring,0.009
PEP-B2-TRAD,pepper,traditional,2025-08-08,irrigation_system_operation,0.139
PEP-B2-TRAD,pepper,traditional,2025-08-08,record_keeping,0.352
PEP-B2-TRAD,pepper,traditional,2025-08-08,reporting,0.173
PEP-B2-TRAD,pepper,traditional,2025-08-08,soil_moisture_monitoring,0.138
PEP-B2-TRAD,pepper,traditional,2025-08-08,troubleshooting,0.176
PEP-B3-BIOT,pepper,blockchain_iot,2025-08-08,irrigation_system_operation,0.009
PEP-B3-BIOT,pepper,blockchain_iot,2025-08-08,record_keeping,0.02
PEP-B3-BIOT,pepper,blockchain_iot,2025-08-08,reporting,0.034
PEP-B3-BIOT,pepper,blockchain_iot,2025-08-08,soil_moisture_monitoring,0.012
PEP-B3-TRAD,pepper,traditional,2025-08-08,irrigation_system_operation,0.116
PEP-B3-TRAD,pepper,traditional,2025-08-08,record_keeping,0.461
PEP-B3-TRAD,pepper,traditional,2025-08-08,reporting,0.106
PEP-B3-TRAD,pepper,traditional,2025-08-08,soil_moisture_monitoring,0.193
PEP-B3-TRAD,pepper,traditional,2025-08-08,troubleshooting,0.137
TOM-B1-BIOT,tomato,blockchain_iot,2025-08-08,irrigation_system_operation,0.018
TOM-B1-BIOT,tomato,blockchain_iot,2025-08-08,record_keeping,0.048
TOM-B1-BIOT,tomato,blockchain_iot,2025-08-08,reporting,0.06
TOM-B1-BIOT,tomato,blockchain_iot,2025-08-08,soil_moisture_monitoring,0.014
TOM-B1-TRAD,tomato,traditional,2025-08-08,irrigation_system_operation,0.142
TOM-B1-TRAD,tomato,traditional,2025-08-08,record_keeping,0.636
TOM-B1-TRAD,tomato,traditional,2025-08-08,reporting,0.216
TOM-B1-TRAD,tomato,traditional,2025-08-08,soil_moisture_monitoring,0.26
TOM-B1-TRAD,tomato,traditional,2025-08-08,troubleshooting,0.32
TOM-B2-BIOT,tomato,blockchain_iot,2025-08-08,irrigation_system_operation,0.016
TOM-B2-BIOT,tomato,blockchain_iot,2025-08-08,record_keeping,0.047
TOM-B2-BIOT,tomato,blockchain_iot,2025-08-08,reporting,0.052
TOM-B2-BIOT,tomato,blockchain_iot,2025-08-08,soil_moisture_monitoring,0.016
TOM-B2-TRAD,tomato,traditional,2025-08-08,irrigation_system_operation,0.138
TOM-B2-TRAD,tomato,traditional,2025-08-08,record_keeping,0.921
TOM-B2-TRAD,tomato,traditional,2025-08-08,reporting,0.217
TOM-B2-TRAD,tomato,traditional,2025-08-08,soil_moisture_monitoring,0.156
TOM-B2-TRAD,tomato,traditional,2025-08-08,troubleshooting,0.215
TOM-B3-BIOT,tomato,blockchain_iot,2025-08-08,irrigation_system_operation,0.01
TOM-B3-BIOT,tomato,blockchain_iot,2025-08-08,record_keeping,0.037
TOM-B3-BIOT,tomato,blockchain_iot,2025-08-08,reporting,0.036
TOM-B3-BIOT,tomato,blockchain_iot,2025-08-08,soil_moisture_monitoring,0.014
TOM-B3-TRAD,tomato,traditional,2025-08-08,irrigation_system_operation,0.191
TOM-B3-TRAD,tomato,traditional,2025-08-08,record_keeping,0.788
TOM-B3-TRAD,tomato,traditional,2025-08-08,reporting,0.25
TOM-B3-TRAD,tomato,traditional,2025-08-08,soil_moisture_monitoring,0.262
TOM-B3-TRAD,tomato,traditional,2025-08-08,troubleshooting,0.268
PEP-B1-BIOT,pepper,blockchain_iot,2025-08-09,crop_health_monitoring,0.054
PEP-B1-BIOT,pepper,blockchain_iot,2025-08-09,irrigation_system_operation,0.009
PEP-B1-BIOT,pepper,blockchain_iot,2025-08-09,soil_moisture_monitoring,0.007
PEP-B1-BIOT,pepper,blockchain_iot,2025-08-09,weather_data_monitoring,0.01
PEP-B1-TRAD,pepper,traditional,2025-08-09,crop_health_monitoring,0.224
PEP-B1-TRAD,pepper,traditional,2025-08-09,irrigation_system_operation,0.158
PEP-B1-TRAD,pepper,traditional,2025-08-09,soil_moisture_monitoring,0.129
PEP-B1-TRAD,pepper,traditional,2025-08-09,weather_data_monitoring,0.178
PEP-B2-BIOT,pepper,blockchain_iot,2025-08-09,crop_health_monitoring,0.053
PEP-B2-BIOT,pepper,blockchain_iot,2025-08-09,irrigation_system_operation,0.009
PEP-B2-BIOT,pepper,blockchain_iot,2025-08-09,soil_moisture_monitoring,0.007
PEP-B2-BIOT,pepper,blockchain_iot,2025-08-09,weather_data_monitoring,0.01
PEP-B2-TRAD,pepper,traditional,2025-08-09,crop_health_monitoring,0.307
PEP-B2-TRAD,pepper,traditional,2025-08-09,irrigation_system_operation,0.133
PEP-B2-TRAD,pepper,traditional,2025-08-09,soil_moisture_monitoring,0.126
PEP-B2-TRAD,pepper,traditional,2025-08-09,weather_data_monitoring,0.131
PEP-B3-BIOT,pepper,blockchain_iot,2025-08-09,crop_health_monitoring,0.053
PEP-B3-BIOT,pepper,blockchain_iot,2025-08-09,irrigation_system_operation,0.009
PEP-B3-BIOT,pepper,blockchain_iot,2025-08-09,soil_moisture_monitoring,0.007
PEP-B3-BIOT,pepper,blockchain_iot,2025-08-09,weather_data_monitoring,0.01
PEP-B3-TRAD,pepper,traditional,2025-08-09,crop_health_monitoring,0.232
PEP-B3-TRAD,pepper,traditional,2025-08-09,irrigation_system_operation,0.093
PEP-B3-TRAD,pepper,traditional,2025-08-09,soil_moisture_monitoring,0.171
PEP-B3-TRAD,pepper,traditional,2025-08-09,weather_data_monitoring,0.128
TOM-B1-BIOT,tomato,blockchain_iot,2025-08-09,crop_health_monitoring,0.138
TOM-B1-BIOT,tomato,blockchain_iot,2025-08-09,irrigation_system_operation,0.016
TOM-B1-BIOT,tomato,blockchain_iot,2025-08-09,soil_moisture_monitoring,0.01
TOM-B1-BIOT,tomato,blockchain_iot,2025-08-09,weather_data_monitoring,0.017
TOM-B1-TRAD,tomato,traditional,2025-08-09,crop_health_monitoring,0.529
TOM-B1-TRAD,tomato,traditional,2025-08-09,irrigation_system_operation,0.164
TOM-B1-TRAD,tomato,traditional,2025-08-09,soil_moisture_monitoring,0.211
TOM-B1-TRAD,tomato,traditional,2025-08-09,weather_data_monitoring,0.22
TOM-B2-BIOT,tomato,blockchain_iot,2025-08-09,crop_health_monitoring,0.1
TOM-B2-BIOT,tomato,blockchain_iot,2025-08-09,irrigation_system_operation,0.009
TOM-B2-BIOT,tomato,blockchain_iot,2025-08-09,soil_moisture_monitoring,0.009
TOM-B2-BIOT,tomato,blockchain_iot,2025-08-09,weather_data_monitoring,0.015
TOM-B2-TRAD,tomato,traditional,2025-08-09,crop_health_monitoring,0.224
TOM-B2-TRAD,tomato,traditional,2025-08-09,irrigation_system_operation,0.165
TOM-B2-TRAD,tomato,traditional,2025-08-09,soil_moisture_monitoring,0.253
TOM-B2-TRAD,tomato,traditional,2025-08-09,weather_data_monitoring,0.123
TOM-B3-BIOT,tomato,blockchain_iot,2025-08-09,crop_health_monitoring,0.088
TOM-B3-BIOT,tomato,blockchain_iot,2025-08-09,irrigation_system_operation,0.017
TOM-B3-BIOT,tomato,blockchain_iot,2025-08-09,soil_moisture_monitoring,0.012
TOM-B3-BIOT,tomato,blockchain_iot,2025-08-09,weather_data_monitoring,0.013
TOM-B3-TRAD,tomato,traditional,2025-08-09,crop_health_monitoring,0.358
TOM-B3-TRAD,tomato,traditional,2025-08-09,irrigation_system_operation,0.185
TOM-B3-TRAD,tomato,traditional,2025-08-09,soil_moisture_monitoring,0.25
TOM-B3-TRAD,tomato,traditional,2025-08-09,weather_data_monitoring,0.24
PEP-B1-BIOT,pepper,blockchain_iot,2025-08-10,irrigation_maintenance,0.04
PEP-B1-BIOT,pepper,blockchain_iot,2025-08-10,irrigation_system_operation,0.009
PEP-B1-BIOT,pepper,blockchain_iot,2025-08-10,soil_moisture_monitoring,0.008
PEP-B1-BIOT,pepper,blockchain_iot,2025-08-10,system_administration,0.27
PEP-B1-TRAD,pepper,traditional,2025-08-10,irrigation_maintenance,0.224
PEP-B1-TRAD,pepper,traditional,2025-08-10,irrigation_system_operation,0.123
PEP-B1-TRAD,pepper,traditional,2025-08-10,soil_moisture_monitoring,0.162
PEP-B2-BIOT,pepper,blockchain_iot,2025-08-10,irrigation_maintenance,0.025
PEP-B2-BIOT,pepper,blockchain_iot,2025-08-10,irrigation_system_operation,0.008
PEP-B2-BIOT,pepper,blockchain_iot,2025-08-10,soil_moisture_monitoring,0.01
PEP-B2-BIOT,pepper,blockchain_iot,2025-08-10,system_administration,0.408
PEP-B2-TRAD,pepper,traditional,2025-08-10,irrigation_maintenance,0.323
PEP-B2-TRAD,pepper,traditional,2025-08-10,irrigation_system_operation,0.097
PEP-B2-TRAD,pepper,traditional,2025-08-10,soil_moisture_monitoring,0.143
PEP-B3-BIOT,pepper,blockchain_iot,2025-08-10,irrigation_maintenance,0.045
PEP-B3-BIOT,pepper,blockchain_iot,2025-08-10,irrigation_system_operation,0.011
PEP-B3-BIOT,pepper,blockchain_iot,2025-08-10,soil_moisture_monitoring,0.007
PEP-B3-BIOT,pepper,blockchain_iot,2025-08-10,system_administration,0.279
PEP-B3-TRAD,pepper,traditional,2025-08-10,irrigation_maintenance,0.25
PEP-B3-TRAD,pepper,traditional,2025-08-10,irrigation_system_operation,0.082
PEP-B3-TRAD,pepper,traditional,2025-08-10,soil_moisture_monitoring,0.076
TOM-B1-BIOT,tomato,blockchain_iot,2025-08-10,irrigation_maintenance,0.077
TOM-B1-BIOT,tomato,blockchain_iot,2025-08-10,irrigation_system_operation,0.015
TOM-B1-BIOT,tomato,blockchain_iot,2025-08-10,soil_moisture_monitoring,0.021
TOM-B1-BIOT,tomato,blockchain_iot,2025-08-10,system_administration,0.527
TOM-B1-TRAD,tomato,traditional,2025-08-10,irrigation_maintenance,0.427
TOM-B1-TRAD,tomato,traditional,2025-08-10,irrigation_system_operation,0.134
TOM-B1-TRAD,tomato,traditional,2025-08-10,soil_moisture_monitoring,0.124
TOM-B2-BIOT,tomato,blockchain_iot,2025-08-10,irrigation_maintenance,0.078
TOM-B2-BIOT,tomato,blockchain_iot,2025-08-10,irrigation_system_operation,0.016
TOM-B2-BIOT,tomato,blockchain_iot,2025-08-10,soil_moisture_monitoring,0.016
TOM-B2-BIOT,tomato,blockchain_iot,2025-08-10,system_administration,0.571
TOM-B2-TRAD,tomato,traditional,2025-08-10,irrigation_maintenance,0.536
TOM-B2-TRAD,tomato,traditional,2025-08-10,irrigation_system_operation,0.228
TOM-B2-TRAD,tomato,traditional,2025-08-10,soil_moisture_monitoring,0.345
TOM-B3-BIOT,tomato,blockchain_iot,2025-08-10,irrigation_maintenance,0.07
TOM-B3-BIOT,tomato,blockchain_iot,2025-08-10,irrigation_system_operation,0.013
TOM-B3-BIOT,tomato,blockchain_iot,2025-08-10,soil_moisture_monitoring,0.015
TOM-B3-BIOT,tomato,blockchain_iot,2025-08-10,system_administration,0.674
TOM-B3-TRAD,tomato,traditional,2025-08-10,irrigation_maintenance,0.319
TOM-B3-TRAD,tomato,traditional,2025-08-10,irrigation_system_operation,0.179
TOM-B3-TRAD,tomato,traditional,2025-08-10,soil_moisture_monitoring,0.18
PEP-B1-BIOT,pepper,blockchain_iot,2025-08-11,crop_health_monitoring,0.061
PEP-B1-BIOT,pepper,blockchain_iot,2025-08-11,irrigation_system_operation,0.008
PEP-B1-BIOT,pepper,blockchain_iot,2025-08-11,soil_moisture_monitoring,0.007
PEP-B1-BIOT,pepper,blockchain_iot,2025-08-11,weather_data_monitoring,0.008
PEP-B1-TRAD,pepper,traditional,2025-08-11,crop_health_monitoring,0.287
PEP-B1-TRAD,pepper,traditional,2025-08-11,irrigation_system_operation,0.083
PEP-B1-TRAD,pepper,traditional,2025-08-11,soil_moisture_monitoring,0.183
PEP-B1-TRAD,pepper,traditional,2025-08-11,weather_data_monitoring,0.109
PEP-B2-BIOT,pepper,blockchain_iot,2025-08-11,crop_health_monitoring,0.05
PEP-B2-BIOT,pepper,blockchain_iot,2025-08-11,irrigation_system_operation,0.01
PEP-B2-BIOT,pepper,blockchain_iot,2025-08-11,soil_moisture_monitoring,0.01
PEP-B2-BIOT,pepper,blockchain_iot,2025-08-11,weather_data_monitoring,0.009
PEP-B2-TRAD,pepper,traditional,2025-08-11,crop_health_monitoring,0.223
PEP-B2-TRAD,pepper,traditional,2025-08-11,irrigation_system_operation,0.101
PEP-B2-TRAD,pepper,traditional,2025-08-11,soil_moisture_monitoring,0.115
PEP-B2-TRAD,pepper,traditional,2025-08-11,weather_data_monitoring,0.13
PEP-B3-BIOT,pepper,blockchain_iot,2025-08-11,crop_health_monitoring,0.065
PEP-B3-BIOT,pepper,blockchain_iot,2025-08-11,irrigation_system_operation,0.01
PEP-B3-BIOT,pepper,blockchain_iot,2025-08-11,soil_moisture_monitoring,0.01
PEP-B3-BIOT,pepper,blockchain_iot,2025-08-11,weather_data_monitoring,0.011
PEP-B3-TRAD,pepper,traditional,2025-08-11,crop_health_monitoring,0.26
PEP-B3-TRAD,pepper,traditional,2025-08-11,irrigation_system_operation,0.139
PEP-B3-TRAD,pepper,traditional,2025-08-11,soil_moisture_monitoring,0.138
PEP-B3-TRAD,pepper,traditional,2025-08-11,weather_data_monitoring,0.115
TOM-B1-BIOT,tomato,blockchain_iot,2025-08-11,crop_health_monitoring,0.068
TOM-B1-BIOT,tomato,blockchain_iot,2025-08-11,irrigation_system_operation,0.014
TOM-B1-BIOT,tomato,blockchain_iot,2025-08-11,soil_moisture_monitoring,0.014
TOM-B1-BIOT,tomato,blockchain_iot,2025-08-11,weather_data_monitoring,0.009
TOM-B1-TRAD,tomato,traditional,2025-08-11,crop_health_monitoring,0.334
TOM-B1-TRAD,tomato,traditional,2025-08-11,irrigation_system_operation,0.216
TOM-B1-TRAD,tomato,traditional,2025-08-11,soil_moisture_monitoring,0.259
TOM-B1-TRAD,tomato,traditional,2025-08-11,weather_data_monitoring,0.152
TOM-B2-BIOT,tomato,blockchain_iot,2025-08-11,crop_health_monitoring,0.107
TOM-B2-BIOT,tomato,blockchain_iot,2025-08-11,irrigation_system_operation,0.015
TOM-B2-BIOT,tomato,blockchain_iot,2025-08-11,soil_moisture_monitoring,0.014
TOM-B2-BIOT,tomato,blockchain_iot,2025-08-11,weather_data_monitoring,0.011
TOM-B2-TRAD,tomato,traditional,2025-08-11,crop_health_monitoring,0.349
TOM-B2-TRAD,tomato,traditional,2025-08-11,irrigation_system_operation,0.178
TOM-B2-TRAD,tomato,traditional,2025-08-11,soil_moisture_monitoring,0.305
TOM-B2-TRAD,tomato,traditional,2025-08-11,weather_data_monitoring,0.197
TOM-B3-BIOT,tomato,blockchain_iot,2025-08-11,crop_health_monitoring,0.093
TOM-B3-BIOT,tomato,blockchain_iot,2025-08-11,irrigation_system_operation,0.014
TOM-B3-BIOT,tomato,blockchain_iot,2025-08-11,soil_moisture_monitoring,0.013
TOM-B3-BIOT,tomato,blockchain_iot,2025-08-11,weather_data_monitoring,0.013
TOM-B3-TRAD,tomato,traditional,2025-08-11,crop_health_monitoring,0.354
TOM-B3-TRAD,tomato,traditional,2025-08-11,irrigation_system_operation,0.177
TOM-B3-TRAD,tomato,traditional,2025-08-11,soil_moisture_monitoring,0.302
TOM-B3-TRAD,tomato,traditional,2025-08-11,weather_data_monitoring,0.296
PEP-B1-BIOT,pepper,blockchain_iot,2025-08-12,irrigation_system_operation,0.01
PEP-B1-BIOT,pepper,blockchain_iot,2025-08-12,soil_moisture_monitoring,0.007
PEP-B1-TRAD,pepper,traditional,2025-08-12,irrigation_system_operation,0.115
PEP-B1-TRAD,pepper,traditional,2025-08-12,soil_moisture_monitoring,0.114
PEP-B2-BIOT,pepper,blockchain_iot,2025-08-12,irrigation_system_operation,0.008
PEP-B2-BIOT,pepper,blockchain_iot,2025-08-12,soil_moisture_monitoring,0.01
PEP-B2-TRAD,pepper,traditional,2025-08-12,irrigation_system_operation,0.13
PEP-B2-TRAD,pepper,traditional,2025-08-12,soil_moisture_monitoring,0.122
PEP-B3-BIOT,pepper,blockchain_iot,2025-08-12,irrigation_system_operation,0.01
PEP-B3-BIOT,pepper,blockchain_iot,2025-08-12,soil_moisture_monitoring,0.01
PEP-B3-TRAD,pepper,traditional,2025-08-12,irrigation_system_operation,0.118
PEP-B3-TRAD,pepper,traditional,2025-08-12,soil_moisture_monitoring,0.098
TOM-B1-BIOT,tomato,blockchain_iot,2025-08-12,irrigation_system_operation,0.011
TOM-B1-BIOT,tomato,blockchain_iot,2025-08-12,soil_moisture_monitoring,0.012
TOM-B1-TRAD,tomato,traditional,2025-08-12,irrigation_system_operation,0.17
TOM-B1-TRAD,tomato,traditional,2025-08-12,soil_moisture_monitoring,0.24
TOM-B2-BIOT,tomato,blockchain_iot,2025-08-12,irrigation_system_operation,0.011
TOM-B2-BIOT,tomato,blockchain_iot,2025-08-12,soil_moisture_monitoring,0.014
TOM-B2-TRAD,tomato,traditional,2025-08-12,irrigation_system_operation,0.145
TOM-B2-TRAD,tomato,traditional,2025-08-12,soil_moisture_monitoring,0.24
TOM-B3-BIOT,tomato,blockchain_iot,2025-08-12,irrigation_system_operation,0.014
TOM-B3-BIOT,tomato,blockchain_iot,2025-08-12,soil_moisture_monitoring,0.015
TOM-B3-TRAD,tomato,traditional,2025-08-12,irrigation_system_operation,0.202
TOM-B3-TRAD,tomato,traditional,2025-08-12,soil_moisture_monitoring,0.246
PEP-B1-BIOT,pepper,blockchain_iot,2025-08-13,crop_health_monitoring,0.065
PEP-B1-BIOT,pepper,blockchain_iot,2025-08-13,irrigation_maintenance,0.052
PEP-B1-BIOT,pepper,blockchain_iot,2025-08-13,irrigation_system_operation,0.01
PEP-B1-BIOT,pepper,blockchain_iot,2025-08-13,soil_moisture_monitoring,0.01
PEP-B1-BIOT,pepper,blockchain_iot,2025-08-13,system_administration,0.292
PEP-B1-BIOT,pepper,blockchain_iot,2025-08-13,weather_data_monitoring,0.008
PEP-B1-TRAD,pepper,traditional,2025-08-13,crop_health_monitoring,0.27
PEP-B1-TRAD,pepper,traditional,2025-08-13,irrigation_maintenance,0.298
PEP-B1-TRAD,pepper,traditional,2025-08-13,irrigation_system_operation,0.085
PEP-B1-TRAD,pepper,traditional,2025-08-13,soil_moisture_monitoring,0.151
PEP-B1-TRAD,pepper,traditional,2025-08-13,weather_data_monitoring,0.116
PEP-B2-BIOT,pepper,blockchain_iot,2025-08-13,crop_health_monitoring,0.028
PEP-B2-BIOT,pepper,blockchain_iot,2025-08-13,irrigation_maintenance,0.051
PEP-B2-BIOT,pepper,blockchain_iot,2025-08-13,irrigation_system_operation,0.008
PEP-B2-BIOT,pepper,blockchain_iot,2025-08-13,soil_moisture_monitoring,0.009
PEP-B2-BIOT,pepper,blockchain_iot,2025-08-13,system_administration,0.294
PEP-B2-BIOT,pepper,blockchain_iot,2025-08-13,weather_data_monitoring,0.009
PEP-B2-TRAD,pepper,traditional,2025-08-13,crop_health_monitoring,0.296
PEP-B2-TRAD,pepper,traditional,2025-08-13,irrigation_maintenance,0.225
PEP-B2-TRAD,pepper,traditional,2025-08-13,irrigation_system_operation,0.097
PEP-B2-TRAD,pepper,traditional,2025-08-13,soil_moisture_monitoring,0.109
PEP-B2-TRAD,pepper,traditional,2025-08-13,weather_data_monitoring,0.141
PEP-B3-BIOT,pepper,blockchain_iot,2025-08-13,crop_health_monitoring,0.07
PEP-B3-BIOT,pepper,blockchain_iot,2025-08-13,irrigation_maintenance,0.038
PEP-B3-BIOT,pepper,blockchain_iot,2025-08-13,irrigation_system_operation,0.012
PEP-B3-BIOT,pepper,blockchain_iot,2025-08-13,soil_moisture_monitoring,0.008
PEP-B3-BIOT,pepper,blockchain_iot,2025-08-13,system_administration,0.321
PEP-B3-BIOT,pepper,blockchain_iot,2025-08-13,weather_data_monitoring,0.008
PEP-B3-TRAD,pepper,traditional,2025-08-13,crop_health_monitoring,0.243
PEP-B3-TRAD,pepper,traditional,2025-08-13,irrigation_maintenance,0.26
PEP-B3-TRAD,pepper,traditional,2025-08-13,irrigation_system_operation,0.133
PEP-B3-TRAD,pepper,traditional,2025-08-13,soil_moisture_monitoring,0.143
PEP-B3-TRAD,pepper,traditional,2025-08-13,weather_data_monitoring,0.122
TOM-B1-BIOT,tomato,blockchain_iot,2025-08-13,crop_health_monitoring,0.063
TOM-B1-BIOT,tomato,blockchain_iot,2025-08-13,irrigation_maintenance,0.073
TOM-B1-BIOT,tomato,blockchain_iot,2025-08-13,irrigation_system_operation,0.014
TOM-B1-BIOT,tomato,blockchain_iot,2025-08-13,soil_moisture_monitoring,0.015
TOM-B1-BIOT,tomato,blockchain_iot,2025-08-13,system_administration,0.538
TOM-B1-BIOT,tomato,blockchain_iot,2025-08-13,weather_data_monitoring,0.016
TOM-B1-TRAD,tomato,traditional,2025-08-13,crop_health_monitoring,0.307
TOM-B1-TRAD,tomato,traditional,2025-08-13,irrigation_maintenance,0.449
TOM-B1-TRAD,tomato,traditional,2025-08-13,irrigation_system_operation,0.2
TOM-B1-TRAD,tomato,traditional,2025-08-13,soil_moisture_monitoring,0.288
TOM-B1-TRAD,tomato,traditional,2025-08-13,weather_data_monitoring,0.221
TOM-B2-BIOT,tomato,blockchain_iot,2025-08-13,crop_health_monitoring,0.111
TOM-B2-BIOT,tomato,blockchain_iot,2025-08-13,irrigation_maintenance,0.062
TOM-B2-BIOT,tomato,blockchain_iot,2025-08-13,irrigation_system_operation,0.01
TOM-B2-BIOT,tomato,blockchain_iot,2025-08-13,soil_moisture_monitoring,0.014
TOM-B2-BIOT,tomato,blockchain_iot,2025-08-13,system_administration,0.612
TOM-B2-BIOT,tomato,blockchain_iot,2025-08-13,weather_data_monitoring,0.012
TOM-B2-TRAD,tomato,traditional,2025-08-13,crop_health_monitoring,0.338
TOM-B2-TRAD,tomato,traditional,2025-08-13,irrigation_maintenance,0.497
TOM-B2-TRAD,tomato,traditional,2025-08-13,irrigation_system_operation,0.166
TOM-B2-TRAD,tomato,traditional,2025-08-13,soil_moisture_monitoring,0.212
TOM-B2-TRAD,tomato,traditional,2025-08-13,weather_data_monitoring,0.155
TOM-B3-BIOT,tomato,blockchain_iot,2025-08-13,crop_health_monitoring,0.069
TOM-B3-BIOT,tomato,blockchain_iot,2025-08-13,irrigation_maintenance,0.054
TOM-B3-BIOT,tomato,blockchain_iot,2025-08-13,irrigation_system_operation,0.015
TOM-B3-BIOT,tomato,blockchain_iot,2025-08-13,soil_moisture_monitoring,0.016
TOM-B3-BIOT,tomato,blockchain_iot,2025-08-13,system_administration,0.513
TOM-B3-BIOT,tomato,blockchain_iot,2025-08-13,weather_data_monitoring,0.015
TOM-B3-TRAD,tomato,traditional,2025-08-13,crop_health_monitoring,0.332
TOM-B3-TRAD,tomato,traditional,2025-08-13,irrigation_maintenance,0.433
TOM-B3-TRAD,tomato,traditional,2025-08-13,irrigation_system_operation,0.213
TOM-B3-TRAD,tomato,traditional,2025-08-13,soil_moisture_monitoring,0.192
TOM-B3-TRAD,tomato,traditional,2025-08-13,weather_data_monitoring,0.228
PEP-B1-BIOT,pepper,blockchain_iot,2025-08-14,irrigation_system_operation,0.007
PEP-B1-BIOT,pepper,blockchain_iot,2025-08-14,soil_moisture_monitoring,0.006
PEP-B1-TRAD,pepper,traditional,2025-08-14,irrigation_system_operation,0.104
PEP-B1-TRAD,pepper,traditional,2025-08-14,soil_moisture_monitoring,0.154
PEP-B2-BIOT,pepper,blockchain_iot,2025-08-14,irrigation_system_operation,0.007
PEP-B2-BIOT,pepper,blockchain_iot,2025-08-14,soil_moisture_monitoring,0.008
PEP-B2-TRAD,pepper,traditional,2025-08-14,irrigation_system_operation,0.086
PEP-B2-TRAD,pepper,traditional,2025-08-14,soil_moisture_monitoring,0.117
PEP-B3-BIOT,pepper,blockchain_iot,2025-08-14,irrigation_system_operation,0.01
PEP-B3-BIOT,pepper,blockchain_iot,2025-08-14,soil_moisture_monitoring,0.009
PEP-B3-TRAD,pepper,traditional,2025-08-14,irrigation_system_operation,0.104
PEP-B3-TRAD,pepper,traditional,2025-08-14,soil_moisture_monitoring,0.171
TOM-B1-BIOT,tomato,blockchain_iot,2025-08-14,irrigation_system_operation,0.012
TOM-B1-BIOT,tomato,blockchain_iot,2025-08-14,soil_moisture_monitoring,0.011
TOM-B1-TRAD,tomato,traditional,2025-08-14,irrigation_system_operation,0.273
TOM-B1-TRAD,tomato,traditional,2025-08-14,soil_moisture_monitoring,0.378
TOM-B2-BIOT,tomato,blockchain_iot,2025-08-14,irrigation_system_operation,0.01
TOM-B2-BIOT,tomato,blockchain_iot,2025-08-14,soil_moisture_monitoring,0.012
TOM-B2-TRAD,tomato,traditional,2025-08-14,irrigation_system_operation,0.119
TOM-B2-TRAD,tomato,traditional,2025-08-14,soil_moisture_monitoring,0.266
TOM-B3-BIOT,tomato,blockchain_iot,2025-08-14,irrigation_system_operation,0.013
TOM-B3-BIOT,tomato,blockchain_iot,2025-08-14,soil_moisture_monitoring,0.016
TOM-B3-TRAD,tomato,traditional,2025-08-14,irrigation_system_operation,0.105
TOM-B3-TRAD,tomato,traditional,2025-08-14,soil_moisture_monitoring,0.295
PEP-B1-BIOT,pepper,blockchain_iot,2025-08-15,certification,0.039
PEP-B1-BIOT,pepper,blockchain_iot,2025-08-15,crop_health_monitoring,0.063
PEP-B1-BIOT,pepper,blockchain_iot,2025-08-15,irrigation_system_operation,0.01
PEP-B1-BIOT,pepper,blockchain_iot,2025-08-15,record_keeping,0.023
PEP-B1-BIOT,pepper,blockchain_iot,2025-08-15,reporting,0.031
PEP-B1-BIOT,pepper,blockchain_iot,2025-08-15,soil_moisture_monitoring,0.007
PEP-B1-BIOT,pepper,blockchain_iot,2025-08-15,weather_data_monitoring,0.01
PEP-B1-TRAD,pepper,traditional,2025-08-15,certification,0.258
PEP-B1-TRAD,pepper,traditional,2025-08-15,crop_health_monitoring,0.291
PEP-B1-TRAD,pepper,traditional,2025-08-15,irrigation_system_operation,0.103
PEP-B1-TRAD,pepper,traditional,2025-08-15,record_keeping,0.457
PEP-B1-TRAD,pepper,traditional,2025-08-15,reporting,0.135
PEP-B1-TRAD,pepper,traditional,2025-08-15,soil_moisture_monitoring,0.155
PEP-B1-TRAD,pepper,traditional,2025-08-15,troubleshooting,0.166
PEP-B1-TRAD,pepper,traditional,2025-08-15,weather_data_monitoring,0.112
PEP-B2-BIOT,pepper,blockchain_iot,2025-08-15,certification,0.05
PEP-B2-BIOT,pepper,blockchain_iot,2025-08-15,crop_health_monitoring,0.055
PEP-B2-BIOT,pepper,blockchain_iot,2025-08-15,irrigation_system_operation,0.007
PEP-B2-BIOT,pepper,blockchain_iot,2025-08-15,record_keeping,0.033
PEP-B2-BIOT,pepper,blockchain_iot,2025-08-15,reporting,0.035
PEP-B2-BIOT,pepper,blockchain_iot,2025-08-15,soil_moisture_monitoring,0.008
PEP-B2-BIOT,pepper,blockchain_iot,2025-08-15,weather_data_monitoring,0.009
PEP-B2-TRAD,pepper,traditional,2025-08-15,certification,0.239
PEP-B2-TRAD,pepper,traditional,2025-08-15,crop_health_monitoring,0.182
PEP-B2-TRAD,pepper,traditional,2025-08-15,irrigation_system_operation,0.091
PEP-B2-TRAD,pepper,traditional,2025-08-15,record_keeping,0.312
PEP-B2-TRAD,pepper,traditional,2025-08-15,reporting,0.121
PEP-B2-TRAD,pepper,traditional,2025-08-15,soil_moisture_monitoring,0.194
PEP-B2-TRAD,pepper,traditional,2025-08-15,troubleshooting,0.149
PEP-B2-TRAD,pepper,traditional,2025-08-15,weather_data_monitoring,0.088
PEP-B3-BIOT,pepper,blockchain_iot,2025-08-15,certification,0.064
PEP-B3-BIOT,pepper,blockchain_iot,2025-08-15,crop_health_monitoring,0.048
PEP-B3-BIOT,pepper,blockchain_iot,2025-08-15,irrigation_system_operation,0.011
PEP-B3-BIOT,pepper,blockchain_iot,2025-08-15,record_keeping,0.026
PEP-B3-BIOT,pepper,blockchain_iot,2025-08-15,reporting,0.026
PEP-B3-BIOT,pepper,blockchain_iot,2025-08-15,soil_moisture_monitoring,0.008
PEP-B3-BIOT,pepper,blockchain_iot,2025-08-15,weather_data_monitoring,0.008
PEP-B3-TRAD,pepper,traditional,2025-08-15,certification,0.297
PEP-B3-TRAD,pepper,traditional,2025-08-15,crop_health_monitoring,0.274
PEP-B3-TRAD,pepper,traditional,2025-08-15,irrigation_system_operation,0.101
PEP-B3-TRAD,pepper,traditional,2025-08-15,record_keeping,0.428
PEP-B3-TRAD,pepper,traditional,2025-08-15,reporting,0.178
PEP-B3-TRAD,pepper,traditional,2025-08-15,soil_moisture_monitoring,0.182
PEP-B3-TRAD,pepper,traditional,2025-08-15,troubleshooting,0.143
PEP-B3-TRAD,pepper,traditional,2025-08-15,weather_data_monitoring,0.119
TOM-B1-BIOT,tomato,blockchain_iot,2025-08-15,certification,0.068
TOM-B1-BIOT,tomato,blockchain_iot,2025-08-15,crop_health_monitoring,0.125
TOM-B1-BIOT,tomato,blockchain_iot,2025-08-15,irrigation_system_operation,0.015
TOM-B1-BIOT,tomato,blockchain_iot,2025-08-15,record_keeping,0.038
TOM-B1-BIOT,tomato,blockchain_iot,2025-08-15,reporting,0.067
TOM-B1-BIOT,tomato,blockchain_iot,2025-08-15,soil_moisture_monitoring,0.009
TOM-B1-BIOT,tomato,blockchain_iot,2025-08-15,weather_data_monitoring,0.017
TOM-B1-TRAD,tomato,traditional,2025-08-15,certification,0.365
TOM-B1-TRAD,tomato,traditional,2025-08-15,crop_health_monitoring,0.487
TOM-B1-TRAD,tomato,traditional,2025-08-15,irrigation_system_operation,0.143
TOM-B1-TRAD,tomato,traditional,2025-08-15,record_keeping,0.737
TOM-B1-TRAD,tomato,traditional,2025-08-15,reporting,0.259
TOM-B1-TRAD,tomato,traditional,2025-08-15,soil_moisture_monitoring,0.197
TOM-B1-TRAD,tomato,traditional,2025-08-15,troubleshooting,0.268
TOM-B1-TRAD,tomato,traditional,2025-08-15,weather_data_monitoring,0.283
TOM-B2-BIOT,tomato,blockchain_iot,2025-08-15,certification,0.085
TOM-B2-BIOT,tomato,blockchain_iot,2025-08-15,crop_health_monitoring,0.068
TOM-B2-BIOT,tomato,blockchain_iot,2025-08-15,irrigation_system_operation,0.017
TOM-B2-BIOT,tomato,blockchain_iot,2025-08-15,record_keeping,0.045
TOM-B2-BIOT,tomato,blockchain_iot,2025-08-15,reporting,0.06
TOM-B2-BIOT,tomato,blockchain_iot,2025-08-15,soil_moisture_monitoring,0.006
TOM-B2-BIOT,tomato,blockchain_iot,2025-08-15,weather_data_monitoring,0.01
TOM-B2-TRAD,tomato,traditional,2025-08-15,certification,0.519
TOM-B2-TRAD,tomato,traditional,2025-08-15,crop_health_monitoring,0.53
TOM-B2-TRAD,tomato,traditional,2025-08-15,irrigation_system_operation,0.172
TOM-B2-TRAD,tomato,traditional,2025-08-15,record_keeping,0.669
TOM-B2-TRAD,tomato,traditional,2025-08-15,reporting,0.266
TOM-B2-TRAD,tomato,traditional,2025-08-15,soil_moisture_monitoring,0.184
TOM-B2-TRAD,tomato,traditional,2025-08-15,troubleshooting,0.229
TOM-B2-TRAD,tomato,traditional,2025-08-15,weather_data_monitoring,0.194
TOM-B3-BIOT,tomato,blockchain_iot,2025-08-15,certification,0.074
TOM-B3-BIOT,tomato,blockchain_iot,2025-08-15,crop_health_monitoring,0.069
TOM-B3-BIOT,tomato,blockchain_iot,2025-08-15,irrigation_system_operation,0.015
TOM-B3-BIOT,tomato,blockchain_iot,2025-08-15,record_keeping,0.051
TOM-B3-BIOT,tomato,blockchain_iot,2025-08-15,reporting,0.039
TOM-B3-BIOT,tomato,blockchain_iot,2025-08-15,soil_moisture_monitoring,0.013
TOM-B3-BIOT,tomato,blockchain_iot,2025-08-15,weather_data_monitoring,0.011
TOM-B3-TRAD,tomato,traditional,2025-08-15,certification,0.431
TOM-B3-TRAD,tomato,traditional,2025-08-15,crop_health_monitoring,0.506
TOM-B3-TRAD,tomato,traditional,2025-08-15,irrigation_system_operation,0.184
TOM-B3-TRAD,tomato,traditional,2025-08-15,record_keeping,0.561
TOM-B3-TRAD,tomato,traditional,2025-08-15,reporting,0.257
TOM-B3-TRAD,tomato,traditional,2025-08-15,soil_moisture_monitoring,0.255
TOM-B3-TRAD,tomato,traditional,2025-08-15,troubleshooting,0.234
TOM-B3-TRAD,tomato,traditional,2025-08-15,weather_data_monitoring,0.205
PEP-B1-BIOT,pepper,blockchain_iot,2025-08-16,irrigation_maintenance,0.045
PEP-B1-BIOT,pepper,blockchain_iot,2025-08-16,irrigation_system_operation,0.009
PEP-B1-BIOT,pepper,blockchain_iot,2025-08-16,soil_moisture_monitoring,0.008
PEP-B1-BIOT,pepper,blockchain_iot,2025-08-16,system_administration,0.246
PEP-B1-TRAD,pepper,traditional,2025-08-16,irrigation_maintenance,0.292
PEP-B1-TRAD,pepper,traditional,2025-08-16,irrigation_system_operation,0.097
PEP-B1-TRAD,pepper,traditional,2025-08-16,soil_moisture_monitoring,0.239
PEP-B2-BIOT,pepper,blockchain_iot,2025-08-16,irrigation_maintenance,0.044
PEP-B2-BIOT,pepper,blockchain_iot,2025-08-16,irrigation_system_operation,0.01
PEP-B2-BIOT,pepper,blockchain_iot,2025-08-16,soil_moisture_monitoring,0.006
PEP-B2-BIOT,pepper,blockchain_iot,2025-08-16,system_administration,0.228
PEP-B2-TRAD,pepper,traditional,2025-08-16,irrigation_maintenance,0.305
PEP-B2-TRAD,pepper,traditional,2025-08-16,irrigation_system_operation,0.113
PEP-B2-TRAD,pepper,traditional,2025-08-16,soil_moisture_monitoring,0.122
PEP-B3-BIOT,pepper,blockchain_iot,2025-08-16,irrigation_maintenance,0.025
PEP-B3-BIOT,pepper,blockchain_iot,2025-08-16,irrigation_system_operation,0.008
PEP-B3-BIOT,pepper,blockchain_iot,2025-08-16,soil_moisture_monitoring,0.01
PEP-B3-BIOT,pepper,blockchain_iot,2025-08-16,system_administration,0.305
PEP-B3-TRAD,pepper,traditional,2025-08-16,irrigation_maintenance,0.24
PEP-B3-TRAD,pepper,traditional,2025-08-16,irrigation_system_operation,0.099
PEP-B3-TRAD,pepper,traditional,2025-08-16,soil_moisture_monitoring,0.127
TOM-B1-BIOT,tomato,blockchain_iot,2025-08-16,irrigation_maintenance,0.085
TOM-B1-BIOT,tomato,blockchain_iot,2025-08-16,irrigation_system_operation,0.013
TOM-B1-BIOT,tomato,blockchain_iot,2025-08-16,soil_moisture_monitoring,0.011
TOM-B1-BIOT,tomato,blockchain_iot,2025-08-16,system_administration,0.372
TOM-B1-TRAD,tomato,traditional,2025-08-16,irrigation_maintenance,0.325
TOM-B1-TRAD,tomato,traditional,2025-08-16,irrigation_system_operation,0.188
TOM-B1-TRAD,tomato,traditional,2025-08-16,soil_moisture_monitoring,0.257
TOM-B2-BIOT,tomato,blockchain_iot,2025-08-16,irrigation_maintenance,0.067
TOM-B2-BIOT,tomato,blockchain_iot,2025-08-16,irrigation_system_operation,0.015
TOM-B2-BIOT,tomato,blockchain_iot,2025-08-16,soil_moisture_monitoring,0.011
TOM-B2-BIOT,tomato,blockchain_iot,2025-08-16,system_administration,0.358
TOM-B2-TRAD,tomato,traditional,2025-08-16,irrigation_maintenance,0.243
TOM-B2-TRAD,tomato,traditional,2025-08-16,irrigation_system_operation,0.098
TOM-B2-TRAD,tomato,traditional,2025-08-16,soil_moisture_monitoring,0.222
TOM-B3-BIOT,tomato,blockchain_iot,2025-08-16,irrigation_maintenance,0.057
TOM-B3-BIOT,tomato,blockchain_iot,2025-08-16,irrigation_system_operation,0.02
TOM-B3-BIOT,tomato,blockchain_iot,2025-08-16,soil_moisture_monitoring,0.016
TOM-B3-BIOT,tomato,blockchain_iot,2025-08-16,system_administration,0.468
TOM-B3-TRAD,tomato,traditional,2025-08-16,irrigation_maintenance,0.595
TOM-B3-TRAD,tomato,traditional,2025-08-16,irrigation_system_operation,0.142
TOM-B3-TRAD,tomato,traditional,2025-08-16,soil_moisture_monitoring,0.179
PEP-B1-BIOT,pepper,blockchain_iot,2025-08-17,crop_health_monitoring,0.072
PEP-B1-BIOT,pepper,blockchain_iot,2025-08-17,irrigation_system_operation,0.007
PEP-B1-BIOT,pepper,blockchain_iot,2025-08-17,soil_moisture_monitoring,0.008
PEP-B1-BIOT,pepper,blockchain_iot,2025-08-17,weather_data_monitoring,0.006
PEP-B1-TRAD,pepper,traditional,2025-08-17,crop_health_monitoring,0.245
PEP-B1-TRAD,pepper,traditional,2025-08-17,irrigation_system_operation,0.133
PEP-B1-TRAD,pepper,traditional,2025-08-17,soil_moisture_monitoring,0.157
PEP-B1-TRAD,pepper,traditional,2025-08-17,weather_data_monitoring,0.135
PEP-B2-BIOT,pepper,blockchain_iot,2025-08-17,crop_health_monitoring,0.06
PEP-B2-BIOT,pepper,blockchain_iot,2025-08-17,irrigation_system_operation,0.006
PEP-B2-BIOT,pepper,blockchain_iot,2025-08-17,soil_moisture_monitoring,0.01
PEP-B2-BIOT,pepper,blockchain_iot,2025-08-17,weather_data_monitoring,0.01
PEP-B2-TRAD,pepper,traditional,2025-08-17,crop_health_monitoring,0.226
PEP-B2-TRAD,pepper,traditional,2025-08-17,irrigation_system_operation,0.136
PEP-B2-TRAD,pepper,traditional,2025-08-17,soil_moisture_monitoring,0.185
PEP-B2-TRAD,pepper,traditional,2025-08-17,weather_data_monitoring,0.121
PEP-B3-BIOT,pepper,blockchain_iot,2025-08-17,crop_health_monitoring,0.073
PEP-B3-BIOT,pepper,blockchain_iot,2025-08-17,irrigation_system_operation,0.011
PEP-B3-BIOT,pepper,blockchain_iot,2025-08-17,soil_moisture_monitoring,0.006
PEP-B3-BIOT,pepper,blockchain_iot,2025-08-17,weather_data_monitoring,0.007
PEP-B3-TRAD,pepper,traditional,2025-08-17,crop_health_monitoring,0.284
PEP-B3-TRAD,pepper,traditional,2025-08-17,irrigation_system_operation,0.098
PEP-B3-TRAD,pepper,traditional,2025-08-17,soil_moisture_monitoring,0.166
PEP-B3-TRAD,pepper,traditional,2025-08-17,weather_data_monitoring,0.123
TOM-B1-BIOT,tomato,blockchain_iot,2025-08-17,crop_health_monitoring,0.119
TOM-B1-BIOT,tomato,blockchain_iot,2025-08-17,irrigation_system_operation,0.016
TOM-B1-BIOT,tomato,blockchain_iot,2025-08-17,soil_moisture_monitoring,0.014
TOM-B1-BIOT,tomato,blockchain_iot,2025-08-17,weather_data_monitoring,0.017
TOM-B1-TRAD,tomato,traditional,2025-08-17,crop_health_monitoring,0.419
TOM-B1-TRAD,tomato,traditional,2025-08-17,irrigation_system_operation,0.218
TOM-B1-TRAD,tomato,traditional,2025-08-17,soil_moisture_monitoring,0.171
TOM-B1-TRAD,tomato,traditional,2025-08-17,weather_data_monitoring,0.22
TOM-B2-BIOT,tomato,blockchain_iot,2025-08-17,crop_health_monitoring,0.075
TOM-B2-BIOT,tomato,blockchain_iot,2025-08-17,irrigation_system_operation,0.019
TOM-B2-BIOT,tomato,blockchain_iot,2025-08-17,soil_moisture_monitoring,0.014
TOM-B2-BIOT,tomato,blockchain_iot,2025-08-17,weather_data_monitoring,0.012
TOM-B2-TRAD,tomato,traditional,2025-08-17,crop_health_monitoring,0.279
TOM-B2-TRAD,tomato,traditional,2025-08-17,irrigation_system_operation,0.207
TOM-B2-TRAD,tomato,traditional,2025-08-17,soil_moisture_monitoring,0.242
TOM-B2-TRAD,tomato,traditional,2025-08-17,weather_data_monitoring,0.24
TOM-B3-BIOT,tomato,blockchain_iot,2025-08-17,crop_health_monitoring,0.075
TOM-B3-BIOT,tomato,blockchain_iot,2025-08-17,irrigation_system_operation,0.016
TOM-B3-BIOT,tomato,blockchain_iot,2025-08-17,soil_moisture_monitoring,0.015
TOM-B3-BIOT,tomato,blockchain_iot,2025-08-17,weather_data_monitoring,0.015
TOM-B3-TRAD,tomato,traditional,2025-08-17,crop_health_monitoring,0.415
TOM-B3-TRAD,tomato,traditional,2025-08-17,irrigation_system_operation,0.155
TOM-B3-TRAD,tomato,traditional,2025-08-17,soil_moisture_monitoring,0.246
TOM-B3-TRAD,tomato,traditional,2025-08-17,weather_data_monitoring,0.265
PEP-B1-BIOT,pepper,blockchain_iot,2025-08-18,irrigation_system_operation,0.008
PEP-B1-BIOT,pepper,blockchain_iot,2025-08-18,soil_moisture_monitoring,0.008
PEP-B1-TRAD,pepper,traditional,2025-08-18,irrigation_system_operation,0.107
PEP-B1-TRAD,pepper,traditional,2025-08-18,soil_moisture_monitoring,0.179
PEP-B2-BIOT,pepper,blockchain_iot,2025-08-18,irrigation_system_operation,0.011
PEP-B2-BIOT,pepper,blockchain_iot,2025-08-18,soil_moisture_monitoring,0.01
PEP-B2-TRAD,pepper,traditional,2025-08-18,irrigation_system_operation,0.103
PEP-B2-TRAD,pepper,traditional,2025-08-18,soil_moisture_monitoring,0.134
PEP-B3-BIOT,pepper,blockchain_iot,2025-08-18,irrigation_system_operation,0.009
PEP-B3-BIOT,pepper,blockchain_iot,2025-08-18,soil_moisture_monitoring,0.005
PEP-B3-TRAD,pepper,traditional,2025-08-18,irrigation_system_operation,0.092
PEP-B3-TRAD,pepper,traditional,2025-08-18,soil_moisture_monitoring,0.183
TOM-B1-BIOT,tomato,blockchain_iot,2025-08-18,irrigation_system_operation,0.018
TOM-B1-BIOT,tomato,blockchain_iot,2025-08-18,soil_moisture_monitoring,0.018
TOM-B1-TRAD,tomato,traditional,2025-08-18,irrigation_system_operation,0.181
TOM-B1-TRAD,tomato,traditional,2025-08-18,soil_moisture_monitoring,0.226
TOM-B2-BIOT,tomato,blockchain_iot,2025-08-18,irrigation_system_operation,0.02
TOM-B2-BIOT,tomato,blockchain_iot,2025-08-18,soil_moisture_monitoring,0.01
TOM-B2-TRAD,tomato,traditional,2025-08-18,irrigation_system_operation,0.206
TOM-B2-TRAD,tomato,traditional,2025-08-18,soil_moisture_monitoring,0.215
TOM-B3-BIOT,tomato,blockchain_iot,2025-08-18,irrigation_system_operation,0.016
TOM-B3-BIOT,tomato,blockchain_iot,2025-08-18,soil_moisture_monitoring,0.014
TOM-B3-TRAD,tomato,traditional,2025-08-18,irrigation_system_operation,0.176
TOM-B3-TRAD,tomato,traditional,2025-08-18,soil_moisture_monitoring,0.276
PEP-B1-BIOT,pepper,blockchain_iot,2025-08-19,crop_health_monitoring,0.066
PEP-B1-BIOT,pepper,blockchain_iot,2025-08-19,irrigation_maintenance,0.042
PEP-B1-BIOT,pepper,blockchain_iot,2025-08-19,irrigation_system_operation,0.007
PEP-B1-BIOT,pepper,blockchain_iot,2025-08-19,soil_moisture_monitoring,0.01
PEP-B1-BIOT,pepper,blockchain_iot,2025-08-19,system_administration,0.323
PEP-B1-BIOT,pepper,blockchain_iot,2025-08-19,weather_data_monitoring,0.011
PEP-B1-TRAD,pepper,traditional,2025-08-19,crop_health_monitoring,0.299
PEP-B1-TRAD,pepper,traditional,2025-08-19,irrigation_maintenance,0.312
PEP-B1-TRAD,pepper,traditional,2025-08-19,irrigation_system_operation,0.108
PEP-B1-TRAD,pepper,traditional,2025-08-19,soil_moisture_monitoring,0.123
PEP-B1-TRAD,pepper,traditional,2025-08-19,weather_data_monitoring,0.177
PEP-B2-BIOT,pepper,blockchain_iot,2025-08-19,crop_health_monitoring,0.051
PEP-B2-BIOT,pepper,blockchain_iot,2025-08-19,irrigation_maintenance,0.039
PEP-B2-BIOT,pepper,blockchain_iot,2025-08-19,irrigation_system_operation,0.008
PEP-B2-BIOT,pepper,blockchain_iot,2025-08-19,soil_moisture_monitoring,0.006
PEP-B2-BIOT,pepper,blockchain_iot,2025-08-19,system_administration,0.343
PEP-B2-BIOT,pepper,blockchain_iot,2025-08-19,weather_data_monitoring,0.005
PEP-B2-TRAD,pepper,traditional,2025-08-19,crop_health_monitoring,0.281
PEP-B2-TRAD,pepper,traditional,2025-08-19,irrigation_maintenance,0.202
PEP-B2-TRAD,pepper,traditional,2025-08-19,irrigation_system_operation,0.129
PEP-B2-TRAD,pepper,traditional,2025-08-19,soil_moisture_monitoring,0.092
PEP-B2-TRAD,pepper,traditional,2025-08-19,weather_data_monitoring,0.155
PEP-B3-BIOT,pepper,blockchain_iot,2025-08-19,crop_health_monitoring,0.077
PEP-B3-BIOT,pepper,blockchain_iot,2025-08-19,irrigation_maintenance,0.033
PEP-B3-BIOT,pepper,blockchain_iot,2025-08-19,irrigation_system_operation,0.008
PEP-B3-BIOT,pepper,blockchain_iot,2025-08-19,soil_moisture_monitoring,0.01
PEP-B3-BIOT,pepper,blockchain_iot,2025-08-19,system_administration,0.366
PEP-B3-BIOT,pepper,blockchain_iot,2025-08-19,weather_data_monitoring,0.01
PEP-B3-TRAD,pepper,traditional,2025-08-19,crop_health_monitoring,0.252
PEP-B3-TRAD,pepper,traditional,2025-08-19,irrigation_maintenance,0.352
PEP-B3-TRAD,pepper,traditional,2025-08-19,irrigation_system_operation,0.115
PEP-B3-TRAD,pepper,traditional,2025-08-19,soil_moisture_monitoring,0.121
PEP-B3-TRAD,pepper,traditional,2025-08-19,weather_data_monitoring,0.117
TOM-B1-BIOT,tomato,blockchain_iot,2025-08-19,crop_health_monitoring,0.109
TOM-B1-BIOT,tomato,blockchain_iot,2025-08-19,irrigation_maintenance,0.042
TOM-B1-BIOT,tomato,blockchain_iot,2025-08-19,irrigation_system_operation,0.013
TOM-B1-BIOT,tomato,blockchain_iot,2025-08-19,soil_moisture_monitoring,0.015
TOM-B1-BIOT,tomato,blockchain_iot,2025-08-19,system_administration,0.477
TOM-B1-BIOT,tomato,blockchain_iot,2025-08-19,weather_data_monitoring,0.016
TOM-B1-TRAD,tomato,traditional,2025-08-19,crop_health_monitoring,0.378
TOM-B1-TRAD,tomato,traditional,2025-08-19,irrigation_maintenance,0.306
TOM-B1-TRAD,tomato,traditional,2025-08-19,irrigation_system_operation,0.159
TOM-B1-TRAD,tomato,traditional,2025-08-19,soil_moisture_monitoring,0.194
TOM-B1-TRAD,tomato,traditional,2025-08-19,weather_data_monitoring,0.204
TOM-B2-BIOT,tomato,blockchain_iot,2025-08-19,crop_health_monitoring,0.122
TOM-B2-BIOT,tomato,blockchain_iot,2025-08-19,irrigation_maintenance,0.07
TOM-B2-BIOT,tomato,blockchain_iot,2025-08-19,irrigation_system_operation,0.012
TOM-B2-BIOT,tomato,blockchain_iot,2025-08-19,soil_moisture_monitoring,0.019
TOM-B2-BIOT,tomato,blockchain_iot,2025-08-19,system_administration,0.569
TOM-B2-BIOT,tomato,blockchain_iot,2025-08-19,weather_data_monitoring,0.012
TOM-B2-TRAD,tomato,traditional,2025-08-19,crop_health_monitoring,0.42
TOM-B2-TRAD,tomato,traditional,2025-08-19,irrigation_maintenance,0.382
TOM-B2-TRAD,tomato,traditional,2025-08-19,irrigation_system_operation,0.242
TOM-B2-TRAD,tomato,traditional,2025-08-19,soil_moisture_monitoring,0.218
TOM-B2-TRAD,tomato,traditional,2025-08-19,weather_data_monitoring,0.205
TOM-B3-BIOT,tomato,blockchain_iot,2025-08-19,crop_health_monitoring,0.137
TOM-B3-BIOT,tomato,blockchain_iot,2025-08-19,irrigation_maintenance,0.068
TOM-B3-BIOT,tomato,blockchain_iot,2025-08-19,irrigation_system_operation,0.012
TOM-B3-BIOT,tomato,blockchain_iot,2025-08-19,soil_moisture_monitoring,0.015
TOM-B3-BIOT,tomato,blockchain_iot,2025-08-19,system_administration,0.431
TOM-B3-BIOT,tomato,blockchain_iot,2025-08-19,weather_data_monitoring,0.018
TOM-B3-TRAD,tomato,traditional,2025-08-19,crop_health_monitoring,0.442
TOM-B3-TRAD,tomato,traditional,2025-08-19,irrigation_maintenance,0.329
TOM-B3-TRAD,tomato,traditional,2025-08-19,irrigation_system_operation,0.15
TOM-B3-TRAD,tomato,traditional,2025-08-19,soil_moisture_monitoring,0.292
TOM-B3-TRAD,tomato,traditional,2025-08-19,weather_data_monitoring,0.156
PEP-B1-BIOT,pepper,blockchain_iot,2025-08-20,irrigation_system_operation,0.006
PEP-B1-BIOT,pepper,blockchain_iot,2025-08-20,soil_moisture_monitoring,0.009
PEP-B1-TRAD,pepper,traditional,2025-08-20,irrigation_system_operation,0.095
PEP-B1-TRAD,pepper,traditional,2025-08-20,soil_moisture_monitoring,0.136
PEP-B2-BIOT,pepper,blockchain_iot,2025-08-20,irrigation_system_operation,0.01
PEP-B2-BIOT,pepper,blockchain_iot,2025-08-20,soil_moisture_monitoring,0.008
PEP-B2-TRAD,pepper,traditional,2025-08-20,irrigation_system_operation,0.117
PEP-B2-TRAD,pepper,traditional,2025-08-20,soil_moisture_monitoring,0.162
PEP-B3-BIOT,pepper,blockchain_iot,2025-08-20,irrigation_system_operation,0.007
PEP-B3-BIOT,pepper,blockchain_iot,2025-08-20,soil_moisture_monitoring,0.006
PEP-B3-TRAD,pepper,traditional,2025-08-20,irrigation_system_operation,0.132
PEP-B3-TRAD,pepper,traditional,2025-08-20,soil_moisture_monitoring,0.138
TOM-B1-BIOT,tomato,blockchain_iot,2025-08-20,irrigation_system_operation,0.015
TOM-B1-BIOT,tomato,blockchain_iot,2025-08-20,soil_moisture_monitoring,0.01
TOM-B1-TRAD,tomato,traditional,2025-08-20,irrigation_system_operation,0.106
TOM-B1-TRAD,tomato,traditional,2025-08-20,soil_moisture_monitoring,0.184
TOM-B2-BIOT,tomato,blockchain_iot,2025-08-20,irrigation_system_operation,0.013
TOM-B2-BIOT,tomato,blockchain_iot,2025-08-20,soil_moisture_monitoring,0.011
TOM-B2-TRAD,tomato,traditional,2025-08-20,irrigation_system_operation,0.147
TOM-B2-TRAD,tomato,traditional,2025-08-20,soil_moisture_monitoring,0.189
TOM-B3-BIOT,tomato,blockchain_iot,2025-08-20,irrigation_system_operation,0.02
TOM-B3-BIOT,tomato,blockchain_iot,2025-08-20,soil_moisture_monitoring,0.017
TOM-B3-TRAD,tomato,traditional,2025-08-20,irrigation_system_operation,0.205
TOM-B3-TRAD,tomato,traditional,2025-08-20,soil_moisture_monitoring,0.253
PEP-B1-BIOT,pepper,blockchain_iot,2025-08-21,crop_health_monitoring,0.046
PEP-B1-BIOT,pepper,blockchain_iot,2025-08-21,irrigation_system_operation,0.007
PEP-B1-BIOT,pepper,blockchain_iot,2025-08-21,soil_moisture_monitoring,0.005
PEP-B1-BIOT,pepper,blockchain_iot,2025-08-21,weather_data_monitoring,0.007
PEP-B1-TRAD,pepper,traditional,2025-08-21,crop_health_monitoring,0.268
PEP-B1-TRAD,pepper,traditional,2025-08-21,irrigation_system_operation,0.141
PEP-B1-TRAD,pepper,traditional,2025-08-21,soil_moisture_monitoring,0.143
PEP-B1-TRAD,pepper,traditional,2025-08-21,weather_data_monitoring,0.08
PEP-B2-BIOT,pepper,blockchain_iot,2025-08-21,crop_health_monitoring,0.078
PEP-B2-BIOT,pepper,blockchain_iot,2025-08-21,irrigation_system_operation,0.01
PEP-B2-BIOT,pepper,blockchain_iot,2025-08-21,soil_moisture_monitoring,0.009
PEP-B2-BIOT,pepper,blockchain_iot,2025-08-21,weather_data_monitoring,0.006
PEP-B2-TRAD,pepper,traditional,2025-08-21,crop_health_monitoring,0.268
PEP-B2-TRAD,pepper,traditional,2025-08-21,irrigation_system_operation,0.101
PEP-B2-TRAD,pepper,traditional,2025-08-21,soil_moisture_monitoring,0.146
PEP-B2-TRAD,pepper,traditional,2025-08-21,weather_data_monitoring,0.069
PEP-B3-BIOT,pepper,blockchain_iot,2025-08-21,crop_health_monitoring,0.077
PEP-B3-BIOT,pepper,blockchain_iot,2025-08-21,irrigation_system_operation,0.008
PEP-B3-BIOT,pepper,blockchain_iot,2025-08-21,soil_moisture_monitoring,0.009
PEP-B3-BIOT,pepper,blockchain_iot,2025-08-21,weather_data_monitoring,0.01
PEP-B3-TRAD,pepper,traditional,2025-08-21,crop_health_monitoring,0.163
PEP-B3-TRAD,pepper,traditional,2025-08-21,irrigation_system_operation,0.125
PEP-B3-TRAD,pepper,traditional,2025-08-21,soil_moisture_monitoring,0.172
PEP-B3-TRAD,pepper,traditional,2025-08-21,weather_data_monitoring,0.138
TOM-B1-BIOT,tomato,blockchain_iot,2025-08-21,crop_health_monitoring,0.1
TOM-B1-BIOT,tomato,blockchain_iot,2025-08-21,irrigation_system_operation,0.013
TOM-B1-BIOT,tomato,blockchain_iot,2025-08-21,soil_moisture_monitoring,0.012
TOM-B1-BIOT,tomato,blockchain_iot,2025-08-21,weather_data_monitoring,0.011
TOM-B1-TRAD,tomato,traditional,2025-08-21,crop_health_monitoring,0.531
TOM-B1-TRAD,tomato,traditional,2025-08-21,irrigation_system_operation,0.186
TOM-B1-TRAD,tomato,traditional,2025-08-21,soil_moisture_monitoring,0.255
TOM-B1-TRAD,tomato,traditional,2025-08-21,weather_data_monitoring,0.252
TOM-B2-BIOT,tomato,blockchain_iot,2025-08-21,crop_health_monitoring,0.107
TOM-B2-BIOT,tomato,blockchain_iot,2025-08-21,irrigation_system_operation,0.015
TOM-B2-BIOT,tomato,blockchain_iot,2025-08-21,soil_moisture_monitoring,0.018
TOM-B2-BIOT,tomato,blockchain_iot,2025-08-21,weather_data_monitoring,0.016
TOM-B2-TRAD,tomato,traditional,2025-08-21,crop_health_monitoring,0.405
TOM-B2-TRAD,tomato,traditional,2025-08-21,irrigation_system_operation,0.169
TOM-B2-TRAD,tomato,traditional,2025-08-21,soil_moisture_monitoring,0.288
TOM-B2-TRAD,tomato,traditional,2025-08-21,weather_data_monitoring,0.253
TOM-B3-BIOT,tomato,blockchain_iot,2025-08-21,crop_health_monitoring,0.137
TOM-B3-BIOT,tomato,blockchain_iot,2025-08-21,irrigation_system_operation,0.013
TOM-B3-BIOT,tomato,blockchain_iot,2025-08-21,soil_moisture_monitoring,0.015
TOM-B3-BIOT,tomato,blockchain_iot,2025-08-21,weather_data_monitoring,0.018
TOM-B3-TRAD,tomato,traditional,2025-08-21,crop_health_monitoring,0.391
TOM-B3-TRAD,tomato,traditional,2025-08-21,irrigation_system_operation,0.202
TOM-B3-TRAD,tomato,traditional,2025-08-21,soil_moisture_monitoring,0.285
TOM-B3-TRAD,tomato,traditional,2025-08-21,weather_data_monitoring,0.209
PEP-B1-BIOT,pepper,blockchain_iot,2025-08-22,irrigation_maintenance,0.037
PEP-B1-BIOT,pepper,blockchain_iot,2025-08-22,irrigation_system_operation,0.007
PEP-B1-BIOT,pepper,blockchain_iot,2025-08-22,record_keeping,0.031
PEP-B1-BIOT,pepper,blockchain_iot,2025-08-22,reporting,0.037
PEP-B1-BIOT,pepper,blockchain_iot,2025-08-22,soil_moisture_monitoring,0.007
PEP-B1-BIOT,pepper,blockchain_iot,2025-08-22,system_administration,0.35
PEP-B1-TRAD,pepper,traditional,2025-08-22,irrigation_maintenance,0.323
PEP-B1-TRAD,pepper,traditional,2025-08-22,irrigation_system_operation,0.086
PEP-B1-TRAD,pepper,traditional,2025-08-22,record_keeping,0.547
PEP-B1-TRAD,pepper,traditional,2025-08-22,reporting,0.186
PEP-B1-TRAD,pepper,traditional,2025-08-22,soil_moisture_monitoring,0.143
PEP-B1-TRAD,pepper,traditional,2025-08-22,troubleshooting,0.141
PEP-B2-BIOT,pepper,blockchain_iot,2025-08-22,irrigation_maintenance,0.039
PEP-B2-BIOT,pepper,blockchain_iot,2025-08-22,irrigation_system_operation,0.01
PEP-B2-BIOT,pepper,blockchain_iot,2025-08-22,record_keeping,0.029
PEP-B2-BIOT,pepper,blockchain_iot,2025-08-22,reporting,0.028
PEP-B2-BIOT,pepper,blockchain_iot,2025-08-22,soil_moisture_monitoring,0.007
PEP-B2-BIOT,pepper,blockchain_iot,2025-08-22,system_administration,0.255
PEP-B2-TRAD,pepper,traditional,2025-08-22,irrigation_maintenance,0.209
PEP-B2-TRAD,pepper,traditional,2025-08-22,irrigation_system_operation,0.075
PEP-B2-TRAD,pepper,traditional,2025-08-22,record_keeping,0.357
PEP-B2-TRAD,pepper,traditional,2025-08-22,reporting,0.137
PEP-B2-TRAD,pepper,traditional,2025-08-22,soil_moisture_monitoring,0.161
PEP-B2-TRAD,pepper,traditional,2025-08-22,troubleshooting,0.15
PEP-B3-BIOT,pepper,blockchain_iot,2025-08-22,irrigation_maintenance,0.05
PEP-B3-BIOT,pepper,blockchain_iot,2025-08-22,irrigation_system_operation,0.01
PEP-B3-BIOT,pepper,blockchain_iot,2025-08-22,record_keeping,0.032
PEP-B3-BIOT,pepper,blockchain_iot,2025-08-22,reporting,0.036
PEP-B3-BIOT,pepper,blockchain_iot,2025-08-22,soil_moisture_monitoring,0.007
PEP-B3-BIOT,pepper,blockchain_iot,2025-08-22,system_administration,0.218
PEP-B3-TRAD,pepper,traditional,2025-08-22,irrigation_maintenance,0.178
PEP-B3-TRAD,pepper,traditional,2025-08-22,irrigation_system_operation,0.1
PEP-B3-TRAD,pepper,traditional,2025-08-22,record_keeping,0.442
PEP-B3-TRAD,pepper,traditional,2025-08-22,reporting,0.104
PEP-B3-TRAD,pepper,traditional,2025-08-22,soil_moisture_monitoring,0.19
PEP-B3-TRAD,pepper,traditional,2025-08-22,troubleshooting,0.127
TOM-B1-BIOT,tomato,blockchain_iot,2025-08-22,irrigation_maintenance,0.064
TOM-B1-BIOT,tomato,blockchain_iot,2025-08-22,irrigation_system_operation,0.014
TOM-B1-BIOT,tomato,blockchain_iot,2025-08-22,record_keeping,0.06
TOM-B1-BIOT,tomato,blockchain_iot,2025-08-22,reporting,0.057
TOM-B1-BIOT,tomato,blockchain_iot,2025-08-22,soil_moisture_monitoring,0.022
TOM-B1-BIOT,tomato,blockchain_iot,2025-08-22,system_administration,0.532
TOM-B1-TRAD,tomato,traditional,2025-08-22,irrigation_maintenance,0.486
TOM-B1-TRAD,tomato,traditional,2025-08-22,irrigation_system_operation,0.117
TOM-B1-TRAD,tomato,traditional,2025-08-22,record_keeping,0.827
TOM-B1-TRAD,tomato,traditional,2025-08-22,reporting,0.277
TOM-B1-TRAD,tomato,traditional,2025-08-22,soil_moisture_monitoring,0.32
TOM-B1-TRAD,tomato,traditional,2025-08-22,troubleshooting,0.163
TOM-B2-BIOT,tomato,blockchain_iot,2025-08-22,irrigation_maintenance,0.057
TOM-B2-BIOT,tomato,blockchain_iot,2025-08-22,irrigation_system_operation,0.012
TOM-B2-BIOT,tomato,blockchain_iot,2025-08-22,record_keeping,0.043
TOM-B2-BIOT,tomato,blockchain_iot,2025-08-22,reporting,0.035
TOM-B2-BIOT,tomato,blockchain_iot,2025-08-22,soil_moisture_monitoring,0.014
TOM-B2-BIOT,tomato,blockchain_iot,2025-08-22,system_administration,0.636
TOM-B2-TRAD,tomato,traditional,2025-08-22,irrigation_maintenance,0.517
TOM-B2-TRAD,tomato,traditional,2025-08-22,irrigation_system_operation,0.153
TOM-B2-TRAD,tomato,traditional,2025-08-22,record_keeping,0.803
TOM-B2-TRAD,tomato,traditional,2025-08-22,reporting,0.228
TOM-B2-TRAD,tomato,traditional,2025-08-22,soil_moisture_monitoring,0.258
TOM-B2-TRAD,tomato,traditional,2025-08-22,troubleshooting,0.156
TOM-B3-BIOT,tomato,blockchain_iot,2025-08-22,irrigation_maintenance,0.066
TOM-B3-BIOT,tomato,blockchain_iot,2025-08-22,irrigation_system_operation,0.017
TOM-B3-BIOT,tomato,blockchain_iot,2025-08-22,record_keeping,0.048
TOM-B3-BIOT,tomato,blockchain_iot,2025-08-22,reporting,0.038
TOM-B3-BIOT,tomato,blockchain_iot,2025-08-22,soil_moisture_monitoring,0.013
TOM-B3-BIOT,tomato,blockchain_iot,2025-08-22,system_administration,0.575
TOM-B3-TRAD,tomato,traditional,2025-08-22,irrigation_maintenance,0.448
TOM-B3-TRAD,tomato,traditional,2025-08-22,irrigation_system_operation,0.136
TOM-B3-TRAD,tomato,traditional,2025-08-22,record_keeping,0.776
TOM-B3-TRAD,tomato,traditional,2025-08-22,reporting,0.168
TOM-B3-TRAD,tomato,traditional,2025-08-22,soil_moisture_monitoring,0.277
TOM-B3-TRAD,tomato,traditional,2025-08-22,troubleshooting,0.275
PEP-B1-BIOT,pepper,blockchain_iot,2025-08-23,crop_health_monitoring,0.057
PEP-B1-BIOT,pepper,blockchain_iot,2025-08-23,irrigation_system_operation,0.012
PEP-B1-BIOT,pepper,blockchain_iot,2025-08-23,soil_moisture_monitoring,0.005
PEP-B1-BIOT,pepper,blockchain_iot,2025-08-23,weather_data_monitoring,0.011
PEP-B1-TRAD,pepper,traditional,2025-08-23,crop_health_monitoring,0.27
PEP-B1-TRAD,pepper,traditional,2025-08-23,irrigation_system_operation,0.123
PEP-B1-TRAD,pepper,traditional,2025-08-23,soil_moisture_monitoring,0.124
PEP-B1-TRAD,pepper,traditional,2025-08-23,weather_data_monitoring,0.152
PEP-B2-BIOT,pepper,blockchain_iot,2025-08-23,crop_health_monitoring,0.071
PEP-B2-BIOT,pepper,blockchain_iot,2025-08-23,irrigation_system_operation,0.007
PEP-B2-BIOT,pepper,blockchain_iot,2025-08-23,soil_moisture_monitoring,0.009
PEP-B2-BIOT,pepper,blockchain_iot,2025-08-23,weather_data_monitoring,0.01
PEP-B2-TRAD,pepper,traditional,2025-08-23,crop_health_monitoring,0.284
PEP-B2-TRAD,pepper,traditional,2025-08-23,irrigation_system_operation,0.085
PEP-B2-TRAD,pepper,traditional,2025-08-23,soil_moisture_monitoring,0.154
PEP-B2-TRAD,pepper,traditional,2025-08-23,weather_data_monitoring,0.099
PEP-B3-BIOT,pepper,blockchain_iot,2025-08-23,crop_health_monitoring,0.072
PEP-B3-BIOT,pepper,blockchain_iot,2025-08-23,irrigation_system_operation,0.007
PEP-B3-BIOT,pepper,blockchain_iot,2025-08-23,soil_moisture_monitoring,0.01
PEP-B3-BIOT,pepper,blockchain_iot,2025-08-23,weather_data_monitoring,0.007
PEP-B3-TRAD,pepper,traditional,2025-08-23,crop_health_monitoring,0.279
PEP-B3-TRAD,pepper,traditional,2025-08-23,irrigation_system_operation,0.098
PEP-B3-TRAD,pepper,traditional,2025-08-23,soil_moisture_monitoring,0.137
PEP-B3-TRAD,pepper,traditional,2025-08-23,weather_data_monitoring,0.131
TOM-B1-BIOT,tomato,blockchain_iot,2025-08-23,crop_health_monitoring,0.112
TOM-B1-BIOT,tomato,blockchain_iot,2025-08-23,irrigation_system_operation,0.013
TOM-B1-BIOT,tomato,blockchain_iot,2025-08-23,soil_moisture_monitoring,0.017
TOM-B1-BIOT,tomato,blockchain_iot,2025-08-23,weather_data_monitoring,0.016
TOM-B1-TRAD,tomato,traditional,2025-08-23,crop_health_monitoring,0.452
TOM-B1-TRAD,tomato,traditional,2025-08-23,irrigation_system_operation,0.211
TOM-B1-TRAD,tomato,traditional,2025-08-23,soil_moisture_monitoring,0.216
TOM-B1-TRAD,tomato,traditional,2025-08-23,weather_data_monitoring,0.192
TOM-B2-BIOT,tomato,blockchain_iot,2025-08-23,crop_health_monitoring,0.068
TOM-B2-BIOT,tomato,blockchain_iot,2025-08-23,irrigation_system_operation,0.016
TOM-B2-BIOT,tomato,blockchain_iot,2025-08-23,soil_moisture_monitoring,0.014
TOM-B2-BIOT,tomato,blockchain_iot,2025-08-23,weather_data_monitoring,0.017
TOM-B2-TRAD,tomato,traditional,2025-08-23,crop_health_monitoring,0.32
TOM-B2-TRAD,tomato,traditional,2025-08-23,irrigation_system_operation,0.155
TOM-B2-TRAD,tomato,traditional,2025-08-23,soil_moisture_monitoring,0.215
TOM-B2-TRAD,tomato,traditional,2025-08-23,weather_data_monitoring,0.158
TOM-B3-BIOT,tomato,blockchain_iot,2025-08-23,crop_health_monitoring,0.109
TOM-B3-BIOT,tomato,blockchain_iot,2025-08-23,irrigation_system_operation,0.008
TOM-B3-BIOT,tomato,blockchain_iot,2025-08-23,soil_moisture_monitoring,0.015
TOM-B3-BIOT,tomato,blockchain_iot,2025-08-23,weather_data_monitoring,0.01
TOM-B3-TRAD,tomato,traditional,2025-08-23,crop_health_monitoring,0.48
TOM-B3-TRAD,tomato,traditional,2025-08-23,irrigation_system_operation,0.208
TOM-B3-TRAD,tomato,traditional,2025-08-23,soil_moisture_monitoring,0.292
TOM-B3-TRAD,tomato,traditional,2025-08-23,weather_data_monitoring,0.199
PEP-B1-BIOT,pepper,blockchain_iot,2025-08-24,irrigation_system_operation,0.012
PEP-B1-BIOT,pepper,blockchain_iot,2025-08-24,soil_moisture_monitoring,0.009
PEP-B1-TRAD,pepper,traditional,2025-08-24,irrigation_system_operation,0.11
PEP-B1-TRAD,pepper,traditional,2025-08-24,soil_moisture_monitoring,0.144
PEP-B2-BIOT,pepper,blockchain_iot,2025-08-24,irrigation_system_operation,0.007
PEP-B2-BIOT,pepper,blockchain_iot,2025-08-24,soil_moisture_monitoring,0.008
PEP-B2-TRAD,pepper,traditional,2025-08-24,irrigation_system_operation,0.07
PEP-B2-TRAD,pepper,traditional,2025-08-24,soil_moisture_monitoring,0.153
PEP-B3-BIOT,pepper,blockchain_iot,2025-08-24,irrigation_system_operation,0.009
PEP-B3-BIOT,pepper,blockchain_iot,2025-08-24,soil_moisture_monitoring,0.009
PEP-B3-TRAD,pepper,traditional,2025-08-24,irrigation_system_operation,0.092
PEP-B3-TRAD,pepper,traditional,2025-08-24,soil_moisture_monitoring,0.112
TOM-B1-BIOT,tomato,blockchain_iot,2025-08-24,irrigation_system_operation,0.017
TOM-B1-BIOT,tomato,blockchain_iot,2025-08-24,soil_moisture_monitoring,0.013
TOM-B1-TRAD,tomato,traditional,2025-08-24,irrigation_system_operation,0.128
TOM-B1-TRAD,tomato,traditional,2025-08-24,soil_moisture_monitoring,0.232
TOM-B2-BIOT,tomato,blockchain_iot,2025-08-24,irrigation_system_operation,0.016
TOM-B2-BIOT,tomato,blockchain_iot,2025-08-24,soil_moisture_monitoring,0.013
TOM-B2-TRAD,tomato,traditional,2025-08-24,irrigation_system_operation,0.135
TOM-B2-TRAD,tomato,traditional,2025-08-24,soil_moisture_monitoring,0.208
TOM-B3-BIOT,tomato,blockchain_iot,2025-08-24,irrigation_system_operation,0.014
TOM-B3-BIOT,tomato,blockchain_iot,2025-08-24,soil_moisture_monitoring,0.01
TOM-B3-TRAD,tomato,traditional,2025-08-24,irrigation_system_operation,0.237
TOM-B3-TRAD,tomato,traditional,2025-08-24,soil_moisture_monitoring,0.229
PEP-B1-BIOT,pepper,blockchain_iot,2025-08-25,crop_health_monitoring,0.069
PEP-B1-BIOT,pepper,blockchain_iot,2025-08-25,irrigation_maintenance,0.033
PEP-B1-BIOT,pepper,blockchain_iot,2025-08-25,irrigation_system_operation,0.009
PEP-B1-BIOT,pepper,blockchain_iot,2025-08-25,soil_moisture_monitoring,0.009
PEP-B1-BIOT,pepper,blockchain_iot,2025-08-25,system_administration,0.335
PEP-B1-BIOT,pepper,blockchain_iot,2025-08-25,weather_data_monitoring,0.009
PEP-B1-TRAD,pepper,traditional,2025-08-25,crop_health_monitoring,0.331
PEP-B1-TRAD,pepper,traditional,2025-08-25,irrigation_maintenance,0.215
PEP-B1-TRAD,pepper,traditional,2025-08-25,irrigation_system_operation,0.123
PEP-B1-TRAD,pepper,traditional,2025-08-25,soil_moisture_monitoring,0.179
PEP-B1-TRAD,pepper,traditional,2025-08-25,weather_data_monitoring,0.103
PEP-B2-BIOT,pepper,blockchain_iot,2025-08-25,crop_health_monitoring,0.083
PEP-B2-BIOT,pepper,blockchain_iot,2025-08-25,irrigation_maintenance,0.046
PEP-B2-BIOT,pepper,blockchain_iot,2025-08-25,irrigation_system_operation,0.005
PEP-B2-BIOT,pepper,blockchain_iot,2025-08-25,soil_moisture_monitoring,0.011
PEP-B2-BIOT,pepper,blockchain_iot,2025-08-25,system_administration,0.314
PEP-B2-BIOT,pepper,blockchain_iot,2025-08-25,weather_data_monitoring,0.007
PEP-B2-TRAD,pepper,traditional,2025-08-25,crop_health_monitoring,0.281
PEP-B2-TRAD,pepper,traditional,2025-08-25,irrigation_maintenance,0.226
PEP-B2-TRAD,pepper,traditional,2025-08-25,irrigation_system_operation,0.11
PEP-B2-TRAD,pepper,traditional,2025-08-25,soil_moisture_monitoring,0.183
PEP-B2-TRAD,pepper,traditional,2025-08-25,weather_data_monitoring,0.093
PEP-B3-BIOT,pepper,blockchain_iot,2025-08-25,crop_health_monitoring,0.066
PEP-B3-BIOT,pepper,blockchain_iot,2025-08-25,irrigation_maintenance,0.036
PEP-B3-BIOT,pepper,blockchain_iot,2025-08-25,irrigation_system_operation,0.009
PEP-B3-BIOT,pepper,blockchain_iot,2025-08-25,soil_moisture_monitoring,0.008
PEP-B3-BIOT,pepper,blockchain_iot,2025-08-25,system_administration,0.311
PEP-B3-BIOT,pepper,blockchain_iot,2025-08-25,weather_data_monitoring,0.008
PEP-B3-TRAD,pepper,traditional,2025-08-25,crop_health_monitoring,0.22
PEP-B3-TRAD,pepper,traditional,2025-08-25,irrigation_maintenance,0.23
PEP-B3-TRAD,pepper,traditional,2025-08-25,irrigation_system_operation,0.104
PEP-B3-TRAD,pepper,traditional,2025-08-25,soil_moisture_monitoring,0.156
PEP-B3-TRAD,pepper,traditional,2025-08-25,weather_data_monitoring,0.124
TOM-B1-BIOT,tomato,blockchain_iot,2025-08-25,crop_health_monitoring,0.091
TOM-B1-BIOT,tomato,blockchain_iot,2025-08-25,irrigation_maintenance,0.051
TOM-B1-BIOT,tomato,blockchain_iot,2025-08-25,irrigation_system_operation,0.016
TOM-B1-BIOT,tomato,blockchain_iot,2025-08-25,soil_moisture_monitoring,0.014
TOM-B1-BIOT,tomato,blockchain_iot,2025-08-25,system_administration,0.473
TOM-B1-BIOT,tomato,blockchain_iot,2025-08-25,weather_data_monitoring,0.012
TOM-B1-TRAD,tomato,traditional,2025-08-25,crop_health_monitoring,0.518
TOM-B1-TRAD,tomato,traditional,2025-08-25,irrigation_maintenance,0.391
TOM-B1-TRAD,tomato,traditional,2025-08-25,irrigation_system_operation,0.162
TOM-B1-TRAD,tomato,traditional,2025-08-25,soil_moisture_monitoring,0.31
TOM-B1-TRAD,tomato,traditional,2025-08-25,weather_data_monitoring,0.265
TOM-B2-BIOT,tomato,blockchain_iot,2025-08-25,crop_health_monitoring,0.134
TOM-B2-BIOT,tomato,blockchain_iot,2025-08-25,irrigation_maintenance,0.034
TOM-B2-BIOT,tomato,blockchain_iot,2025-08-25,irrigation_system_operation,0.012
TOM-B2-BIOT,tomato,blockchain_iot,2025-08-25,soil_moisture_monitoring,0.013
TOM-B2-BIOT,tomato,blockchain_iot,2025-08-25,system_administration,0.44
TOM-B2-BIOT,tomato,blockchain_iot,2025-08-25,weather_data_monitoring,0.013
TOM-B2-TRAD,tomato,traditional,2025-08-25,crop_health_monitoring,0.403
TOM-B2-TRAD,tomato,traditional,2025-08-25,irrigation_maintenance,0.267
TOM-B2-TRAD,tomato,traditional,2025-08-25,irrigation_system_operation,0.221
TOM-B2-TRAD,tomato,traditional,2025-08-25,soil_moisture_monitoring,0.17
TOM-B2-TRAD,tomato,traditional,2025-08-25,weather_data_monitoring,0.234
TOM-B3-BIOT,tomato,blockchain_iot,2025-08-25,crop_health_monitoring,0.141
TOM-B3-BIOT,tomato,blockchain_iot,2025-08-25,irrigation_maintenance,0.059
TOM-B3-BIOT,tomato,blockchain_iot,2025-08-25,irrigation_system_operation,0.012
TOM-B3-BIOT,tomato,blockchain_iot,2025-08-25,soil_moisture_monitoring,0.015
TOM-B3-BIOT,tomato,blockchain_iot,2025-08-25,system_administration,0.473
TOM-B3-BIOT,tomato,blockchain_iot,2025-08-25,weather_data_monitoring,0.013
TOM-B3-TRAD,tomato,traditional,2025-08-25,crop_health_monitoring,0.466
TOM-B3-TRAD,tomato,traditional,2025-08-25,irrigation_maintenance,0.469
TOM-B3-TRAD,tomato,traditional,2025-08-25,irrigation_system_operation,0.138
TOM-B3-TRAD,tomato,traditional,2025-08-25,soil_moisture_monitoring,0.342
TOM-B3-TRAD,tomato,traditional,2025-08-25,weather_data_monitoring,0.209
PEP-B1-BIOT,pepper,blockchain_iot,2025-08-26,irrigation_system_operation,0.009
PEP-B1-BIOT,pepper,blockchain_iot,2025-08-26,soil_moisture_monitoring,0.008
PEP-B1-TRAD,pepper,traditional,2025-08-26,irrigation_system_operation,0.106
PEP-B1-TRAD,pepper,traditional,2025-08-26,soil_moisture_monitoring,0.146
PEP-B2-BIOT,pepper,blockchain_iot,2025-08-26,irrigation_system_operation,0.009
PEP-B2-BIOT,pepper,blockchain_iot,2025-08-26,soil_moisture_monitoring,0.008
PEP-B2-TRAD,pepper,traditional,2025-08-26,irrigation_system_operation,0.094
PEP-B2-TRAD,pepper,traditional,2025-08-26,soil_moisture_monitoring,0.129
PEP-B3-BIOT,pepper,blockchain_iot,2025-08-26,irrigation_system_operation,0.008
PEP-B3-BIOT,pepper,blockchain_iot,2025-08-26,soil_moisture_monitoring,0.007
PEP-B3-TRAD,pepper,traditional,2025-08-26,irrigation_system_operation,0.114
PEP-B3-TRAD,pepper,traditional,2025-08-26,soil_moisture_monitoring,0.151
TOM-B1-BIOT,tomato,blockchain_iot,2025-08-26,irrigation_system_operation,0.011
TOM-B1-BIOT,tomato,blockchain_iot,2025-08-26,soil_moisture_monitoring,0.012
TOM-B1-TRAD,tomato,traditional,2025-08-26,irrigation_system_operation,0.138
TOM-B1-TRAD,tomato,traditional,2025-08-26,soil_moisture_monitoring,0.146
TOM-B2-BIOT,tomato,blockchain_iot,2025-08-26,irrigation_system_operation,0.011
TOM-B2-BIOT,tomato,blockchain_iot,2025-08-26,soil_moisture_monitoring,0.013
TOM-B2-TRAD,tomato,traditional,2025-08-26,irrigation_system_operation,0.249
TOM-B2-TRAD,tomato,traditional,2025-08-26,soil_moisture_monitoring,0.234
TOM-B3-BIOT,tomato,blockchain_iot,2025-08-26,irrigation_system_operation,0.019
TOM-B3-BIOT,tomato,blockchain_iot,2025-08-26,soil_moisture_monitoring,0.018
TOM-B3-TRAD,tomato,traditional,2025-08-26,irrigation_system_operation,0.224
TOM-B3-TRAD,tomato,traditional,2025-08-26,soil_moisture_monitoring,0.177
PEP-B1-BIOT,pepper,blockchain_iot,2025-08-27,crop_health_monitoring,0.059
PEP-B1-BIOT,pepper,blockchain_iot,2025-08-27,irrigation_system_operation,0.008
PEP-B1-BIOT,pepper,blockchain_iot,2025-08-27,soil_moisture_monitoring,0.009
PEP-B1-BIOT,pepper,blockchain_iot,2025-08-27,weather_data_monitoring,0.009
PEP-B1-TRAD,pepper,traditional,2025-08-27,crop_health_monitoring,0.222
PEP-B1-TRAD,pepper,traditional,2025-08-27,irrigation_system_operation,0.133
PEP-B1-TRAD,pepper,traditional,2025-08-27,soil_moisture_monitoring,0.18
PEP-B1-TRAD,pepper,traditional,2025-08-27,weather_data_monitoring,0.151
PEP-B2-BIOT,pepper,blockchain_iot,2025-08-27,crop_health_monitoring,0.067
PEP-B2-BIOT,pepper,blockchain_iot,2025-08-27,irrigation_system_operation,0.008
PEP-B2-BIOT,pepper,blockchain_iot,2025-08-27,soil_moisture_monitoring,0.007
PEP-B2-BIOT,pepper,blockchain_iot,2025-08-27,weather_data_monitoring,0.01
PEP-B2-TRAD,pepper,traditional,2025-08-27,crop_health_monitoring,0.23
PEP-B2-TRAD,pepper,traditional,2025-08-27,irrigation_system_operation,0.107
PEP-B2-TRAD,pepper,traditional,2025-08-27,soil_moisture_monitoring,0.155
PEP-B2-TRAD,pepper,traditional,2025-08-27,weather_data_monitoring,0.1
PEP-B3-BIOT,pepper,blockchain_iot,2025-08-27,crop_health_monitoring,0.05
PEP-B3-BIOT,pepper,blockchain_iot,2025-08-27,irrigation_system_operation,0.006
PEP-B3-BIOT,pepper,blockchain_iot,2025-08-27,soil_moisture_monitoring,0.009
PEP-B3-BIOT,pepper,blockchain_iot,2025-08-27,weather_data_monitoring,0.009
PEP-B3-TRAD,pepper,traditional,2025-08-27,crop_health_monitoring,0.226
PEP-B3-TRAD,pepper,traditional,2025-08-27,irrigation_system_operation,0.114
PEP-B3-TRAD,pepper,traditional,2025-08-27,soil_moisture_monitoring,0.107
PEP-B3-TRAD,pepper,traditional,2025-08-27,weather_data_monitoring,0.134
TOM-B1-BIOT,tomato,blockchain_iot,2025-08-27,crop_health_monitoring,0.103
TOM-B1-BIOT,tomato,blockchain_iot,2025-08-27,irrigation_system_operation,0.016
TOM-B1-BIOT,tomato,blockchain_iot,2025-08-27,soil_moisture_monitoring,0.015
TOM-B1-BIOT,tomato,blockchain_iot,2025-08-27,weather_data_monitoring,0.016
TOM-B1-TRAD,tomato,traditional,2025-08-27,crop_health_monitoring,0.358
TOM-B1-TRAD,tomato,traditional,2025-08-27,irrigation_system_operation,0.193
TOM-B1-TRAD,tomato,traditional,2025-08-27,soil_moisture_monitoring,0.219
TOM-B1-TRAD,tomato,traditional,2025-08-27,weather_data_monitoring,0.128
TOM-B2-BIOT,tomato,blockchain_iot,2025-08-27,crop_health_monitoring,0.094
TOM-B2-BIOT,tomato,blockchain_iot,2025-08-27,irrigation_system_operation,0.02
TOM-B2-BIOT,tomato,blockchain_iot,2025-08-27,soil_moisture_monitoring,0.018
TOM-B2-BIOT,tomato,blockchain_iot,2025-08-27,weather_data_monitoring,0.011
TOM-B2-TRAD,tomato,traditional,2025-08-27,crop_health_monitoring,0.335
TOM-B2-TRAD,tomato,traditional,2025-08-27,irrigation_system_operation,0.214
TOM-B2-TRAD,tomato,traditional,2025-08-27,soil_moisture_monitoring,0.211
TOM-B2-TRAD,tomato,traditional,2025-08-27,weather_data_monitoring,0.205
TOM-B3-BIOT,tomato,blockchain_iot,2025-08-27,crop_health_monitoring,0.122
TOM-B3-BIOT,tomato,blockchain_iot,2025-08-27,irrigation_system_operation,0.022
TOM-B3-BIOT,tomato,blockchain_iot,2025-08-27,soil_moisture_monitoring,0.011
TOM-B3-BIOT,tomato,blockchain_iot,2025-08-27,weather_data_monitoring,0.014
TOM-B3-TRAD,tomato,traditional,2025-08-27,crop_health_monitoring,0.428
TOM-B3-TRAD,tomato,traditional,2025-08-27,irrigation_system_operation,0.217
TOM-B3-TRAD,tomato,traditional,2025-08-27,soil_moisture_monitoring,0.351
TOM-B3-TRAD,tomato,traditional,2025-08-27,weather_data_monitoring,0.252
PEP-B1-BIOT,pepper,blockchain_iot,2025-08-28,irrigation_maintenance,0.046
PEP-B1-BIOT,pepper,blockchain_iot,2025-08-28,irrigation_system_operation,0.008
PEP-B1-BIOT,pepper,blockchain_iot,2025-08-28,soil_moisture_monitoring,0.007
PEP-B1-BIOT,pepper,blockchain_iot,2025-08-28,system_administration,0.221
PEP-B1-TRAD,pepper,traditional,2025-08-28,irrigation_maintenance,0.22
PEP-B1-TRAD,pepper,traditional,2025-08-28,irrigation_system_operation,0.111
PEP-B1-TRAD,pepper,traditional,2025-08-28,soil_moisture_monitoring,0.114
PEP-B2-BIOT,pepper,blockchain_iot,2025-08-28,irrigation_maintenance,0.038
PEP-B2-BIOT,pepper,blockchain_iot,2025-08-28,irrigation_system_operation,0.009
PEP-B2-BIOT,pepper,blockchain_iot,2025-08-28,soil_moisture_monitoring,0.005
PEP-B2-BIOT,pepper,blockchain_iot,2025-08-28,system_administration,0.288
PEP-B2-TRAD,pepper,traditional,2025-08-28,irrigation_maintenance,0.247
PEP-B2-TRAD,pepper,traditional,2025-08-28,irrigation_system_operation,0.111
PEP-B2-TRAD,pepper,traditional,2025-08-28,soil_moisture_monitoring,0.107
PEP-B3-BIOT,pepper,blockchain_iot,2025-08-28,irrigation_maintenance,0.037
PEP-B3-BIOT,pepper,blockchain_iot,2025-08-28,irrigation_system_operation,0.009
PEP-B3-BIOT,pepper,blockchain_iot,2025-08-28,soil_moisture_monitoring,0.006
PEP-B3-BIOT,pepper,blockchain_iot,2025-08-28,system_administration,0.344
PEP-B3-TRAD,pepper,traditional,2025-08-28,irrigation_maintenance,0.277
PEP-B3-TRAD,pepper,traditional,2025-08-28,irrigation_system_operation,0.129
PEP-B3-TRAD,pepper,traditional,2025-08-28,soil_moisture_monitoring,0.171
TOM-B1-BIOT,tomato,blockchain_iot,2025-08-28,irrigation_maintenance,0.069
TOM-B1-BIOT,tomato,blockchain_iot,2025-08-28,irrigation_system_operation,0.012
TOM-B1-BIOT,tomato,blockchain_iot,2025-08-28,soil_moisture_monitoring,0.013
TOM-B1-BIOT,tomato,blockchain_iot,2025-08-28,system_administration,0.507
TOM-B1-TRAD,tomato,traditional,2025-08-28,irrigation_maintenance,0.478
TOM-B1-TRAD,tomato,traditional,2025-08-28,irrigation_system_operation,0.14
TOM-B1-TRAD,tomato,traditional,2025-08-28,soil_moisture_monitoring,0.211
TOM-B2-BIOT,tomato,blockchain_iot,2025-08-28,irrigation_maintenance,0.072
TOM-B2-BIOT,tomato,blockchain_iot,2025-08-28,irrigation_system_operation,0.017
TOM-B2-BIOT,tomato,blockchain_iot,2025-08-28,soil_moisture_monitoring,0.013
TOM-B2-BIOT,tomato,blockchain_iot,2025-08-28,system_administration,0.38
TOM-B2-TRAD,tomato,traditional,2025-08-28,irrigation_maintenance,0.349
TOM-B2-TRAD,tomato,traditional,2025-08-28,irrigation_system_operation,0.148
TOM-B2-TRAD,tomato,traditional,2025-08-28,soil_moisture_monitoring,0.268
TOM-B3-BIOT,tomato,blockchain_iot,2025-08-28,irrigation_maintenance,0.042
TOM-B3-BIOT,tomato,blockchain_iot,2025-08-28,irrigation_system_operation,0.008
TOM-B3-BIOT,tomato,blockchain_iot,2025-08-28,soil_moisture_monitoring,0.004
TOM-B3-BIOT,tomato,blockchain_iot,2025-08-28,system_administration,0.572
TOM-B3-TRAD,tomato,traditional,2025-08-28,irrigation_maintenance,0.411
TOM-B3-TRAD,tomato,traditional,2025-08-28,irrigation_system_operation,0.159
TOM-B3-TRAD,tomato,traditional,2025-08-28,soil_moisture_monitoring,0.246
PEP-B1-BIOT,pepper,blockchain_iot,2025-08-29,certification,0.055
PEP-B1-BIOT,pepper,blockchain_iot,2025-08-29,crop_health_monitoring,0.075
PEP-B1-BIOT,pepper,blockchain_iot,2025-08-29,irrigation_system_operation,0.008
PEP-B1-BIOT,pepper,blockchain_iot,2025-08-29,record_keeping,0.032
PEP-B1-BIOT,pepper,blockchain_iot,2025-08-29,reporting,0.031
PEP-B1-BIOT,pepper,blockchain_iot,2025-08-29,soil_moisture_monitoring,0.01
PEP-B1-BIOT,pepper,blockchain_iot,2025-08-29,weather_data_monitoring,0.008
PEP-B1-TRAD,pepper,traditional,2025-08-29,certification,0.222
PEP-B1-TRAD,pepper,traditional,2025-08-29,crop_health_monitoring,0.235
PEP-B1-TRAD,pepper,traditional,2025-08-29,irrigation_system_operation,0.132
PEP-B1-TRAD,pepper,traditional,2025-08-29,record_keeping,0.289
PEP-B1-TRAD,pepper,traditional,2025-08-29,reporting,0.123
PEP-B1-TRAD,pepper,traditional,2025-08-29,soil_moisture_monitoring,0.093
PEP-B1-TRAD,pepper,traditional,2025-08-29,troubleshooting,0.194
PEP-B1-TRAD,pepper,traditional,2025-08-29,weather_data_monitoring,0.114
PEP-B2-BIOT,pepper,blockchain_iot,2025-08-29,certification,0.066
PEP-B2-BIOT,pepper,blockchain_iot,2025-08-29,crop_health_monitoring,0.046
PEP-B2-BIOT,pepper,blockchain_iot,2025-08-29,irrigation_system_operation,0.007
PEP-B2-BIOT,pepper,blockchain_iot,2025-08-29,record_keeping,0.033
PEP-B2-BIOT,pepper,blockchain_iot,2025-08-29,reporting,0.025
PEP-B2-BIOT,pepper,blockchain_iot,2025-08-29,soil_moisture_monitoring,0.012
PEP-B2-BIOT,pepper,blockchain_iot,2025-08-29,weather_data_monitoring,0.008
PEP-B2-TRAD,pepper,traditional,2025-08-29,certification,0.25
PEP-B2-TRAD,pepper,traditional,2025-08-29,crop_health_monitoring,0.274
PEP-B2-TRAD,pepper,traditional,2025-08-29,irrigation_system_operation,0.084
PEP-B2-TRAD,pepper,traditional,2025-08-29,record_keeping,0.477
PEP-B2-TRAD,pepper,traditional,2025-08-29,reporting,0.136
PEP-B2-TRAD,pepper,traditional,2025-08-29,soil_moisture_monitoring,0.17
PEP-B2-TRAD,pepper,traditional,2025-08-29,troubleshooting,0.186
PEP-B2-TRAD,pepper,traditional,2025-08-29,weather_data_monitoring,0.121
PEP-B3-BIOT,pepper,blockchain_iot,2025-08-29,certification,0.05
PEP-B3-BIOT,pepper,blockchain_iot,2025-08-29,crop_health_monitoring,0.062
PEP-B3-BIOT,pepper,blockchain_iot,2025-08-29,irrigation_system_operation,0.008
PEP-B3-BIOT,pepper,blockchain_iot,2025-08-29,record_keeping,0.037
PEP-B3-BIOT,pepper,blockchain_iot,2025-08-29,reporting,0.02
PEP-B3-BIOT,pepper,blockchain_iot,2025-08-29,soil_moisture_monitoring,0.011
PEP-B3-BIOT,pepper,blockchain_iot,2025-08-29,weather_data_monitoring,0.009
PEP-B3-TRAD,pepper,traditional,2025-08-29,certification,0.222
PEP-B3-TRAD,pepper,traditional,2025-08-29,crop_health_monitoring,0.222
PEP-B3-TRAD,pepper,traditional,2025-08-29,irrigation_system_operation,0.091
PEP-B3-TRAD,pepper,traditional,2025-08-29,record_keeping,0.374
PEP-B3-TRAD,pepper,traditional,2025-08-29,reporting,0.167
PEP-B3-TRAD,pepper,traditional,2025-08-29,soil_moisture_monitoring,0.169
PEP-B3-TRAD,pepper,traditional,2025-08-29,troubleshooting,0.162
PEP-B3-TRAD,pepper,traditional,2025-08-29,weather_data_monitoring,0.148
TOM-B1-BIOT,tomato,blockchain_iot,2025-08-29,certification,0.058
TOM-B1-BIOT,tomato,blockchain_iot,2025-08-29,crop_health_monitoring,0.063
TOM-B1-BIOT,tomato,blockchain_iot,2025-08-29,irrigation_system_operation,0.015
TOM-B1-BIOT,tomato,blockchain_iot,2025-08-29,record_keeping,0.043
TOM-B1-BIOT,tomato,blockchain_iot,2025-08-29,reporting,0.04
TOM-B1-BIOT,tomato,blockchain_iot,2025-08-29,soil_moisture_monitoring,0.011
TOM-B1-BIOT,tomato,blockchain_iot,2025-08-29,weather_data_monitoring,0.012
TOM-B1-TRAD,tomato,traditional,2025-08-29,certification,0.519
TOM-B1-TRAD,tomato,traditional,2025-08-29,crop_health_monitoring,0.348
TOM-B1-TRAD,tomato,traditional,2025-08-29,irrigation_system_operation,0.149
TOM-B1-TRAD,tomato,traditional,2025-08-29,record_keeping,0.987
TOM-B1-TRAD,tomato,traditional,2025-08-29,reporting,0.211
TOM-B1-TRAD,tomato,traditional,2025-08-29,soil_moisture_monitoring,0.275
TOM-B1-TRAD,tomato,traditional,2025-08-29,troubleshooting,0.28
TOM-B1-TRAD,tomato,traditional,2025-08-29,weather_data_monitoring,0.292
TOM-B2-BIOT,tomato,blockchain_iot,2025-08-29,certification,0.083
TOM-B2-BIOT,tomato,blockchain_iot,2025-08-29,crop_health_monitoring,0.077
TOM-B2-BIOT,tomato,blockchain_iot,2025-08-29,irrigation_system_operation,0.011
TOM-B2-BIOT,tomato,blockchain_iot,2025-08-29,record_keeping,0.053
TOM-B2-BIOT,tomato,blockchain_iot,2025-08-29,reporting,0.059
TOM-B2-BIOT,tomato,blockchain_iot,2025-08-29,soil_moisture_monitoring,0.016
TOM-B2-BIOT,tomato,blockchain_iot,2025-08-29,weather_data_monitoring,0.019
TOM-B2-TRAD,tomato,traditional,2025-08-29,certification,0.497
TOM-B2-TRAD,tomato,traditional,2025-08-29,crop_health_monitoring,0.477
TOM-B2-TRAD,tomato,traditional,2025-08-29,irrigation_system_operation,0.179
TOM-B2-TRAD,tomato,traditional,2025-08-29,record_keeping,0.613
TOM-B2-TRAD,tomato,traditional,2025-08-29,reporting,0.197
TOM-B2-TRAD,tomato,traditional,2025-08-29,soil_moisture_monitoring,0.27
TOM-B2-TRAD,tomato,traditional,2025-08-29,troubleshooting,0.193
TOM-B2-TRAD,tomato,traditional,2025-08-29,weather_data_monitoring,0.259
TOM-B3-BIOT,tomato,blockchain_iot,2025-08-29,certification,0.101
TOM-B3-BIOT,tomato,blockchain_iot,2025-08-29,crop_health_monitoring,0.101
TOM-B3-BIOT,tomato,blockchain_iot,2025-08-29,irrigation_system_operation,0.015
TOM-B3-BIOT,tomato,blockchain_iot,2025-08-29,record_keeping,0.05
TOM-B3-BIOT,tomato,blockchain_iot,2025-08-29,reporting,0.046
TOM-B3-BIOT,tomato,blockchain_iot,2025-08-29,soil_moisture_monitoring,0.015
TOM-B3-BIOT,tomato,blockchain_iot,2025-08-29,weather_data_monitoring,0.012
TOM-B3-TRAD,tomato,traditional,2025-08-29,certification,0.401
TOM-B3-TRAD,tomato,traditional,2025-08-29,crop_health_monitoring,0.321
TOM-B3-TRAD,tomato,traditional,2025-08-29,irrigation_system_operation,0.184
TOM-B3-TRAD,tomato,traditional,2025-08-29,record_keeping,0.577
TOM-B3-TRAD,tomato,traditional,2025-08-29,reporting,0.22
TOM-B3-TRAD,tomato,traditional,2025-08-29,soil_moisture_monitoring,0.197
TOM-B3-TRAD,tomato,traditional,2025-08-29,troubleshooting,0.178
TOM-B3-TRAD,tomato,traditional,2025-08-29,weather_data_monitoring,0.246
PEP-B1-BIOT,pepper,blockchain_iot,2025-08-30,irrigation_system_operation,0.006
PEP-B1-BIOT,pepper,blockchain_iot,2025-08-30,soil_moisture_monitoring,0.009
PEP-B1-TRAD,pepper,traditional,2025-08-30,irrigation_system_operation,0.131
PEP-B1-TRAD,pepper,traditional,2025-08-30,soil_moisture_monitoring,0.145
PEP-B2-BIOT,pepper,blockchain_iot,2025-08-30,irrigation_system_operation,0.01
PEP-B2-BIOT,pepper,blockchain_iot,2025-08-30,soil_moisture_monitoring,0.011
PEP-B2-TRAD,pepper,traditional,2025-08-30,irrigation_system_operation,0.116
PEP-B2-TRAD,pepper,traditional,2025-08-30,soil_moisture_monitoring,0.234
PEP-B3-BIOT,pepper,blockchain_iot,2025-08-30,irrigation_system_operation,0.01
PEP-B3-BIOT,pepper,blockchain_iot,2025-08-30,soil_moisture_monitoring,0.009
PEP-B3-TRAD,pepper,traditional,2025-08-30,irrigation_system_operation,0.133
PEP-B3-TRAD,pepper,traditional,2025-08-30,soil_moisture_monitoring,0.153
TOM-B1-BIOT,tomato,blockchain_iot,2025-08-30,irrigation_system_operation,0.011
TOM-B1-BIOT,tomato,blockchain_iot,2025-08-30,soil_moisture_monitoring,0.018
TOM-B1-TRAD,tomato,traditional,2025-08-30,irrigation_system_operation,0.177
TOM-B1-TRAD,tomato,traditional,2025-08-30,soil_moisture_monitoring,0.251
TOM-B2-BIOT,tomato,blockchain_iot,2025-08-30,irrigation_system_operation,0.015
TOM-B2-BIOT,tomato,blockchain_iot,2025-08-30,soil_moisture_monitoring,0.019
TOM-B2-TRAD,tomato,traditional,2025-08-30,irrigation_system_operation,0.163
TOM-B2-TRAD,tomato,traditional,2025-08-30,soil_moisture_monitoring,0.301
TOM-B3-BIOT,tomato,blockchain_iot,2025-08-30,irrigation_system_operation,0.013
TOM-B3-BIOT,tomato,blockchain_iot,2025-08-30,soil_moisture_monitoring,0.016
TOM-B3-TRAD,tomato,traditional,2025-08-30,irrigation_system_operation,0.188
TOM-B3-TRAD,tomato,traditional,2025-08-30,soil_moisture_monitoring,0.214
PEP-B1-BIOT,pepper,blockchain_iot,2025-08-31,crop_health_monitoring,0.074
PEP-B1-BIOT,pepper,blockchain_iot,2025-08-31,irrigation_maintenance,0.038
PEP-B1-BIOT,pepper,blockchain_iot,2025-08-31,irrigation_system_operation,0.01
PEP-B1-BIOT,pepper,blockchain_iot,2025-08-31,soil_moisture_monitoring,0.007
PEP-B1-BIOT,pepper,blockchain_iot,2025-08-31,system_administration,0.338
PEP-B1-BIOT,pepper,blockchain_iot,2025-08-31,weather_data_monitoring,0.009
PEP-B1-TRAD,pepper,traditional,2025-08-31,crop_health_monitoring,0.267
PEP-B1-TRAD,pepper,traditional,2025-08-31,irrigation_maintenance,0.261
PEP-B1-TRAD,pepper,traditional,2025-08-31,irrigation_system_operation,0.113
PEP-B1-TRAD,pepper,traditional,2025-08-31,soil_moisture_monitoring,0.141
PEP-B1-TRAD,pepper,traditional,2025-08-31,weather_data_monitoring,0.129
PEP-B2-BIOT,pepper,blockchain_iot,2025-08-31,crop_health_monitoring,0.053
PEP-B2-BIOT,pepper,blockchain_iot,2025-08-31,irrigation_maintenance,0.032
PEP-B2-BIOT,pepper,blockchain_iot,2025-08-31,irrigation_system_operation,0.007
PEP-B2-BIOT,pepper,blockchain_iot,2025-08-31,soil_moisture_monitoring,0.008
PEP-B2-BIOT,pepper,blockchain_iot,2025-08-31,system_administration,0.233
PEP-B2-BIOT,pepper,blockchain_iot,2025-08-31,weather_data_monitoring,0.012
PEP-B2-TRAD,pepper,traditional,2025-08-31,crop_health_monitoring,0.229
PEP-B2-TRAD,pepper,traditional,2025-08-31,irrigation_maintenance,0.23
PEP-B2-TRAD,pepper,traditional,2025-08-31,irrigation_system_operation,0.128
PEP-B2-TRAD,pepper,traditional,2025-08-31,soil_moisture_monitoring,0.184
PEP-B2-TRAD,pepper,traditional,2025-08-31,weather_data_monitoring,0.113
PEP-B3-BIOT,pepper,blockchain_iot,2025-08-31,crop_health_monitoring,0.053
PEP-B3-BIOT,pepper,blockchain_iot,2025-08-31,irrigation_maintenance,0.023
PEP-B3-BIOT,pepper,blockchain_iot,2025-08-31,irrigation_system_operation,0.011
PEP-B3-BIOT,pepper,blockchain_iot,2025-08-31,soil_moisture_monitoring,0.008
PEP-B3-BIOT,pepper,blockchain_iot,2025-08-31,system_administration,0.308
PEP-B3-BIOT,pepper,blockchain_iot,2025-08-31,weather_data_monitoring,0.011
PEP-B3-TRAD,pepper,traditional,2025-08-31,crop_health_monitoring,0.354
PEP-B3-TRAD,pepper,traditional,2025-08-31,irrigation_maintenance,0.287
PEP-B3-TRAD,pepper,traditional,2025-08-31,irrigation_system_operation,0.102
PEP-B3-TRAD,pepper,traditional,2025-08-31,soil_moisture_monitoring,0.193
PEP-B3-TRAD,pepper,traditional,2025-08-31,weather_data_monitoring,0.075
TOM-B1-BIOT,tomato,blockchain_iot,2025-08-31,crop_health_monitoring,0.108
TOM-B1-BIOT,tomato,blockchain_iot,2025-08-31,irrigation_maintenance,0.069
TOM-B1-BIOT,tomato,blockchain_iot,2025-08-31,irrigation_system_operation,0.014
TOM-B1-BIOT,tomato,blockchain_iot,2025-08-31,soil_moisture_monitoring,0.013
TOM-B1-BIOT,tomato,blockchain_iot,2025-08-31,system_administration,0.444
TOM-B1-BIOT,tomato,blockchain_iot,2025-08-31,weather_data_monitoring,0.015
TOM-B1-TRAD,tomato,traditional,2025-08-31,crop_health_monitoring,0.346
TOM-B1-TRAD,tomato,traditional,2025-08-31,irrigation_maintenance,0.352
TOM-B1-TRAD,tomato,traditional,2025-08-31,irrigation_system_operation,0.198
TOM-B1-TRAD,tomato,traditional,2025-08-31,soil_moisture_monitoring,0.22
TOM-B1-TRAD,tomato,traditional,2025-08-31,weather_data_monitoring,0.232
TOM-B2-BIOT,tomato,blockchain_iot,2025-08-31,crop_health_monitoring,0.106
TOM-B2-BIOT,tomato,blockchain_iot,2025-08-31,irrigation_maintenance,0.066
TOM-B2-BIOT,tomato,blockchain_iot,2025-08-31,irrigation_system_operation,0.012
TOM-B2-BIOT,tomato,blockchain_iot,2025-08-31,soil_moisture_monitoring,0.008
TOM-B2-BIOT,tomato,blockchain_iot,2025-08-31,system_administration,0.573
TOM-B2-BIOT,tomato,blockchain_iot,2025-08-31,weather_data_monitoring,0.012
TOM-B2-TRAD,tomato,traditional,2025-08-31,crop_health_monitoring,0.491
TOM-B2-TRAD,tomato,traditional,2025-08-31,irrigation_maintenance,0.369
TOM-B2-TRAD,tomato,traditional,2025-08-31,irrigation_system_operation,0.145
TOM-B2-TRAD,tomato,traditional,2025-08-31,soil_moisture_monitoring,0.247
TOM-B2-TRAD,tomato,traditional,2025-08-31,weather_data_monitoring,0.257
TOM-B3-BIOT,tomato,blockchain_iot,2025-08-31,crop_health_monitoring,0.083
TOM-B3-BIOT,tomato,blockchain_iot,2025-08-31,irrigation_maintenance,0.057
TOM-B3-BIOT,tomato,blockchain_iot,2025-08-31,irrigation_system_operation,0.014
TOM-B3-BIOT,tomato,blockchain_iot,2025-08-31,soil_moisture_monitoring,0.016
TOM-B3-BIOT,tomato,blockchain_iot,2025-08-31,system_administration,0.387
TOM-B3-BIOT,tomato,blockchain_iot,2025-08-31,weather_data_monitoring,0.008
TOM-B3-TRAD,tomato,traditional,2025-08-31,crop_health_monitoring,0.407
TOM-B3-TRAD,tomato,traditional,2025-08-31,irrigation_maintenance,0.477
TOM-B3-TRAD,tomato,traditional,2025-08-31,irrigation_system_operation,0.193
TOM-B3-TRAD,tomato,traditional,2025-08-31,soil_moisture_monitoring,0.219
TOM-B3-TRAD,tomato,traditional,2025-08-31,weather_data_monitoring,0.258
PEP-B1-BIOT,pepper,blockchain_iot,2025-09-01,irrigation_system_operation,0.009
PEP-B1-BIOT,pepper,blockchain_iot,2025-09-01,soil_moisture_monitoring,0.007
PEP-B1-TRAD,pepper,traditional,2025-09-01,irrigation_system_operation,0.088
PEP-B1-TRAD,pepper,traditional,2025-09-01,soil_moisture_monitoring,0.134
PEP-B2-BIOT,pepper,blockchain_iot,2025-09-01,irrigation_system_operation,0.006
PEP-B2-BIOT,pepper,blockchain_iot,2025-09-01,soil_moisture_monitoring,0.008
PEP-B2-TRAD,pepper,traditional,2025-09-01,irrigation_system_operation,0.105
PEP-B2-TRAD,pepper,traditional,2025-09-01,soil_moisture_monitoring,0.13
PEP-B3-BIOT,pepper,blockchain_iot,2025-09-01,irrigation_system_operation,0.005
PEP-B3-BIOT,pepper,blockchain_iot,2025-09-01,soil_moisture_monitoring,0.009
PEP-B3-TRAD,pepper,traditional,2025-09-01,irrigation_system_operation,0.094
PEP-B3-TRAD,pepper,traditional,2025-09-01,soil_moisture_monitoring,0.17
TOM-B1-BIOT,tomato,blockchain_iot,2025-09-01,irrigation_system_operation,0.017
TOM-B1-BIOT,tomato,blockchain_iot,2025-09-01,soil_moisture_monitoring,0.014
TOM-B1-TRAD,tomato,traditional,2025-09-01,irrigation_system_operation,0.174
TOM-B1-TRAD,tomato,traditional,2025-09-01,soil_moisture_monitoring,0.366
TOM-B2-BIOT,tomato,blockchain_iot,2025-09-01,irrigation_system_operation,0.012
TOM-B2-BIOT,tomato,blockchain_iot,2025-09-01,soil_moisture_monitoring,0.013
TOM-B2-TRAD,tomato,traditional,2025-09-01,irrigation_system_operation,0.179
TOM-B2-TRAD,tomato,traditional,2025-09-01,soil_moisture_monitoring,0.28
TOM-B3-BIOT,tomato,blockchain_iot,2025-09-01,irrigation_system_operation,0.012
TOM-B3-BIOT,tomato,blockchain_iot,2025-09-01,soil_moisture_monitoring,0.015
TOM-B3-TRAD,tomato,traditional,2025-09-01,irrigation_system_operation,0.216
TOM-B3-TRAD,tomato,traditional,2025-09-01,soil_moisture_monitoring,0.26
PEP-B1-BIOT,pepper,blockchain_iot,2025-09-02,crop_health_monitoring,0.054
PEP-B1-BIOT,pepper,blockchain_iot,2025-09-02,irrigation_system_operation,0.005
PEP-B1-BIOT,pepper,blockchain_iot,2025-09-02,soil_moisture_monitoring,0.01
PEP-B1-BIOT,pepper,blockchain_iot,2025-09-02,weather_data_monitoring,0.008
PEP-B1-TRAD,pepper,traditional,2025-09-02,crop_health_monitoring,0.164
PEP-B1-TRAD,pepper,traditional,2025-09-02,irrigation_system_operation,0.084
PEP-B1-TRAD,pepper,traditional,2025-09-02,soil_moisture_monitoring,0.155
PEP-B1-TRAD,pepper,traditional,2025-09-02,weather_data_monitoring,0.16
PEP-B2-BIOT,pepper,blockchain_iot,2025-09-02,crop_health_monitoring,0.056
PEP-B2-BIOT,pepper,blockchain_iot,2025-09-02,irrigation_system_operation,0.009
PEP-B2-BIOT,pepper,blockchain_iot,2025-09-02,soil_moisture_monitoring,0.006
PEP-B2-BIOT,pepper,blockchain_iot,2025-09-02,weather_data_monitoring,0.01
PEP-B2-TRAD,pepper,traditional,2025-09-02,crop_health_monitoring,0.213
PEP-B2-TRAD,pepper,traditional,2025-09-02,irrigation_system_operation,0.079
PEP-B2-TRAD,pepper,traditional,2025-09-02,soil_moisture_monitoring,0.141
PEP-B2-TRAD,pepper,traditional,2025-09-02,weather_data_monitoring,0.143
PEP-B3-BIOT,pepper,blockchain_iot,2025-09-02,crop_health_monitoring,0.073
PEP-B3-BIOT,pepper,blockchain_iot,2025-09-02,irrigation_system_operation,0.006
PEP-B3-BIOT,pepper,blockchain_iot,2025-09-02,soil_moisture_monitoring,0.006
PEP-B3-BIOT,pepper,blockchain_iot,2025-09-02,weather_data_monitoring,0.01
PEP-B3-TRAD,pepper,traditional,2025-09-02,crop_health_monitoring,0.168
PEP-B3-TRAD,pepper,traditional,2025-09-02,irrigation_system_operation,0.071
PEP-B3-TRAD,pepper,traditional,2025-09-02,soil_moisture_monitoring,0.139
PEP-B3-TRAD,pepper,traditional,2025-09-02,weather_data_monitoring,0.101
TOM-B1-BIOT,tomato,blockchain_iot,2025-09-02,crop_health_monitoring,0.088
TOM-B1-BIOT,tomato,blockchain_iot,2025-09-02,irrigation_system_operation,0.017
TOM-B1-BIOT,tomato,blockchain_iot,2025-09-02,soil_moisture_monitoring,0.014
TOM-B1-BIOT,tomato,blockchain_iot,2025-09-02,weather_data_monitoring,0.011
TOM-B1-TRAD,tomato,traditional,2025-09-02,crop_health_monitoring,0.445
TOM-B1-TRAD,tomato,traditional,2025-09-02,irrigation_system_operation,0.221
TOM-B1-TRAD,tomato,traditional,2025-09-02,soil_moisture_monitoring,0.279
TOM-B1-TRAD,tomato,traditional,2025-09-02,weather_data_monitoring,0.22
TOM-B2-BIOT,tomato,blockchain_iot,2025-09-02,crop_health_monitoring,0.106
TOM-B2-BIOT,tomato,blockchain_iot,2025-09-02,irrigation_system_operation,0.014
TOM-B2-BIOT,tomato,blockchain_iot,2025-09-02,soil_moisture_monitoring,0.013
TOM-B2-BIOT,tomato,blockchain_iot,2025-09-02,weather_data_monitoring,0.018
TOM-B2-TRAD,tomato,traditional,2025-09-02,crop_health_monitoring,0.48
TOM-B2-TRAD,tomato,traditional,2025-09-02,irrigation_system_operation,0.16
TOM-B2-TRAD,tomato,traditional,2025-09-02,soil_moisture_monitoring,0.262
TOM-B2-TRAD,tomato,traditional,2025-09-02,weather_data_monitoring,0.187
TOM-B3-BIOT,tomato,blockchain_iot,2025-09-02,crop_health_monitoring,0.105
TOM-B3-BIOT,tomato,blockchain_iot,2025-09-02,irrigation_system_operation,0.016
TOM-B3-BIOT,tomato,blockchain_iot,2025-09-02,soil_moisture_monitoring,0.012
TOM-B3-BIOT,tomato,blockchain_iot,2025-09-02,weather_data_monitoring,0.014
TOM-B3-TRAD,tomato,traditional,2025-09-02,crop_health_monitoring,0.374
TOM-B3-TRAD,tomato,traditional,2025-09-02,irrigation_system_operation,0.168
TOM-B3-TRAD,tomato,traditional,2025-09-02,soil_moisture_monitoring,0.261
TOM-B3-TRAD,tomato,traditional,2025-09-02,weather_data_monitoring,0.185
PEP-B1-BIOT,pepper,blockchain_iot,2025-09-03,irrigation_maintenance,0.027
PEP-B1-BIOT,pepper,blockchain_iot,2025-09-03,irrigation_system_operation,0.008
PEP-B1-BIOT,pepper,blockchain_iot,2025-09-03,soil_moisture_monitoring,0.01
PEP-B1-BIOT,pepper,blockchain_iot,2025-09-03,system_administration,0.331
PEP-B1-TRAD,pepper,traditional,2025-09-03,irrigation_maintenance,0.279
PEP-B1-TRAD,pepper,traditional,2025-09-03,irrigation_system_operation,0.079
PEP-B1-TRAD,pepper,traditional,2025-09-03,soil_moisture_monitoring,0.215
PEP-B2-BIOT,pepper,blockchain_iot,2025-09-03,irrigation_maintenance,0.029
PEP-B2-BIOT,pepper,blockchain_iot,2025-09-03,irrigation_system_operation,0.014
PEP-B2-BIOT,pepper,blockchain_iot,2025-09-03,soil_moisture_monitoring,0.009
PEP-B2-BIOT,pepper,blockchain_iot,2025-09-03,system_administration,0.375
PEP-B2-TRAD,pepper,traditional,2025-09-03,irrigation_maintenance,0.219
PEP-B2-TRAD,pepper,traditional,2025-09-03,irrigation_system_operation,0.124
PEP-B2-TRAD,pepper,traditional,2025-09-03,soil_moisture_monitoring,0.117
PEP-B3-BIOT,pepper,blockchain_iot,2025-09-03,irrigation_maintenance,0.045
PEP-B3-BIOT,pepper,blockchain_iot,2025-09-03,irrigation_system_operation,0.009
PEP-B3-BIOT,pepper,blockchain_iot,2025-09-03,soil_moisture_monitoring,0.011
PEP-B3-BIOT,pepper,blockchain_iot,2025-09-03,system_administration,0.342
PEP-B3-TRAD,pepper,traditional,2025-09-03,irrigation_maintenance,0.299
PEP-B3-TRAD,pepper,traditional,2025-09-03,irrigation_system_operation,0.09
PEP-B3-TRAD,pepper,traditional,2025-09-03,soil_moisture_monitoring,0.211
TOM-B1-BIOT,tomato,blockchain_iot,2025-09-03,irrigation_maintenance,0.067
TOM-B1-BIOT,tomato,blockchain_iot,2025-09-03,irrigation_system_operation,0.011
TOM-B1-BIOT,tomato,blockchain_iot,2025-09-03,soil_moisture_monitoring,0.015
TOM-B1-BIOT,tomato,blockchain_iot,2025-09-03,system_administration,0.56
TOM-B1-TRAD,tomato,traditional,2025-09-03,irrigation_maintenance,0.478
TOM-B1-TRAD,tomato,traditional,2025-09-03,irrigation_system_operation,0.113
TOM-B1-TRAD,tomato,traditional,2025-09-03,soil_moisture_monitoring,0.346
TOM-B2-BIOT,tomato,blockchain_iot,2025-09-03,irrigation_maintenance,0.071
TOM-B2-BIOT,tomato,blockchain_iot,2025-09-03,irrigation_system_operation,0.012
TOM-B2-BIOT,tomato,blockchain_iot,2025-09-03,soil_moisture_monitoring,0.018
TOM-B2-BIOT,tomato,blockchain_iot,2025-09-03,system_administration,0.524
TOM-B2-TRAD,tomato,traditional,2025-09-03,irrigation_maintenance,0.322
TOM-B2-TRAD,tomato,traditional,2025-09-03,irrigation_system_operation,0.223
TOM-B2-TRAD,tomato,traditional,2025-09-03,soil_moisture_monitoring,0.224
TOM-B3-BIOT,tomato,blockchain_iot,2025-09-03,irrigation_maintenance,0.064
TOM-B3-BIOT,tomato,blockchain_iot,2025-09-03,irrigation_system_operation,0.014
TOM-B3-BIOT,tomato,blockchain_iot,2025-09-03,soil_moisture_monitoring,0.005
TOM-B3-BIOT,tomato,blockchain_iot,2025-09-03,system_administration,0.533
TOM-B3-TRAD,tomato,traditional,2025-09-03,irrigation_maintenance,0.488
TOM-B3-TRAD,tomato,traditional,2025-09-03,irrigation_system_operation,0.123
TOM-B3-TRAD,tomato,traditional,2025-09-03,soil_moisture_monitoring,0.178
PEP-B1-BIOT,pepper,blockchain_iot,2025-09-04,crop_health_monitoring,0.046
PEP-B1-BIOT,pepper,blockchain_iot,2025-09-04,irrigation_system_operation,0.01
PEP-B1-BIOT,pepper,blockchain_iot,2025-09-04,soil_moisture_monitoring,0.008
PEP-B1-BIOT,pepper,blockchain_iot,2025-09-04,weather_data_monitoring,0.003
PEP-B1-TRAD,pepper,traditional,2025-09-04,crop_health_monitoring,0.285
PEP-B1-TRAD,pepper,traditional,2025-09-04,irrigation_system_operation,0.087
PEP-B1-TRAD,pepper,traditional,2025-09-04,soil_moisture_monitoring,0.179
PEP-B1-TRAD,pepper,traditional,2025-09-04,weather_data_monitoring,0.138
PEP-B2-BIOT,pepper,blockchain_iot,2025-09-04,crop_health_monitoring,0.074
PEP-B2-BIOT,pepper,blockchain_iot,2025-09-04,irrigation_system_operation,0.008
PEP-B2-BIOT,pepper,blockchain_iot,2025-09-04,soil_moisture_monitoring,0.008
PEP-B2-BIOT,pepper,blockchain_iot,2025-09-04,weather_data_monitoring,0.01
PEP-B2-TRAD,pepper,traditional,2025-09-04,crop_health_monitoring,0.333
PEP-B2-TRAD,pepper,traditional,2025-09-04,irrigation_system_operation,0.107
PEP-B2-TRAD,pepper,traditional,2025-09-04,soil_moisture_monitoring,0.111
PEP-B2-TRAD,pepper,traditional,2025-09-04,weather_data_monitoring,0.159
PEP-B3-BIOT,pepper,blockchain_iot,2025-09-04,crop_health_monitoring,0.066
PEP-B3-BIOT,pepper,blockchain_iot,2025-09-04,irrigation_system_operation,0.009
PEP-B3-BIOT,pepper,blockchain_iot,2025-09-04,soil_moisture_monitoring,0.008
PEP-B3-BIOT,pepper,blockchain_iot,2025-09-04,weather_data_monitoring,0.007
PEP-B3-TRAD,pepper,traditional,2025-09-04,crop_health_monitoring,0.303
PEP-B3-TRAD,pepper,traditional,2025-09-04,irrigation_system_operation,0.118
PEP-B3-TRAD,pepper,traditional,2025-09-04,soil_moisture_monitoring,0.166
PEP-B3-TRAD,pepper,traditional,2025-09-04,weather_data_monitoring,0.139
TOM-B1-BIOT,tomato,blockchain_iot,2025-09-04,crop_health_monitoring,0.125
TOM-B1-BIOT,tomato,blockchain_iot,2025-09-04,irrigation_system_operation,0.012
TOM-B1-BIOT,tomato,blockchain_iot,2025-09-04,soil_moisture_monitoring,0.013
TOM-B1-BIOT,tomato,blockchain_iot,2025-09-04,weather_data_monitoring,0.014
TOM-B1-TRAD,tomato,traditional,2025-09-04,crop_health_monitoring,0.382
TOM-B1-TRAD,tomato,traditional,2025-09-04,irrigation_system_operation,0.196
TOM-B1-TRAD,tomato,traditional,2025-09-04,soil_moisture_monitoring,0.301
TOM-B1-TRAD,tomato,traditional,2025-09-04,weather_data_monitoring,0.187
TOM-B2-BIOT,tomato,blockchain_iot,2025-09-04,crop_health_monitoring,0.112
TOM-B2-BIOT,tomato,blockchain_iot,2025-09-04,irrigation_system_operation,0.017
TOM-B2-BIOT,tomato,blockchain_iot,2025-09-04,soil_moisture_monitoring,0.017
TOM-B2-BIOT,tomato,blockchain_iot,2025-09-04,weather_data_monitoring,0.016
TOM-B2-TRAD,tomato,traditional,2025-09-04,crop_health_monitoring,0.569
TOM-B2-TRAD,tomato,traditional,2025-09-04,irrigation_system_operation,0.17
TOM-B2-TRAD,tomato,traditional,2025-09-04,soil_moisture_monitoring,0.229
TOM-B2-TRAD,tomato,traditional,2025-09-04,weather_data_monitoring,0.243
TOM-B3-BIOT,tomato,blockchain_iot,2025-09-04,crop_health_monitoring,0.124
TOM-B3-BIOT,tomato,blockchain_iot,2025-09-04,irrigation_system_operation,0.018
TOM-B3-BIOT,tomato,blockchain_iot,2025-09-04,soil_moisture_monitoring,0.017
TOM-B3-BIOT,tomato,blockchain_iot,2025-09-04,weather_data_monitoring,0.016
TOM-B3-TRAD,tomato,traditional,2025-09-04,crop_health_monitoring,0.363
TOM-B3-TRAD,tomato,traditional,2025-09-04,irrigation_system_operation,0.128
TOM-B3-TRAD,tomato,traditional,2025-09-04,soil_moisture_monitoring,0.317
TOM-B3-TRAD,tomato,traditional,2025-09-04,weather_data_monitoring,0.253
PEP-B1-BIOT,pepper,blockchain_iot,2025-09-05,irrigation_system_operation,0.008
PEP-B1-BIOT,pepper,blockchain_iot,2025-09-05,record_keeping,0.032
PEP-B1-BIOT,pepper,blockchain_iot,2025-09-05,reporting,0.018
PEP-B1-BIOT,pepper,blockchain_iot,2025-09-05,soil_moisture_monitoring,0.01
PEP-B1-TRAD,pepper,traditional,2025-09-05,irrigation_system_operation,0.088
PEP-B1-TRAD,pepper,traditional,2025-09-05,record_keeping,0.485
PEP-B1-TRAD,pepper,traditional,2025-09-05,reporting,0.159
PEP-B1-TRAD,pepper,traditional,2025-09-05,soil_moisture_monitoring,0.169
PEP-B1-TRAD,pepper,traditional,2025-09-05,troubleshooting,0.16
PEP-B2-BIOT,pepper,blockchain_iot,2025-09-05,irrigation_system_operation,0.008
PEP-B2-BIOT,pepper,blockchain_iot,2025-09-05,record_keeping,0.027
PEP-B2-BIOT,pepper,blockchain_iot,2025-09-05,reporting,0.031
PEP-B2-BIOT,pepper,blockchain_iot,2025-09-05,soil_moisture_monitoring,0.009
PEP-B2-TRAD,pepper,traditional,2025-09-05,irrigation_system_operation,0.098
PEP-B2-TRAD,pepper,traditional,2025-09-05,record_keeping,0.563
PEP-B2-TRAD,pepper,traditional,2025-09-05,reporting,0.127
PEP-B2-TRAD,pepper,traditional,2025-09-05,soil_moisture_monitoring,0.178
PEP-B2-TRAD,pepper,traditional,2025-09-05,troubleshooting,0.153
PEP-B3-BIOT,pepper,blockchain_iot,2025-09-05,irrigation_system_operation,0.009
PEP-B3-BIOT,pepper,blockchain_iot,2025-09-05,record_keeping,0.028
PEP-B3-BIOT,pepper,blockchain_iot,2025-09-05,reporting,0.039
PEP-B3-BIOT,pepper,blockchain_iot,2025-09-05,soil_moisture_monitoring,0.01
PEP-B3-TRAD,pepper,traditional,2025-09-05,irrigation_system_operation,0.103
PEP-B3-TRAD,pepper,traditional,2025-09-05,record_keeping,0.432
PEP-B3-TRAD,pepper,traditional,2025-09-05,reporting,0.14
PEP-B3-TRAD,pepper,traditional,2025-09-05,soil_moisture_monitoring,0.111
PEP-B3-TRAD,pepper,traditional,2025-09-05,troubleshooting,0.173
TOM-B1-BIOT,tomato,blockchain_iot,2025-09-05,irrigation_system_operation,0.013
TOM-B1-BIOT,tomato,blockchain_iot,2025-09-05,record_keeping,0.05
TOM-B1-BIOT,tomato,blockchain_iot,2025-09-05,reporting,0.039
TOM-B1-BIOT,tomato,blockchain_iot,2025-09-05,soil_moisture_monitoring,0.014
TOM-B1-TRAD,tomato,traditional,2025-09-05,irrigation_system_operation,0.226
TOM-B1-TRAD,tomato,traditional,2025-09-05,record_keeping,0.72
TOM-B1-TRAD,tomato,traditional,2025-09-05,reporting,0.227
TOM-B1-TRAD,tomato,traditional,2025-09-05,soil_moisture_monitoring,0.201
TOM-B1-TRAD,tomato,traditional,2025-09-05,troubleshooting,0.222
TOM-B2-BIOT,tomato,blockchain_iot,2025-09-05,irrigation_system_operation,0.015
TOM-B2-BIOT,tomato,blockchain_iot,2025-09-05,record_keeping,0.04
TOM-B2-BIOT,tomato,blockchain_iot,2025-09-05,reporting,0.046
TOM-B2-BIOT,tomato,blockchain_iot,2025-09-05,soil_moisture_monitoring,0.017
TOM-B2-TRAD,tomato,traditional,2025-09-05,irrigation_system_operation,0.207
TOM-B2-TRAD,tomato,traditional,2025-09-05,record_keeping,0.662
TOM-B2-TRAD,tomato,traditional,2025-09-05,reporting,0.19
TOM-B2-TRAD,tomato,traditional,2025-09-05,soil_moisture_monitoring,0.249
TOM-B2-TRAD,tomato,traditional,2025-09-05,troubleshooting,0.239
TOM-B3-BIOT,tomato,blockchain_iot,2025-09-05,irrigation_system_operation,0.016
TOM-B3-BIOT,tomato,blockchain_iot,2025-09-05,record_keeping,0.048
TOM-B3-BIOT,tomato,blockchain_iot,2025-09-05,reporting,0.061
TOM-B3-BIOT,tomato,blockchain_iot,2025-09-05,soil_moisture_monitoring,0.007
TOM-B3-TRAD,tomato,traditional,2025-09-05,irrigation_system_operation,0.155
TOM-B3-TRAD,tomato,traditional,2025-09-05,record_keeping,0.556
TOM-B3-TRAD,tomato,traditional,2025-09-05,reporting,0.266
TOM-B3-TRAD,tomato,traditional,2025-09-05,soil_moisture_monitoring,0.182
TOM-B3-TRAD,tomato,traditional,2025-09-05,troubleshooting,0.227
PEP-B1-BIOT,pepper,blockchain_iot,2025-09-06,crop_health_monitoring,0.059
PEP-B1-BIOT,pepper,blockchain_iot,2025-09-06,irrigation_maintenance,0.033
PEP-B1-BIOT,pepper,blockchain_iot,2025-09-06,irrigation_system_operation,0.011
PEP-B1-BIOT,pepper,blockchain_iot,2025-09-06,soil_moisture_monitoring,0.01
PEP-B1-BIOT,pepper,blockchain_iot,2025-09-06,system_administration,0.379
PEP-B1-BIOT,pepper,blockchain_iot,2025-09-06,weather_data_monitoring,0.01
PEP-B1-TRAD,pepper,traditional,2025-09-06,crop_health_monitoring,0.287
PEP-B1-TRAD,pepper,traditional,2025-09-06,irrigation_maintenance,0.259
PEP-B1-TRAD,pepper,traditional,2025-09-06,irrigation_system_operation,0.118
PEP-B1-TRAD,pepper,traditional,2025-09-06,soil_moisture_monitoring,0.127
PEP-B1-TRAD,pepper,traditional,2025-09-06,weather_data_monitoring,0.096
PEP-B2-BIOT,pepper,blockchain_iot,2025-09-06,crop_health_monitoring,0.07
PEP-B2-BIOT,pepper,blockchain_iot,2025-09-06,irrigation_maintenance,0.032
PEP-B2-BIOT,pepper,blockchain_iot,2025-09-06,irrigation_system_operation,0.007
PEP-B2-BIOT,pepper,blockchain_iot,2025-09-06,soil_moisture_monitoring,0.008
PEP-B2-BIOT,pepper,blockchain_iot,2025-09-06,system_administration,0.255
PEP-B2-BIOT,pepper,blockchain_iot,2025-09-06,weather_data_monitoring,0.009
PEP-B2-TRAD,pepper,traditional,2025-09-06,crop_health_monitoring,0.33
PEP-B2-TRAD,pepper,traditional,2025-09-06,irrigation_maintenance,0.168
PEP-B2-TRAD,pepper,traditional,2025-09-06,irrigation_system_operation,0.053
PEP-B2-TRAD,pepper,traditional,2025-09-06,soil_moisture_monitoring,0.111
PEP-B2-TRAD,pepper,traditional,2025-09-06,weather_data_monitoring,0.092
PEP-B3-BIOT,pepper,blockchain_iot,2025-09-06,crop_health_monitoring,0.03
PEP-B3-BIOT,pepper,blockchain_iot,2025-09-06,irrigation_maintenance,0.031
PEP-B3-BIOT,pepper,blockchain_iot,2025-09-06,irrigation_system_operation,0.006
PEP-B3-BIOT,pepper,blockchain_iot,2025-09-06,soil_moisture_monitoring,0.01
PEP-B3-BIOT,pepper,blockchain_iot,2025-09-06,system_administration,0.26
PEP-B3-BIOT,pepper,blockchain_iot,2025-09-06,weather_data_monitoring,0.007
PEP-B3-TRAD,pepper,traditional,2025-09-06,crop_health_monitoring,0.2
PEP-B3-TRAD,pepper,traditional,2025-09-06,irrigation_maintenance,0.206
PEP-B3-TRAD,pepper,traditional,2025-09-06,irrigation_system_operation,0.091
PEP-B3-TRAD,pepper,traditional,2025-09-06,soil_moisture_monitoring,0.187
PEP-B3-TRAD,pepper,traditional,2025-09-06,weather_data_monitoring,0.106
TOM-B1-BIOT,tomato,blockchain_iot,2025-09-06,crop_health_monitoring,0.116
TOM-B1-BIOT,tomato,blockchain_iot,2025-09-06,irrigation_maintenance,0.055
TOM-B1-BIOT,tomato,blockchain_iot,2025-09-06,irrigation_system_operation,0.016
TOM-B1-BIOT,tomato,blockchain_iot,2025-09-06,soil_moisture_monitoring,0.017
TOM-B1-BIOT,tomato,blockchain_iot,2025-09-06,system_administration,0.331
TOM-B1-BIOT,tomato,blockchain_iot,2025-09-06,weather_data_monitoring,0.012
TOM-B1-TRAD,tomato,traditional,2025-09-06,crop_health_monitoring,0.434
TOM-B1-TRAD,tomato,traditional,2025-09-06,irrigation_maintenance,0.369
TOM-B1-TRAD,tomato,traditional,2025-09-06,irrigation_system_operation,0.22
TOM-B1-TRAD,tomato,traditional,2025-09-06,soil_moisture_monitoring,0.179
TOM-B1-TRAD,tomato,traditional,2025-09-06,weather_data_monitoring,0.213
TOM-B2-BIOT,tomato,blockchain_iot,2025-09-06,crop_health_monitoring,0.119
TOM-B2-BIOT,tomato,blockchain_iot,2025-09-06,irrigation_maintenance,0.038
TOM-B2-BIOT,tomato,blockchain_iot,2025-09-06,irrigation_system_operation,0.013
TOM-B2-BIOT,tomato,blockchain_iot,2025-09-06,soil_moisture_monitoring,0.013
TOM-B2-BIOT,tomato,blockchain_iot,2025-09-06,system_administration,0.481
TOM-B2-BIOT,tomato,blockchain_iot,2025-09-06,weather_data_monitoring,0.013
TOM-B2-TRAD,tomato,traditional,2025-09-06,crop_health_monitoring,0.617
TOM-B2-TRAD,tomato,traditional,2025-09-06,irrigation_maintenance,0.313
TOM-B2-TRAD,tomato,traditional,2025-09-06,irrigation_system_operation,0.18
TOM-B2-TRAD,tomato,traditional,2025-09-06,soil_moisture_monitoring,0.202
TOM-B2-TRAD,tomato,traditional,2025-09-06,weather_data_monitoring,0.154
TOM-B3-BIOT,tomato,blockchain_iot,2025-09-06,crop_health_monitoring,0.095
TOM-B3-BIOT,tomato,blockchain_iot,2025-09-06,irrigation_maintenance,0.07
TOM-B3-BIOT,tomato,blockchain_iot,2025-09-06,irrigation_system_operation,0.015
TOM-B3-BIOT,tomato,blockchain_iot,2025-09-06,soil_moisture_monitoring,0.018
TOM-B3-BIOT,tomato,blockchain_iot,2025-09-06,system_administration,0.33
TOM-B3-BIOT,tomato,blockchain_iot,2025-09-06,weather_data_monitoring,0.011
TOM-B3-TRAD,tomato,traditional,2025-09-06,crop_health_monitoring,0.499
TOM-B3-TRAD,tomato,traditional,2025-09-06,irrigation_maintenance,0.325
TOM-B3-TRAD,tomato,traditional,2025-09-06,irrigation_system_operation,0.152
TOM-B3-TRAD,tomato,traditional,2025-09-06,soil_moisture_monitoring,0.326
TOM-B3-TRAD,tomato,traditional,2025-09-06,weather_data_monitoring,0.172
PEP-B1-BIOT,pepper,blockchain_iot,2025-09-07,irrigation_system_operation,0.012
PEP-B1-BIOT,pepper,blockchain_iot,2025-09-07,soil_moisture_monitoring,0.007
PEP-B1-TRAD,pepper,traditional,2025-09-07,irrigation_system_operation,0.111
PEP-B1-TRAD,pepper,traditional,2025-09-07,soil_moisture_monitoring,0.15
PEP-B2-BIOT,pepper,blockchain_iot,2025-09-07,irrigation_system_operation,0.01
PEP-B2-BIOT,pepper,blockchain_iot,2025-09-07,soil_moisture_monitoring,0.006
PEP-B2-TRAD,pepper,traditional,2025-09-07,irrigation_system_operation,0.125
PEP-B2-TRAD,pepper,traditional,2025-09-07,soil_moisture_monitoring,0.162
PEP-B3-BIOT,pepper,blockchain_iot,2025-09-07,irrigation_system_operation,0.011
PEP-B3-BIOT,pepper,blockchain_iot,2025-09-07,soil_moisture_monitoring,0.006
PEP-B3-TRAD,pepper,traditional,2025-09-07,irrigation_system_operation,0.14
PEP-B3-TRAD,pepper,traditional,2025-09-07,soil_moisture_monitoring,0.168
TOM-B1-BIOT,tomato,blockchain_iot,2025-09-07,irrigation_system_operation,0.015
TOM-B1-BIOT,tomato,blockchain_iot,2025-09-07,soil_moisture_monitoring,0.015
TOM-B1-TRAD,tomato,traditional,2025-09-07,irrigation_system_operation,0.245
TOM-B1-TRAD,tomato,traditional,2025-09-07,soil_moisture_monitoring,0.268
TOM-B2-BIOT,tomato,blockchain_iot,2025-09-07,irrigation_system_operation,0.014
TOM-B2-BIOT,tomato,blockchain_iot,2025-09-07,soil_moisture_monitoring,0.012
TOM-B2-TRAD,tomato,traditional,2025-09-07,irrigation_system_operation,0.144
TOM-B2-TRAD,tomato,traditional,2025-09-07,soil_moisture_monitoring,0.272
TOM-B3-BIOT,tomato,blockchain_iot,2025-09-07,irrigation_system_operation,0.01
TOM-B3-BIOT,tomato,blockchain_iot,2025-09-07,soil_moisture_monitoring,0.014
TOM-B3-TRAD,tomato,traditional,2025-09-07,irrigation_system_operation,0.179
TOM-B3-TRAD,tomato,traditional,2025-09-07,soil_moisture_monitoring,0.206
PEP-B1-BIOT,pepper,blockchain_iot,2025-09-08,crop_health_monitoring,0.063
PEP-B1-BIOT,pepper,blockchain_iot,2025-09-08,irrigation_system_operation,0.01
PEP-B1-BIOT,pepper,blockchain_iot,2025-09-08,soil_moisture_monitoring,0.01
PEP-B1-BIOT,pepper,blockchain_iot,2025-09-08,weather_data_monitoring,0.003
PEP-B1-TRAD,pepper,traditional,2025-09-08,crop_health_monitoring,0.201
PEP-B1-TRAD,pepper,traditional,2025-09-08,irrigation_system_operation,0.111
PEP-B1-TRAD,pepper,traditional,2025-09-08,soil_moisture_monitoring,0.173
PEP-B1-TRAD,pepper,traditional,2025-09-08,weather_data_monitoring,0.109
PEP-B2-BIOT,pepper,blockchain_iot,2025-09-08,crop_health_monitoring,0.061
PEP-B2-BIOT,pepper,blockchain_iot,2025-09-08,irrigation_system_operation,0.006
PEP-B2-BIOT,pepper,blockchain_iot,2025-09-08,soil_moisture_monitoring,0.008
PEP-B2-BIOT,pepper,blockchain_iot,2025-09-08,weather_data_monitoring,0.009
PEP-B2-TRAD,pepper,traditional,2025-09-08,crop_health_monitoring,0.28
PEP-B2-TRAD,pepper,traditional,2025-09-08,irrigation_system_operation,0.138
PEP-B2-TRAD,pepper,traditional,2025-09-08,soil_moisture_monitoring,0.146
PEP-B2-TRAD,pepper,traditional,2025-09-08,weather_data_monitoring,0.15
PEP-B3-BIOT,pepper,blockchain_iot,2025-09-08,crop_health_monitoring,0.057
PEP-B3-BIOT,pepper,blockchain_iot,2025-09-08,irrigation_system_operation,0.006
PEP-B3-BIOT,pepper,blockchain_iot,2025-09-08,soil_moisture_monitoring,0.006
PEP-B3-BIOT,pepper,blockchain_iot,2025-09-08,weather_data_monitoring,0.01
PEP-B3-TRAD,pepper,traditional,2025-09-08,crop_health_monitoring,0.261
PEP-B3-TRAD,pepper,traditional,2025-09-08,irrigation_system_operation,0.099
PEP-B3-TRAD,pepper,traditional,2025-09-08,soil_moisture_monitoring,0.165
PEP-B3-TRAD,pepper,traditional,2025-09-08,weather_data_monitoring,0.136
TOM-B1-BIOT,tomato,blockchain_iot,2025-09-08,crop_health_monitoring,0.114
TOM-B1-BIOT,tomato,blockchain_iot,2025-09-08,irrigation_system_operation,0.014
TOM-B1-BIOT,tomato,blockchain_iot,2025-09-08,soil_moisture_monitoring,0.011
TOM-B1-BIOT,tomato,blockchain_iot,2025-09-08,weather_data_monitoring,0.013
TOM-B1-TRAD,tomato,traditional,2025-09-08,crop_health_monitoring,0.506
TOM-B1-TRAD,tomato,traditional,2025-09-08,irrigation_system_operation,0.131
TOM-B1-TRAD,tomato,traditional,2025-09-08,soil_moisture_monitoring,0.338
TOM-B1-TRAD,tomato,traditional,2025-09-08,weather_data_monitoring,0.127
TOM-B2-BIOT,tomato,blockchain_iot,2025-09-08,crop_health_monitoring,0.062
TOM-B2-BIOT,tomato,blockchain_iot,2025-09-08,irrigation_system_operation,0.013
TOM-B2-BIOT,tomato,blockchain_iot,2025-09-08,soil_moisture_monitoring,0.011
TOM-B2-BIOT,tomato,blockchain_iot,2025-09-08,weather_data_monitoring,0.007
TOM-B2-TRAD,tomato,traditional,2025-09-08,crop_health_monitoring,0.398
TOM-B2-TRAD,tomato,traditional,2025-09-08,irrigation_system_operation,0.2
TOM-B2-TRAD,tomato,traditional,2025-09-08,soil_moisture_monitoring,0.197
TOM-B2-TRAD,tomato,traditional,2025-09-08,weather_data_monitoring,0.223
TOM-B3-BIOT,tomato,blockchain_iot,2025-09-08,crop_health_monitoring,0.095
TOM-B3-BIOT,tomato,blockchain_iot,2025-09-08,irrigation_system_operation,0.011
TOM-B3-BIOT,tomato,blockchain_iot,2025-09-08,soil_moisture_monitoring,0.013
TOM-B3-BIOT,tomato,blockchain_iot,2025-09-08,weather_data_monitoring,0.013
TOM-B3-TRAD,tomato,traditional,2025-09-08,crop_health_monitoring,0.374
TOM-B3-TRAD,tomato,traditional,2025-09-08,irrigation_system_operation,0.193
TOM-B3-TRAD,tomato,traditional,2025-09-08,soil_moisture_monitoring,0.276
TOM-B3-TRAD,tomato,traditional,2025-09-08,weather_data_monitoring,0.186
PEP-B1-BIOT,pepper,blockchain_iot,2025-09-09,irrigation_maintenance,0.032
PEP-B1-BIOT,pepper,blockchain_iot,2025-09-09,irrigation_system_operation,0.01
PEP-B1-BIOT,pepper,blockchain_iot,2025-09-09,soil_moisture_monitoring,0.011
PEP-B1-BIOT,pepper,blockchain_iot,2025-09-09,system_administration,0.273
PEP-B1-TRAD,pepper,traditional,2025-09-09,irrigation_maintenance,0.309
PEP-B1-TRAD,pepper,traditional,2025-09-09,irrigation_system_operation,0.102
PEP-B1-TRAD,pepper,traditional,2025-09-09,soil_moisture_monitoring,0.194
PEP-B2-BIOT,pepper,blockchain_iot,2025-09-09,irrigation_maintenance,0.033
PEP-B2-BIOT,pepper,blockchain_iot,2025-09-09,irrigation_system_operation,0.009
PEP-B2-BIOT,pepper,blockchain_iot,2025-09-09,soil_moisture_monitoring,0.008
PEP-B2-BIOT,pepper,blockchain_iot,2025-09-09,system_administration,0.252
PEP-B2-TRAD,pepper,traditional,2025-09-09,irrigation_maintenance,0.254
PEP-B2-TRAD,pepper,traditional,2025-09-09,irrigation_system_operation,0.09
PEP-B2-TRAD,pepper,traditional,2025-09-09,soil_moisture_monitoring,0.143
PEP-B3-BIOT,pepper,blockchain_iot,2025-09-09,irrigation_maintenance,0.044
PEP-B3-BIOT,pepper,blockchain_iot,2025-09-09,irrigation_system_operation,0.01
PEP-B3-BIOT,pepper,blockchain_iot,2025-09-09,soil_moisture_monitoring,0.007
PEP-B3-BIOT,pepper,blockchain_iot,2025-09-09,system_administration,0.243
PEP-B3-TRAD,pepper,traditional,2025-09-09,irrigation_maintenance,0.264
PEP-B3-TRAD,pepper,traditional,2025-09-09,irrigation_system_operation,0.076
PEP-B3-TRAD,pepper,traditional,2025-09-09,soil_moisture_monitoring,0.149
TOM-B1-BIOT,tomato,blockchain_iot,2025-09-09,irrigation_maintenance,0.062
TOM-B1-BIOT,tomato,blockchain_iot,2025-09-09,irrigation_system_operation,0.016
TOM-B1-BIOT,tomato,blockchain_iot,2025-09-09,soil_moisture_monitoring,0.017
TOM-B1-BIOT,tomato,blockchain_iot,2025-09-09,system_administration,0.283
TOM-B1-TRAD,tomato,traditional,2025-09-09,irrigation_maintenance,0.593
TOM-B1-TRAD,tomato,traditional,2025-09-09,irrigation_system_operation,0.203
TOM-B1-TRAD,tomato,traditional,2025-09-09,soil_moisture_monitoring,0.239
TOM-B2-BIOT,tomato,blockchain_iot,2025-09-09,irrigation_maintenance,0.059
TOM-B2-BIOT,tomato,blockchain_iot,2025-09-09,irrigation_system_operation,0.011
TOM-B2-BIOT,tomato,blockchain_iot,2025-09-09,soil_moisture_monitoring,0.018
TOM-B2-BIOT,tomato,blockchain_iot,2025-09-09,system_administration,0.465
TOM-B2-TRAD,tomato,traditional,2025-09-09,irrigation_maintenance,0.506
TOM-B2-TRAD,tomato,traditional,2025-09-09,irrigation_system_operation,0.137
TOM-B2-TRAD,tomato,traditional,2025-09-09,soil_moisture_monitoring,0.236
TOM-B3-BIOT,tomato,blockchain_iot,2025-09-09,irrigation_maintenance,0.06
TOM-B3-BIOT,tomato,blockchain_iot,2025-09-09,irrigation_system_operation,0.013
TOM-B3-BIOT,tomato,blockchain_iot,2025-09-09,soil_moisture_monitoring,0.011
TOM-B3-BIOT,tomato,blockchain_iot,2025-09-09,system_administration,0.571
TOM-B3-TRAD,tomato,traditional,2025-09-09,irrigation_maintenance,0.563
TOM-B3-TRAD,tomato,traditional,2025-09-09,irrigation_system_operation,0.204
TOM-B3-TRAD,tomato,traditional,2025-09-09,soil_moisture_monitoring,0.29
PEP-B1-BIOT,pepper,blockchain_iot,2025-09-10,crop_health_monitoring,0.06
PEP-B1-BIOT,pepper,blockchain_iot,2025-09-10,irrigation_system_operation,0.008
PEP-B1-BIOT,pepper,blockchain_iot,2025-09-10,soil_moisture_monitoring,0.008
PEP-B1-BIOT,pepper,blockchain_iot,2025-09-10,weather_data_monitoring,0.011
PEP-B1-TRAD,pepper,traditional,2025-09-10,crop_health_monitoring,0.271
PEP-B1-TRAD,pepper,traditional,2025-09-10,irrigation_system_operation,0.125
PEP-B1-TRAD,pepper,traditional,2025-09-10,soil_moisture_monitoring,0.163
PEP-B1-TRAD,pepper,traditional,2025-09-10,weather_data_monitoring,0.11
PEP-B2-BIOT,pepper,blockchain_iot,2025-09-10,crop_health_monitoring,0.061
PEP-B2-BIOT,pepper,blockchain_iot,2025-09-10,irrigation_system_operation,0.007
PEP-B2-BIOT,pepper,blockchain_iot,2025-09-10,soil_moisture_monitoring,0.008
PEP-B2-BIOT,pepper,blockchain_iot,2025-09-10,weather_data_monitoring,0.007
PEP-B2-TRAD,pepper,traditional,2025-09-10,crop_health_monitoring,0.247
PEP-B2-TRAD,pepper,traditional,2025-09-10,irrigation_system_operation,0.086
PEP-B2-TRAD,pepper,traditional,2025-09-10,soil_moisture_monitoring,0.188
PEP-B2-TRAD,pepper,traditional,2025-09-10,weather_data_monitoring,0.116
PEP-B3-BIOT,pepper,blockchain_iot,2025-09-10,crop_health_monitoring,0.051
PEP-B3-BIOT,pepper,blockchain_iot,2025-09-10,irrigation_system_operation,0.008
PEP-B3-BIOT,pepper,blockchain_iot,2025-09-10,soil_moisture_monitoring,0.009
PEP-B3-BIOT,pepper,blockchain_iot,2025-09-10,weather_data_monitoring,0.009
PEP-B3-TRAD,pepper,traditional,2025-09-10,crop_health_monitoring,0.252
PEP-B3-TRAD,pepper,traditional,2025-09-10,irrigation_system_operation,0.103
PEP-B3-TRAD,pepper,traditional,2025-09-10,soil_moisture_monitoring,0.144
PEP-B3-TRAD,pepper,traditional,2025-09-10,weather_data_monitoring,0.115
TOM-B1-BIOT,tomato,blockchain_iot,2025-09-10,crop_health_monitoring,0.107
TOM-B1-BIOT,tomato,blockchain_iot,2025-09-10,irrigation_system_operation,0.021
TOM-B1-BIOT,tomato,blockchain_iot,2025-09-10,soil_moisture_monitoring,0.012
TOM-B1-BIOT,tomato,blockchain_iot,2025-09-10,weather_data_monitoring,0.016
TOM-B1-TRAD,tomato,traditional,2025-09-10,crop_health_monitoring,0.402
TOM-B1-TRAD,tomato,traditional,2025-09-10,irrigation_system_operation,0.174
TOM-B1-TRAD,tomato,traditional,2025-09-10,soil_moisture_monitoring,0.31
TOM-B1-TRAD,tomato,traditional,2025-09-10,weather_data_monitoring,0.21
TOM-B2-BIOT,tomato,blockchain_iot,2025-09-10,crop_health_monitoring,0.097
TOM-B2-BIOT,tomato,blockchain_iot,2025-09-10,irrigation_system_operation,0.01
TOM-B2-BIOT,tomato,blockchain_iot,2025-09-10,soil_moisture_monitoring,0.018
TOM-B2-BIOT,tomato,blockchain_iot,2025-09-10,weather_data_monitoring,0.011
TOM-B2-TRAD,tomato,traditional,2025-09-10,crop_health_monitoring,0.256
TOM-B2-TRAD,tomato,traditional,2025-09-10,irrigation_system_operation,0.132
TOM-B2-TRAD,tomato,traditional,2025-09-10,soil_moisture_monitoring,0.244
TOM-B2-TRAD,tomato,traditional,2025-09-10,weather_data_monitoring,0.182
TOM-B3-BIOT,tomato,blockchain_iot,2025-09-10,crop_health_monitoring,0.118
TOM-B3-BIOT,tomato,blockchain_iot,2025-09-10,irrigation_system_operation,0.012
TOM-B3-BIOT,tomato,blockchain_iot,2025-09-10,soil_moisture_monitoring,0.014
TOM-B3-BIOT,tomato,blockchain_iot,2025-09-10,weather_data_monitoring,0.016
TOM-B3-TRAD,tomato,traditional,2025-09-10,crop_health_monitoring,0.311
TOM-B3-TRAD,tomato,traditional,2025-09-10,irrigation_system_operation,0.166
TOM-B3-TRAD,tomato,traditional,2025-09-10,soil_moisture_monitoring,0.19
TOM-B3-TRAD,tomato,traditional,2025-09-10,weather_data_monitoring,0.122
PEP-B1-BIOT,pepper,blockchain_iot,2025-09-11,irrigation_system_operation,0.008
PEP-B1-BIOT,pepper,blockchain_iot,2025-09-11,soil_moisture_monitoring,0.008
PEP-B1-TRAD,pepper,traditional,2025-09-11,irrigation_system_operation,0.123
PEP-B1-TRAD,pepper,traditional,2025-09-11,soil_moisture_monitoring,0.138
PEP-B2-BIOT,pepper,blockchain_iot,2025-09-11,irrigation_system_operation,0.01
PEP-B2-BIOT,pepper,blockchain_iot,2025-09-11,soil_moisture_monitoring,0.007
PEP-B2-TRAD,pepper,traditional,2025-09-11,irrigation_system_operation,0.115
PEP-B2-TRAD,pepper,traditional,2025-09-11,soil_moisture_monitoring,0.098
PEP-B3-BIOT,pepper,blockchain_iot,2025-09-11,irrigation_system_operation,0.007
PEP-B3-BIOT,pepper,blockchain_iot,2025-09-11,soil_moisture_monitoring,0.011
PEP-B3-TRAD,pepper,traditional,2025-09-11,irrigation_system_operation,0.126
PEP-B3-TRAD,pepper,traditional,2025-09-11,soil_moisture_monitoring,0.099
TOM-B1-BIOT,tomato,blockchain_iot,2025-09-11,irrigation_system_operation,0.015
TOM-B1-BIOT,tomato,blockchain_iot,2025-09-11,soil_moisture_monitoring,0.014
TOM-B1-TRAD,tomato,traditional,2025-09-11,irrigation_system_operation,0.141
TOM-B1-TRAD,tomato,traditional,2025-09-11,soil_moisture_monitoring,0.244
TOM-B2-BIOT,tomato,blockchain_iot,2025-09-11,irrigation_system_operation,0.02
TOM-B2-BIOT,tomato,blockchain_iot,2025-09-11,soil_moisture_monitoring,0.018
TOM-B2-TRAD,tomato,traditional,2025-09-11,irrigation_system_operation,0.231
TOM-B2-TRAD,tomato,traditional,2025-09-11,soil_moisture_monitoring,0.289
TOM-B3-BIOT,tomato,blockchain_iot,2025-09-11,irrigation_system_operation,0.015
TOM-B3-BIOT,tomato,blockchain_iot,2025-09-11,soil_moisture_monitoring,0.016
TOM-B3-TRAD,tomato,traditional,2025-09-11,irrigation_system_operation,0.149
TOM-B3-TRAD,tomato,traditional,2025-09-11,soil_moisture_monitoring,0.221
PEP-B1-BIOT,pepper,blockchain_iot,2025-09-12,certification,0.047
PEP-B1-BIOT,pepper,blockchain_iot,2025-09-12,crop_health_monitoring,0.053
PEP-B1-BIOT,pepper,blockchain_iot,2025-09-12,irrigation_maintenance,0.02
PEP-B1-BIOT,pepper,blockchain_iot,2025-09-12,irrigation_system_operation,0.01
PEP-B1-BIOT,pepper,blockchain_iot,2025-09-12,record_keeping,0.032
PEP-B1-BIOT,pepper,blockchain_iot,2025-09-12,reporting,0.031
PEP-B1-BIOT,pepper,blockchain_iot,2025-09-12,soil_moisture_monitoring,0.012
PEP-B1-BIOT,pepper,blockchain_iot,2025-09-12,system_administration,0.288
PEP-B1-BIOT,pepper,blockchain_iot,2025-09-12,weather_data_monitoring,0.011
PEP-B1-TRAD,pepper,traditional,2025-09-12,certification,0.178
PEP-B1-TRAD,pepper,traditional,2025-09-12,crop_health_monitoring,0.243
PEP-B1-TRAD,pepper,traditional,2025-09-12,irrigation_maintenance,0.3
PEP-B1-TRAD,pepper,traditional,2025-09-12,irrigation_system_operation,0.119
PEP-B1-TRAD,pepper,traditional,2025-09-12,record_keeping,0.44
PEP-B1-TRAD,pepper,traditional,2025-09-12,reporting,0.162
PEP-B1-TRAD,pepper,traditional,2025-09-12,soil_moisture_monitoring,0.223
PEP-B1-TRAD,pepper,traditional,2025-09-12,troubleshooting,0.183
PEP-B1-TRAD,pepper,traditional,2025-09-12,weather_data_monitoring,0.129
PEP-B2-BIOT,pepper,blockchain_iot,2025-09-12,certification,0.059
PEP-B2-BIOT,pepper,blockchain_iot,2025-09-12,crop_health_monitoring,0.059
PEP-B2-BIOT,pepper,blockchain_iot,2025-09-12,irrigation_maintenance,0.047
PEP-B2-BIOT,pepper,blockchain_iot,2025-09-12,irrigation_system_operation,0.008
PEP-B2-BIOT,pepper,blockchain_iot,2025-09-12,record_keeping,0.023
PEP-B2-BIOT,pepper,blockchain_iot,2025-09-12,reporting,0.033
PEP-B2-BIOT,pepper,blockchain_iot,2025-09-12,soil_moisture_monitoring,0.011
PEP-B2-BIOT,pepper,blockchain_iot,2025-09-12,system_administration,0.381
PEP-B2-BIOT,pepper,blockchain_iot,2025-09-12,weather_data_monitoring,0.008
PEP-B2-TRAD,pepper,traditional,2025-09-12,certification,0.232
PEP-B2-TRAD,pepper,traditional,2025-09-12,crop_health_monitoring,0.236
PEP-B2-TRAD,pepper,traditional,2025-09-12,irrigation_maintenance,0.234
PEP-B2-TRAD,pepper,traditional,2025-09-12,irrigation_system_operation,0.084
PEP-B2-TRAD,pepper,traditional,2025-09-12,record_keeping,0.464
PEP-B2-TRAD,pepper,traditional,2025-09-12,reporting,0.151
PEP-B2-TRAD,pepper,traditional,2025-09-12,soil_moisture_monitoring,0.153
PEP-B2-TRAD,pepper,traditional,2025-09-12,troubleshooting,0.112
PEP-B2-TRAD,pepper,traditional,2025-09-12,weather_data_monitoring,0.141
PEP-B3-BIOT,pepper,blockchain_iot,2025-09-12,certification,0.044
PEP-B3-BIOT,pepper,blockchain_iot,2025-09-12,crop_health_monitoring,0.035
PEP-B3-BIOT,pepper,blockchain_iot,2025-09-12,irrigation_maintenance,0.031
PEP-B3-BIOT,pepper,blockchain_iot,2025-09-12,irrigation_system_operation,0.007
PEP-B3-BIOT,pepper,blockchain_iot,2025-09-12,record_keeping,0.029
PEP-B3-BIOT,pepper,blockchain_iot,2025-09-12,reporting,0.029
PEP-B3-BIOT,pepper,blockchain_iot,2025-09-12,soil_moisture_monitoring,0.009
PEP-B3-BIOT,pepper,blockchain_iot,2025-09-12,system_administration,0.406
PEP-B3-BIOT,pepper,blockchain_iot,2025-09-12,weather_data_monitoring,0.006
PEP-B3-TRAD,pepper,traditional,2025-09-12,certification,0.248
PEP-B3-TRAD,pepper,traditional,2025-09-12,crop_health_monitoring,0.274
PEP-B3-TRAD,pepper,traditional,2025-09-12,irrigation_maintenance,0.227
PEP-B3-TRAD,pepper,traditional,2025-09-12,irrigation_system_operation,0.098
PEP-B3-TRAD,pepper,traditional,2025-09-12,record_keeping,0.501
PEP-B3-TRAD,pepper,traditional,2025-09-12,reporting,0.186
PEP-B3-TRAD,pepper,traditional,2025-09-12,soil_moisture_monitoring,0.145
PEP-B3-TRAD,pepper,traditional,2025-09-12,troubleshooting,0.089
PEP-B3-TRAD,pepper,traditional,2025-09-12,weather_data_monitoring,0.132
TOM-B1-BIOT,tomato,blockchain_iot,2025-09-12,certification,0.082
TOM-B1-BIOT,tomato,blockchain_iot,2025-09-12,crop_health_monitoring,0.125
TOM-B1-BIOT,tomato,blockchain_iot,2025-09-12,irrigation_maintenance,0.073
TOM-B1-BIOT,tomato,blockchain_iot,2025-09-12,irrigation_system_operation,0.009
TOM-B1-BIOT,tomato,blockchain_iot,2025-09-12,record_keeping,0.05
TOM-B1-BIOT,tomato,blockchain_iot,2025-09-12,reporting,0.036
TOM-B1-BIOT,tomato,blockchain_iot,2025-09-12,soil_moisture_monitoring,0.01
TOM-B1-BIOT,tomato,blockchain_iot,2025-09-12,system_administration,0.613
TOM-B1-BIOT,tomato,blockchain_iot,2025-09-12,weather_data_monitoring,0.018
TOM-B1-TRAD,tomato,traditional,2025-09-12,certification,0.48
TOM-B1-TRAD,tomato,traditional,2025-09-12,crop_health_monitoring,0.421
TOM-B1-TRAD,tomato,traditional,2025-09-12,irrigation_maintenance,0.511
TOM-B1-TRAD,tomato,traditional,2025-09-12,irrigation_system_operation,0.215
TOM-B1-TRAD,tomato,traditional,2025-09-12,record_keeping,0.68
TOM-B1-TRAD,tomato,traditional,2025-09-12,reporting,0.209
TOM-B1-TRAD,tomato,traditional,2025-09-12,soil_moisture_monitoring,0.271
TOM-B1-TRAD,tomato,traditional,2025-09-12,troubleshooting,0.22
TOM-B1-TRAD,tomato,traditional,2025-09-12,weather_data_monitoring,0.225
TOM-B2-BIOT,tomato,blockchain_iot,2025-09-12,certification,0.093
TOM-B2-BIOT,tomato,blockchain_iot,2025-09-12,crop_health_monitoring,0.137
TOM-B2-BIOT,tomato,blockchain_iot,2025-09-12,irrigation_maintenance,0.074
TOM-B2-BIOT,tomato,blockchain_iot,2025-09-12,irrigation_system_operation,0.01
TOM-B2-BIOT,tomato,blockchain_iot,2025-09-12,record_keeping,0.041
TOM-B2-BIOT,tomato,blockchain_iot,2025-09-12,reporting,0.05
TOM-B2-BIOT,tomato,blockchain_iot,2025-09-12,soil_moisture_monitoring,0.016
TOM-B2-BIOT,tomato,blockchain_iot,2025-09-12,system_administration,0.422
TOM-B2-BIOT,tomato,blockchain_iot,2025-09-12,weather_data_monitoring,0.012
TOM-B2-TRAD,tomato,traditional,2025-09-12,certification,0.489
TOM-B2-TRAD,tomato,traditional,2025-09-12,crop_health_monitoring,0.387
TOM-B2-TRAD,tomato,traditional,2025-09-12,irrigation_maintenance,0.447
TOM-B2-TRAD,tomato,traditional,2025-09-12,irrigation_system_operation,0.206
TOM-B2-TRAD,tomato,traditional,2025-09-12,record_keeping,0.753
TOM-B2-TRAD,tomato,traditional,2025-09-12,reporting,0.249
TOM-B2-TRAD,tomato,traditional,2025-09-12,soil_moisture_monitoring,0.292
TOM-B2-TRAD,tomato,traditional,2025-09-12,troubleshooting,0.345
TOM-B2-TRAD,tomato,traditional,2025-09-12,weather_data_monitoring,0.231
TOM-B3-BIOT,tomato,blockchain_iot,2025-09-12,certification,0.092
TOM-B3-BIOT,tomato,blockchain_iot,2025-09-12,crop_health_monitoring,0.083
TOM-B3-BIOT,tomato,blockchain_iot,2025-09-12,irrigation_maintenance,0.075
TOM-B3-BIOT,tomato,blockchain_iot,2025-09-12,irrigation_system_operation,0.014
TOM-B3-BIOT,tomato,blockchain_iot,2025-09-12,record_keeping,0.054
TOM-B3-BIOT,tomato,blockchain_iot,2025-09-12,reporting,0.06
TOM-B3-BIOT,tomato,blockchain_iot,2025-09-12,soil_moisture_monitoring,0.017
TOM-B3-BIOT,tomato,blockchain_iot,2025-09-12,system_administration,0.511
TOM-B3-BIOT,tomato,blockchain_iot,2025-09-12,weather_data_monitoring,0.016
TOM-B3-TRAD,tomato,traditional,2025-09-12,certification,0.402
TOM-B3-TRAD,tomato,traditional,2025-09-12,crop_health_monitoring,0.606
TOM-B3-TRAD,tomato,traditional,2025-09-12,irrigation_maintenance,0.268
TOM-B3-TRAD,tomato,traditional,2025-09-12,irrigation_system_operation,0.218
TOM-B3-TRAD,tomato,traditional,2025-09-12,record_keeping,0.738
TOM-B3-TRAD,tomato,traditional,2025-09-12,reporting,0.18
TOM-B3-TRAD,tomato,traditional,2025-09-12,soil_moisture_monitoring,0.232
TOM-B3-TRAD,tomato,traditional,2025-09-12,troubleshooting,0.267
TOM-B3-TRAD,tomato,traditional,2025-09-12,weather_data_monitoring,0.198
PEP-B1-BIOT,pepper,blockchain_iot,2025-09-13,irrigation_system_operation,0.009
PEP-B1-BIOT,pepper,blockchain_iot,2025-09-13,soil_moisture_monitoring,0.01
PEP-B1-TRAD,pepper,traditional,2025-09-13,irrigation_system_operation,0.119
PEP-B1-TRAD,pepper,traditional,2025-09-13,soil_moisture_monitoring,0.115
PEP-B2-BIOT,pepper,blockchain_iot,2025-09-13,irrigation_system_operation,0.01
PEP-B2-BIOT,pepper,blockchain_iot,2025-09-13,soil_moisture_monitoring,0.006
PEP-B2-TRAD,pepper,traditional,2025-09-13,irrigation_system_operation,0.066
PEP-B2-TRAD,pepper,traditional,2025-09-13,soil_moisture_monitoring,0.154
PEP-B3-BIOT,pepper,blockchain_iot,2025-09-13,irrigation_system_operation,0.008
PEP-B3-BIOT,pepper,blockchain_iot,2025-09-13,soil_moisture_monitoring,0.008
PEP-B3-TRAD,pepper,traditional,2025-09-13,irrigation_system_operation,0.089
PEP-B3-TRAD,pepper,traditional,2025-09-13,soil_moisture_monitoring,0.115
TOM-B1-BIOT,tomato,blockchain_iot,2025-09-13,irrigation_system_operation,0.014
TOM-B1-BIOT,tomato,blockchain_iot,2025-09-13,soil_moisture_monitoring,0.011
TOM-B1-TRAD,tomato,traditional,2025-09-13,irrigation_system_operation,0.159
TOM-B1-TRAD,tomato,traditional,2025-09-13,soil_moisture_monitoring,0.245
TOM-B2-BIOT,tomato,blockchain_iot,2025-09-13,irrigation_system_operation,0.013
TOM-B2-BIOT,tomato,blockchain_iot,2025-09-13,soil_moisture_monitoring,0.013
TOM-B2-TRAD,tomato,traditional,2025-09-13,irrigation_system_operation,0.154
TOM-B2-TRAD,tomato,traditional,2025-09-13,soil_moisture_monitoring,0.271
TOM-B3-BIOT,tomato,blockchain_iot,2025-09-13,irrigation_system_operation,0.016
TOM-B3-BIOT,tomato,blockchain_iot,2025-09-13,soil_moisture_monitoring,0.018
TOM-B3-TRAD,tomato,traditional,2025-09-13,irrigation_system_operation,0.18
TOM-B3-TRAD,tomato,traditional,2025-09-13,soil_moisture_monitoring,0.193
PEP-B1-BIOT,pepper,blockchain_iot,2025-09-14,crop_health_monitoring,0.052
PEP-B1-BIOT,pepper,blockchain_iot,2025-09-14,irrigation_system_operation,0.007
PEP-B1-BIOT,pepper,blockchain_iot,2025-09-14,soil_moisture_monitoring,0.009
PEP-B1-BIOT,pepper,blockchain_iot,2025-09-14,weather_data_monitoring,0.007
PEP-B1-TRAD,pepper,traditional,2025-09-14,crop_health_monitoring,0.249
PEP-B1-TRAD,pepper,traditional,2025-09-14,irrigation_system_operation,0.103
PEP-B1-TRAD,pepper,traditional,2025-09-14,soil_moisture_monitoring,0.186
PEP-B1-TRAD,pepper,traditional,2025-09-14,weather_data_monitoring,0.154
PEP-B2-BIOT,pepper,blockchain_iot,2025-09-14,crop_health_monitoring,0.05
PEP-B2-BIOT,pepper,blockchain_iot,2025-09-14,irrigation_system_operation,0.011
PEP-B2-BIOT,pepper,blockchain_iot,2025-09-14,soil_moisture_monitoring,0.01
PEP-B2-BIOT,pepper,blockchain_iot,2025-09-14,weather_data_monitoring,0.009
PEP-B2-TRAD,pepper,traditional,2025-09-14,crop_health_monitoring,0.304
PEP-B2-TRAD,pepper,traditional,2025-09-14,irrigation_system_operation,0.086
PEP-B2-TRAD,pepper,traditional,2025-09-14,soil_moisture_monitoring,0.191
PEP-B2-TRAD,pepper,traditional,2025-09-14,weather_data_monitoring,0.1
PEP-B3-BIOT,pepper,blockchain_iot,2025-09-14,crop_health_monitoring,0.054
PEP-B3-BIOT,pepper,blockchain_iot,2025-09-14,irrigation_system_operation,0.009
PEP-B3-BIOT,pepper,blockchain_iot,2025-09-14,soil_moisture_monitoring,0.01
PEP-B3-BIOT,pepper,blockchain_iot,2025-09-14,weather_data_monitoring,0.005
PEP-B3-TRAD,pepper,traditional,2025-09-14,crop_health_monitoring,0.234
PEP-B3-TRAD,pepper,traditional,2025-09-14,irrigation_system_operation,0.083
PEP-B3-TRAD,pepper,traditional,2025-09-14,soil_moisture_monitoring,0.147
PEP-B3-TRAD,pepper,traditional,2025-09-14,weather_data_monitoring,0.164
TOM-B1-BIOT,tomato,blockchain_iot,2025-09-14,crop_health_monitoring,0.071
TOM-B1-BIOT,tomato,blockchain_iot,2025-09-14,irrigation_system_operation,0.015
TOM-B1-BIOT,tomato,blockchain_iot,2025-09-14,soil_moisture_monitoring,0.017
TOM-B1-BIOT,tomato,blockchain_iot,2025-09-14,weather_data_monitoring,0.013
TOM-B1-TRAD,tomato,traditional,2025-09-14,crop_health_monitoring,0.409
TOM-B1-TRAD,tomato,traditional,2025-09-14,irrigation_system_operation,0.201
TOM-B1-TRAD,tomato,traditional,2025-09-14,soil_moisture_monitoring,0.211
TOM-B1-TRAD,tomato,traditional,2025-09-14,weather_data_monitoring,0.196
TOM-B2-BIOT,tomato,blockchain_iot,2025-09-14,crop_health_monitoring,0.124
TOM-B2-BIOT,tomato,blockchain_iot,2025-09-14,irrigation_system_operation,0.014
TOM-B2-BIOT,tomato,blockchain_iot,2025-09-14,soil_moisture_monitoring,0.012
TOM-B2-BIOT,tomato,blockchain_iot,2025-09-14,weather_data_monitoring,0.015
TOM-B2-TRAD,tomato,traditional,2025-09-14,crop_health_monitoring,0.546
TOM-B2-TRAD,tomato,traditional,2025-09-14,irrigation_system_operation,0.148
TOM-B2-TRAD,tomato,traditional,2025-09-14,soil_moisture_monitoring,0.203
TOM-B2-TRAD,tomato,traditional,2025-09-14,weather_data_monitoring,0.257
TOM-B3-BIOT,tomato,blockchain_iot,2025-09-14,crop_health_monitoring,0.088
TOM-B3-BIOT,tomato,blockchain_iot,2025-09-14,irrigation_system_operation,0.016
TOM-B3-BIOT,tomato,blockchain_iot,2025-09-14,soil_moisture_monitoring,0.014
TOM-B3-BIOT,tomato,blockchain_iot,2025-09-14,weather_data_monitoring,0.013
TOM-B3-TRAD,tomato,traditional,2025-09-14,crop_health_monitoring,0.674
TOM-B3-TRAD,tomato,traditional,2025-09-14,irrigation_system_operation,0.158
TOM-B3-TRAD,tomato,traditional,2025-09-14,soil_moisture_monitoring,0.209
TOM-B3-TRAD,tomato,traditional,2025-09-14,weather_data_monitoring,0.251
PEP-B1-BIOT,pepper,blockchain_iot,2025-09-15,irrigation_maintenance,0.045
PEP-B1-BIOT,pepper,blockchain_iot,2025-09-15,irrigation_system_operation,0.007
PEP-B1-BIOT,pepper,blockchain_iot,2025-09-15,soil_moisture_monitoring,0.007
PEP-B1-BIOT,pepper,blockchain_iot,2025-09-15,system_administration,0.273
PEP-B1-TRAD,pepper,traditional,2025-09-15,irrigation_maintenance,0.131
PEP-B1-TRAD,pepper,traditional,2025-09-15,irrigation_system_operation,0.094
PEP-B1-TRAD,pepper,traditional,2025-09-15,soil_moisture_monitoring,0.069
PEP-B2-BIOT,pepper,blockchain_iot,2025-09-15,irrigation_maintenance,0.051
PEP-B2-BIOT,pepper,blockchain_iot,2025-09-15,irrigation_system_operation,0.009
PEP-B2-BIOT,pepper,blockchain_iot,2025-09-15,soil_moisture_monitoring,0.008
PEP-B2-BIOT,pepper,blockchain_iot,2025-09-15,system_administration,0.333
PEP-B2-TRAD,pepper,traditional,2025-09-15,irrigation_maintenance,0.185
PEP-B2-TRAD,pepper,traditional,2025-09-15,irrigation_system_operation,0.105
PEP-B2-TRAD,pepper,traditional,2025-09-15,soil_moisture_monitoring,0.142
PEP-B3-BIOT,pepper,blockchain_iot,2025-09-15,irrigation_maintenance,0.038
PEP-B3-BIOT,pepper,blockchain_iot,2025-09-15,irrigation_system_operation,0.007
PEP-B3-BIOT,pepper,blockchain_iot,2025-09-15,soil_moisture_monitoring,0.009
PEP-B3-BIOT,pepper,blockchain_iot,2025-09-15,system_administration,0.183
PEP-B3-TRAD,pepper,traditional,2025-09-15,irrigation_maintenance,0.226
PEP-B3-TRAD,pepper,traditional,2025-09-15,irrigation_system_operation,0.109
PEP-B3-TRAD,pepper,traditional,2025-09-15,soil_moisture_monitoring,0.125
TOM-B1-BIOT,tomato,blockchain_iot,2025-09-15,irrigation_maintenance,0.045
TOM-B1-BIOT,tomato,blockchain_iot,2025-09-15,irrigation_system_operation,0.011
TOM-B1-BIOT,tomato,blockchain_iot,2025-09-15,soil_moisture_monitoring,0.012
TOM-B1-BIOT,tomato,blockchain_iot,2025-09-15,system_administration,0.572
TOM-B1-TRAD,tomato,traditional,2025-09-15,irrigation_maintenance,0.44
TOM-B1-TRAD,tomato,traditional,2025-09-15,irrigation_system_operation,0.19
TOM-B1-TRAD,tomato,traditional,2025-09-15,soil_moisture_monitoring,0.349
TOM-B2-BIOT,tomato,blockchain_iot,2025-09-15,irrigation_maintenance,0.045
TOM-B2-BIOT,tomato,blockchain_iot,2025-09-15,irrigation_system_operation,0.015
TOM-B2-BIOT,tomato,blockchain_iot,2025-09-15,soil_moisture_monitoring,0.018
TOM-B2-BIOT,tomato,blockchain_iot,2025-09-15,system_administration,0.344
TOM-B2-TRAD,tomato,traditional,2025-09-15,irrigation_maintenance,0.292
TOM-B2-TRAD,tomato,traditional,2025-09-15,irrigation_system_operation,0.265
TOM-B2-TRAD,tomato,traditional,2025-09-15,soil_moisture_monitoring,0.289
TOM-B3-BIOT,tomato,blockchain_iot,2025-09-15,irrigation_maintenance,0.06
TOM-B3-BIOT,tomato,blockchain_iot,2025-09-15,irrigation_system_operation,0.012
TOM-B3-BIOT,tomato,blockchain_iot,2025-09-15,soil_moisture_monitoring,0.012
TOM-B3-BIOT,tomato,blockchain_iot,2025-09-15,system_administration,0.369
TOM-B3-TRAD,tomato,traditional,2025-09-15,irrigation_maintenance,0.368
TOM-B3-TRAD,tomato,traditional,2025-09-15,irrigation_system_operation,0.211
TOM-B3-TRAD,tomato,traditional,2025-09-15,soil_moisture_monitoring,0.225
PEP-B1-BIOT,pepper,blockchain_iot,2025-09-16,crop_health_monitoring,0.066
PEP-B1-BIOT,pepper,blockchain_iot,2025-09-16,irrigation_system_operation,0.008
PEP-B1-BIOT,pepper,blockchain_iot,2025-09-16,soil_moisture_monitoring,0.009
PEP-B1-BIOT,pepper,blockchain_iot,2025-09-16,weather_data_monitoring,0.007
PEP-B1-TRAD,pepper,traditional,2025-09-16,crop_health_monitoring,0.17
PEP-B1-TRAD,pepper,traditional,2025-09-16,irrigation_system_operation,0.107
PEP-B1-TRAD,pepper,traditional,2025-09-16,soil_moisture_monitoring,0.106
PEP-B1-TRAD,pepper,traditional,2025-09-16,weather_data_monitoring,0.152
PEP-B2-BIOT,pepper,blockchain_iot,2025-09-16,crop_health_monitoring,0.061
PEP-B2-BIOT,pepper,blockchain_iot,2025-09-16,irrigation_system_operation,0.012
PEP-B2-BIOT,pepper,blockchain_iot,2025-09-16,soil_moisture_monitoring,0.01
PEP-B2-BIOT,pepper,blockchain_iot,2025-09-16,weather_data_monitoring,0.009
PEP-B2-TRAD,pepper,traditional,2025-09-16,crop_health_monitoring,0.223
PEP-B2-TRAD,pepper,traditional,2025-09-16,irrigation_system_operation,0.08
PEP-B2-TRAD,pepper,traditional,2025-09-16,soil_moisture_monitoring,0.121
PEP-B2-TRAD,pepper,traditional,2025-09-16,weather_data_monitoring,0.131
PEP-B3-BIOT,pepper,blockchain_iot,2025-09-16,crop_health_monitoring,0.058
PEP-B3-BIOT,pepper,blockchain_iot,2025-09-16,irrigation_system_operation,0.01
PEP-B3-BIOT,pepper,blockchain_iot,2025-09-16,soil_moisture_monitoring,0.01
PEP-B3-BIOT,pepper,blockchain_iot,2025-09-16,weather_data_monitoring,0.008
PEP-B3-TRAD,pepper,traditional,2025-09-16,crop_health_monitoring,0.318
PEP-B3-TRAD,pepper,traditional,2025-09-16,irrigation_system_operation,0.11
PEP-B3-TRAD,pepper,traditional,2025-09-16,soil_moisture_monitoring,0.152
PEP-B3-TRAD,pepper,traditional,2025-09-16,weather_data_monitoring,0.126
TOM-B1-BIOT,tomato,blockchain_iot,2025-09-16,crop_health_monitoring,0.09
TOM-B1-BIOT,tomato,blockchain_iot,2025-09-16,irrigation_system_operation,0.014
TOM-B1-BIOT,tomato,blockchain_iot,2025-09-16,soil_moisture_monitoring,0.013
TOM-B1-BIOT,tomato,blockchain_iot,2025-09-16,weather_data_monitoring,0.013
TOM-B1-TRAD,tomato,traditional,2025-09-16,crop_health_monitoring,0.346
TOM-B1-TRAD,tomato,traditional,2025-09-16,irrigation_system_operation,0.142
TOM-B1-TRAD,tomato,traditional,2025-09-16,soil_moisture_monitoring,0.281
TOM-B1-TRAD,tomato,traditional,2025-09-16,weather_data_monitoring,0.268
TOM-B2-BIOT,tomato,blockchain_iot,2025-09-16,crop_health_monitoring,0.117
TOM-B2-BIOT,tomato,blockchain_iot,2025-09-16,irrigation_system_operation,0.015
TOM-B2-BIOT,tomato,blockchain_iot,2025-09-16,soil_moisture_monitoring,0.018
TOM-B2-BIOT,tomato,blockchain_iot,2025-09-16,weather_data_monitoring,0.013
TOM-B2-TRAD,tomato,traditional,2025-09-16,crop_health_monitoring,0.479
TOM-B2-TRAD,tomato,traditional,2025-09-16,irrigation_system_operation,0.159
TOM-B2-TRAD,tomato,traditional,2025-09-16,soil_moisture_monitoring,0.253
TOM-B2-TRAD,tomato,traditional,2025-09-16,weather_data_monitoring,0.305
TOM-B3-BIOT,tomato,blockchain_iot,2025-09-16,crop_health_monitoring,0.086
TOM-B3-BIOT,tomato,blockchain_iot,2025-09-16,irrigation_system_operation,0.016
TOM-B3-BIOT,tomato,blockchain_iot,2025-09-16,soil_moisture_monitoring,0.013
TOM-B3-BIOT,tomato,blockchain_iot,2025-09-16,weather_data_monitoring,0.017
TOM-B3-TRAD,tomato,traditional,2025-09-16,crop_health_monitoring,0.359
TOM-B3-TRAD,tomato,traditional,2025-09-16,irrigation_system_operation,0.213
TOM-B3-TRAD,tomato,traditional,2025-09-16,soil_moisture_monitoring,0.261
TOM-B3-TRAD,tomato,traditional,2025-09-16,weather_data_monitoring,0.186
PEP-B1-BIOT,pepper,blockchain_iot,2025-09-17,irrigation_system_operation,0.004
PEP-B1-BIOT,pepper,blockchain_iot,2025-09-17,soil_moisture_monitoring,0.006
PEP-B1-TRAD,pepper,traditional,2025-09-17,irrigation_system_operation,0.105
PEP-B1-TRAD,pepper,traditional,2025-09-17,soil_moisture_monitoring,0.169
PEP-B2-BIOT,pepper,blockchain_iot,2025-09-17,irrigation_system_operation,0.009
PEP-B2-BIOT,pepper,blockchain_iot,2025-09-17,soil_moisture_monitoring,0.01
PEP-B2-TRAD,pepper,traditional,2025-09-17,irrigation_system_operation,0.135
PEP-B2-TRAD,pepper,traditional,2025-09-17,soil_moisture_monitoring,0.164
PEP-B3-BIOT,pepper,blockchain_iot,2025-09-17,irrigation_system_operation,0.008
PEP-B3-BIOT,pepper,blockchain_iot,2025-09-17,soil_moisture_monitoring,0.01
PEP-B3-TRAD,pepper,traditional,2025-09-17,irrigation_system_operation,0.082
PEP-B3-TRAD,pepper,traditional,2025-09-17,soil_moisture_monitoring,0.135
TOM-B1-BIOT,tomato,blockchain_iot,2025-09-17,irrigation_system_operation,0.016
TOM-B1-BIOT,tomato,blockchain_iot,2025-09-17,soil_moisture_monitoring,0.018
TOM-B1-TRAD,tomato,traditional,2025-09-17,irrigation_system_operation,0.207
TOM-B1-TRAD,tomato,traditional,2025-09-17,soil_moisture_monitoring,0.253
TOM-B2-BIOT,tomato,blockchain_iot,2025-09-17,irrigation_system_operation,0.014
TOM-B2-BIOT,tomato,blockchain_iot,2025-09-17,soil_moisture_monitoring,0.024
TOM-B2-TRAD,tomato,traditional,2025-09-17,irrigation_system_operation,0.234
TOM-B2-TRAD,tomato,traditional,2025-09-17,soil_moisture_monitoring,0.231
TOM-B3-BIOT,tomato,blockchain_iot,2025-09-17,irrigation_system_operation,0.015
TOM-B3-BIOT,tomato,blockchain_iot,2025-09-17,soil_moisture_monitoring,0.016
TOM-B3-TRAD,tomato,traditional,2025-09-17,irrigation_system_operation,0.21
TOM-B3-TRAD,tomato,traditional,2025-09-17,soil_moisture_monitoring,0.22
PEP-B1-BIOT,pepper,blockchain_iot,2025-09-18,crop_health_monitoring,0.042
PEP-B1-BIOT,pepper,blockchain_iot,2025-09-18,irrigation_maintenance,0.038
PEP-B1-BIOT,pepper,blockchain_iot,2025-09-18,irrigation_system_operation,0.009
PEP-B1-BIOT,pepper,blockchain_iot,2025-09-18,soil_moisture_monitoring,0.01
PEP-B1-BIOT,pepper,blockchain_iot,2025-09-18,system_administration,0.191
PEP-B1-BIOT,pepper,blockchain_iot,2025-09-18,weather_data_monitoring,0.012
PEP-B1-TRAD,pepper,traditional,2025-09-18,crop_health_monitoring,0.231
PEP-B1-TRAD,pepper,traditional,2025-09-18,irrigation_maintenance,0.262
PEP-B1-TRAD,pepper,traditional,2025-09-18,irrigation_system_operation,0.099
PEP-B1-TRAD,pepper,traditional,2025-09-18,soil_moisture_monitoring,0.131
PEP-B1-TRAD,pepper,traditional,2025-09-18,weather_data_monitoring,0.101
PEP-B2-BIOT,pepper,blockchain_iot,2025-09-18,crop_health_monitoring,0.069
PEP-B2-BIOT,pepper,blockchain_iot,2025-09-18,irrigation_maintenance,0.054
PEP-B2-BIOT,pepper,blockchain_iot,2025-09-18,irrigation_system_operation,0.008
PEP-B2-BIOT,pepper,blockchain_iot,2025-09-18,soil_moisture_monitoring,0.008
PEP-B2-BIOT,pepper,blockchain_iot,2025-09-18,system_administration,0.254
PEP-B2-BIOT,pepper,blockchain_iot,2025-09-18,weather_data_monitoring,0.008
PEP-B2-TRAD,pepper,traditional,2025-09-18,crop_health_monitoring,0.207
PEP-B2-TRAD,pepper,traditional,2025-09-18,irrigation_maintenance,0.31
PEP-B2-TRAD,pepper,traditional,2025-09-18,irrigation_system_operation,0.096
PEP-B2-TRAD,pepper,traditional,2025-09-18,soil_moisture_monitoring,0.184
PEP-B2-TRAD,pepper,traditional,2025-09-18,weather_data_monitoring,0.111
PEP-B3-BIOT,pepper,blockchain_iot,2025-09-18,crop_health_monitoring,0.058
PEP-B3-BIOT,pepper,blockchain_iot,2025-09-18,irrigation_maintenance,0.052
PEP-B3-BIOT,pepper,blockchain_iot,2025-09-18,irrigation_system_operation,0.007
PEP-B3-BIOT,pepper,blockchain_iot,2025-09-18,soil_moisture_monitoring,0.01
PEP-B3-BIOT,pepper,blockchain_iot,2025-09-18,system_administration,0.274
PEP-B3-BIOT,pepper,blockchain_iot,2025-09-18,weather_data_monitoring,0.009
PEP-B3-TRAD,pepper,traditional,2025-09-18,crop_health_monitoring,0.271
PEP-B3-TRAD,pepper,traditional,2025-09-18,irrigation_maintenance,0.247
PEP-B3-TRAD,pepper,traditional,2025-09-18,irrigation_system_operation,0.129
PEP-B3-TRAD,pepper,traditional,2025-09-18,soil_moisture_monitoring,0.129
PEP-B3-TRAD,pepper,traditional,2025-09-18,weather_data_monitoring,0.162
TOM-B1-BIOT,tomato,blockchain_iot,2025-09-18,crop_health_monitoring,0.081
TOM-B1-BIOT,tomato,blockchain_iot,2025-09-18,irrigation_maintenance,0.063
TOM-B1-BIOT,tomato,blockchain_iot,2025-09-18,irrigation_system_operation,0.017
TOM-B1-BIOT,tomato,blockchain_iot,2025-09-18,soil_moisture_monitoring,0.024
TOM-B1-BIOT,tomato,blockchain_iot,2025-09-18,system_administration,0.401
TOM-B1-BIOT,tomato,blockchain_iot,2025-09-18,weather_data_monitoring,0.014
TOM-B1-TRAD,tomato,traditional,2025-09-18,crop_health_monitoring,0.472
TOM-B1-TRAD,tomato,traditional,2025-09-18,irrigation_maintenance,0.378
TOM-B1-TRAD,tomato,traditional,2025-09-18,irrigation_system_operation,0.132
TOM-B1-TRAD,tomato,traditional,2025-09-18,soil_moisture_monitoring,0.283
TOM-B1-TRAD,tomato,traditional,2025-09-18,weather_data_monitoring,0.248
TOM-B2-BIOT,tomato,blockchain_iot,2025-09-18,crop_health_monitoring,0.062
TOM-B2-BIOT,tomato,blockchain_iot,2025-09-18,irrigation_maintenance,0.078
TOM-B2-BIOT,tomato,blockchain_iot,2025-09-18,irrigation_system_operation,0.012
TOM-B2-BIOT,tomato,blockchain_iot,2025-09-18,soil_moisture_monitoring,0.011
TOM-B2-BIOT,tomato,blockchain_iot,2025-09-18,system_administration,0.501
TOM-B2-BIOT,tomato,blockchain_iot,2025-09-18,weather_data_monitoring,0.015
TOM-B2-TRAD,tomato,traditional,2025-09-18,crop_health_monitoring,0.42
TOM-B2-TRAD,tomato,traditional,2025-09-18,irrigation_maintenance,0.536
TOM-B2-TRAD,tomato,traditional,2025-09-18,irrigation_system_operation,0.125
TOM-B2-TRAD,tomato,traditional,2025-09-18,soil_moisture_monitoring,0.197
TOM-B2-TRAD,tomato,traditional,2025-09-18,weather_data_monitoring,0.245
TOM-B3-BIOT,tomato,blockchain_iot,2025-09-18,crop_health_monitoring,0.1
TOM-B3-BIOT,tomato,blockchain_iot,2025-09-18,irrigation_maintenance,0.051
TOM-B3-BIOT,tomato,blockchain_iot,2025-09-18,irrigation_system_operation,0.014
TOM-B3-BIOT,tomato,blockchain_iot,2025-09-18,soil_moisture_monitoring,0.019
TOM-B3-BIOT,tomato,blockchain_iot,2025-09-18,system_administration,0.398
TOM-B3-BIOT,tomato,blockchain_iot,2025-09-18,weather_data_monitoring,0.013
TOM-B3-TRAD,tomato,traditional,2025-09-18,crop_health_monitoring,0.438
TOM-B3-TRAD,tomato,traditional,2025-09-18,irrigation_maintenance,0.429
TOM-B3-TRAD,tomato,traditional,2025-09-18,irrigation_system_operation,0.165
TOM-B3-TRAD,tomato,traditional,2025-09-18,soil_moisture_monitoring,0.283
TOM-B3-TRAD,tomato,traditional,2025-09-18,weather_data_monitoring,0.332
PEP-B1-BIOT,pepper,blockchain_iot,2025-09-19,irrigation_system_operation,0.01
PEP-B1-BIOT,pepper,blockchain_iot,2025-09-19,record_keeping,0.025
PEP-B1-BIOT,pepper,blockchain_iot,2025-09-19,reporting,0.028
PEP-B1-BIOT,pepper,blockchain_iot,2025-09-19,soil_moisture_monitoring,0.008
PEP-B1-TRAD,pepper,traditional,2025-09-19,irrigation_system_operation,0.112
PEP-B1-TRAD,pepper,traditional,2025-09-19,record_keeping,0.39
PEP-B1-TRAD,pepper,traditional,2025-09-19,reporting,0.159
PEP-B1-TRAD,pepper,traditional,2025-09-19,soil_moisture_monitoring,0.146
PEP-B1-TRAD,pepper,traditional,2025-09-19,troubleshooting,0.104
PEP-B2-BIOT,pepper,blockchain_iot,2025-09-19,irrigation_system_operation,0.012
PEP-B2-BIOT,pepper,blockchain_iot,2025-09-19,record_keeping,0.033
PEP-B2-BIOT,pepper,blockchain_iot,2025-09-19,reporting,0.028
PEP-B2-BIOT,pepper,blockchain_iot,2025-09-19,soil_moisture_monitoring,0.013
PEP-B2-TRAD,pepper,traditional,2025-09-19,irrigation_system_operation,0.13
PEP-B2-TRAD,pepper,traditional,2025-09-19,record_keeping,0.52
PEP-B2-TRAD,pepper,traditional,2025-09-19,reporting,0.158
PEP-B2-TRAD,pepper,traditional,2025-09-19,soil_moisture_monitoring,0.202
PEP-B2-TRAD,pepper,traditional,2025-09-19,troubleshooting,0.14
PEP-B3-BIOT,pepper,blockchain_iot,2025-09-19,irrigation_system_operation,0.006
PEP-B3-BIOT,pepper,blockchain_iot,2025-09-19,record_keeping,0.029
PEP-B3-BIOT,pepper,blockchain_iot,2025-09-19,reporting,0.027
PEP-B3-BIOT,pepper,blockchain_iot,2025-09-19,soil_moisture_monitoring,0.008
PEP-B3-TRAD,pepper,traditional,2025-09-19,irrigation_system_operation,0.125
PEP-B3-TRAD,pepper,traditional,2025-09-19,record_keeping,0.386
PEP-B3-TRAD,pepper,traditional,2025-09-19,reporting,0.172
PEP-B3-TRAD,pepper,traditional,2025-09-19,soil_moisture_monitoring,0.162
PEP-B3-TRAD,pepper,traditional,2025-09-19,troubleshooting,0.119
TOM-B1-BIOT,tomato,blockchain_iot,2025-09-19,irrigation_system_operation,0.014
TOM-B1-BIOT,tomato,blockchain_iot,2025-09-19,record_keeping,0.047
TOM-B1-BIOT,tomato,blockchain_iot,2025-09-19,reporting,0.042
TOM-B1-BIOT,tomato,blockchain_iot,2025-09-19,soil_moisture_monitoring,0.016
TOM-B1-TRAD,tomato,traditional,2025-09-19,irrigation_system_operation,0.163
TOM-B1-TRAD,tomato,traditional,2025-09-19,record_keeping,0.611
TOM-B1-TRAD,tomato,traditional,2025-09-19,reporting,0.165
TOM-B1-TRAD,tomato,traditional,2025-09-19,soil_moisture_monitoring,0.283
TOM-B1-TRAD,tomato,traditional,2025-09-19,troubleshooting,0.182
TOM-B2-BIOT,tomato,blockchain_iot,2025-09-19,irrigation_system_operation,0.016
TOM-B2-BIOT,tomato,blockchain_iot,2025-09-19,record_keeping,0.056
TOM-B2-BIOT,tomato,blockchain_iot,2025-09-19,reporting,0.038
TOM-B2-BIOT,tomato,blockchain_iot,2025-09-19,soil_moisture_monitoring,0.016
TOM-B2-TRAD,tomato,traditional,2025-09-19,irrigation_system_operation,0.182
TOM-B2-TRAD,tomato,traditional,2025-09-19,record_keeping,0.614
TOM-B2-TRAD,tomato,traditional,2025-09-19,reporting,0.312
TOM-B2-TRAD,tomato,traditional,2025-09-19,soil_moisture_monitoring,0.292
TOM-B2-TRAD,tomato,traditional,2025-09-19,troubleshooting,0.288
TOM-B3-BIOT,tomato,blockchain_iot,2025-09-19,irrigation_system_operation,0.012
TOM-B3-BIOT,tomato,blockchain_iot,2025-09-19,record_keeping,0.043
TOM-B3-BIOT,tomato,blockchain_iot,2025-09-19,reporting,0.045
TOM-B3-BIOT,tomato,blockchain_iot,2025-09-19,soil_moisture_monitoring,0.014
TOM-B3-TRAD,tomato,traditional,2025-09-19,irrigation_system_operation,0.193
TOM-B3-TRAD,tomato,traditional,2025-09-19,record_keeping,0.73
TOM-B3-TRAD,tomato,traditional,2025-09-19,reporting,0.291
TOM-B3-TRAD,tomato,traditional,2025-09-19,soil_moisture_monitoring,0.25
TOM-B3-TRAD,tomato,traditional,2025-09-19,troubleshooting,0.278
PEP-B1-BIOT,pepper,blockchain_iot,2025-09-20,crop_health_monitoring,0.073
PEP-B1-BIOT,pepper,blockchain_iot,2025-09-20,irrigation_system_operation,0.009
PEP-B1-BIOT,pepper,blockchain_iot,2025-09-20,soil_moisture_monitoring,0.007
PEP-B1-BIOT,pepper,blockchain_iot,2025-09-20,weather_data_monitoring,0.009
PEP-B1-TRAD,pepper,traditional,2025-09-20,crop_health_monitoring,0.348
PEP-B1-TRAD,pepper,traditional,2025-09-20,irrigation_system_operation,0.078
PEP-B1-TRAD,pepper,traditional,2025-09-20,soil_moisture_monitoring,0.111
PEP-B1-TRAD,pepper,traditional,2025-09-20,weather_data_monitoring,0.121
PEP-B2-BIOT,pepper,blockchain_iot,2025-09-20,crop_health_monitoring,0.047
PEP-B2-BIOT,pepper,blockchain_iot,2025-09-20,irrigation_system_operation,0.007
PEP-B2-BIOT,pepper,blockchain_iot,2025-09-20,soil_moisture_monitoring,0.007
PEP-B2-BIOT,pepper,blockchain_iot,2025-09-20,weather_data_monitoring,0.006
PEP-B2-TRAD,pepper,traditional,2025-09-20,crop_health_monitoring,0.227
PEP-B2-TRAD,pepper,traditional,2025-09-20,irrigation_system_operation,0.096
PEP-B2-TRAD,pepper,traditional,2025-09-20,soil_moisture_monitoring,0.145
PEP-B2-TRAD,pepper,traditional,2025-09-20,weather_data_monitoring,0.125
PEP-B3-BIOT,pepper,blockchain_iot,2025-09-20,crop_health_monitoring,0.074
PEP-B3-BIOT,pepper,blockchain_iot,2025-09-20,irrigation_system_operation,0.011
PEP-B3-BIOT,pepper,blockchain_iot,2025-09-20,soil_moisture_monitoring,0.012
PEP-B3-BIOT,pepper,blockchain_iot,2025-09-20,weather_data_monitoring,0.009
PEP-B3-TRAD,pepper,traditional,2025-09-20,crop_health_monitoring,0.204
PEP-B3-TRAD,pepper,traditional,2025-09-20,irrigation_system_operation,0.121
PEP-B3-TRAD,pepper,traditional,2025-09-20,soil_moisture_monitoring,0.157
PEP-B3-TRAD,pepper,traditional,2025-09-20,weather_data_monitoring,0.14
TOM-B1-BIOT,tomato,blockchain_iot,2025-09-20,crop_health_monitoring,0.082
TOM-B1-BIOT,tomato,blockchain_iot,2025-09-20,irrigation_system_operation,0.018
TOM-B1-BIOT,tomato,blockchain_iot,2025-09-20,soil_moisture_monitoring,0.015
TOM-B1-BIOT,tomato,blockchain_iot,2025-09-20,weather_data_monitoring,0.016
TOM-B1-TRAD,tomato,traditional,2025-09-20,crop_health_monitoring,0.404
TOM-B1-TRAD,tomato,traditional,2025-09-20,irrigation_system_operation,0.18
TOM-B1-TRAD,tomato,traditional,2025-09-20,soil_moisture_monitoring,0.273
TOM-B1-TRAD,tomato,traditional,2025-09-20,weather_data_monitoring,0.196
TOM-B2-BIOT,tomato,blockchain_iot,2025-09-20,crop_health_monitoring,0.119
TOM-B2-BIOT,tomato,blockchain_iot,2025-09-20,irrigation_system_operation,0.015
TOM-B2-BIOT,tomato,blockchain_iot,2025-09-20,soil_moisture_monitoring,0.014
TOM-B2-BIOT,tomato,blockchain_iot,2025-09-20,weather_data_monitoring,0.023
TOM-B2-TRAD,tomato,traditional,2025-09-20,crop_health_monitoring,0.414
TOM-B2-TRAD,tomato,traditional,2025-09-20,irrigation_system_operation,0.246
TOM-B2-TRAD,tomato,traditional,2025-09-20,soil_moisture_monitoring,0.264
TOM-B2-TRAD,tomato,traditional,2025-09-20,weather_data_monitoring,0.22
TOM-B3-BIOT,tomato,blockchain_iot,2025-09-20,crop_health_monitoring,0.135
TOM-B3-BIOT,tomato,blockchain_iot,2025-09-20,irrigation_system_operation,0.013
TOM-B3-BIOT,tomato,blockchain_iot,2025-09-20,soil_moisture_monitoring,0.014
TOM-B3-BIOT,tomato,blockchain_iot,2025-09-20,weather_data_monitoring,0.014
TOM-B3-TRAD,tomato,traditional,2025-09-20,crop_health_monitoring,0.463
TOM-B3-TRAD,tomato,traditional,2025-09-20,irrigation_system_operation,0.156
TOM-B3-TRAD,tomato,traditional,2025-09-20,soil_moisture_monitoring,0.184
TOM-B3-TRAD,tomato,traditional,2025-09-20,weather_data_monitoring,0.246
PEP-B1-BIOT,pepper,blockchain_iot,2025-09-21,irrigation_maintenance,0.043
PEP-B1-BIOT,pepper,blockchain_iot,2025-09-21,irrigation_system_operation,0.01
PEP-B1-BIOT,pepper,blockchain_iot,2025-09-21,soil_moisture_monitoring,0.009
PEP-B1-BIOT,pepper,blockchain_iot,2025-09-21,system_administration,0.364
PEP-B1-TRAD,pepper,traditional,2025-09-21,irrigation_maintenance,0.261
PEP-B1-TRAD,pepper,traditional,2025-09-21,irrigation_system_operation,0.104
PEP-B1-TRAD,pepper,traditional,2025-09-21,soil_moisture_monitoring,0.134
PEP-B2-BIOT,pepper,blockchain_iot,2025-09-21,irrigation_maintenance,0.046
PEP-B2-BIOT,pepper,blockchain_iot,2025-09-21,irrigation_system_operation,0.009
PEP-B2-BIOT,pepper,blockchain_iot,2025-09-21,soil_moisture_monitoring,0.009
PEP-B2-BIOT,pepper,blockchain_iot,2025-09-21,system_administration,0.304
PEP-B2-TRAD,pepper,traditional,2025-09-21,irrigation_maintenance,0.276
PEP-B2-TRAD,pepper,traditional,2025-09-21,irrigation_system_operation,0.124
PEP-B2-TRAD,pepper,traditional,2025-09-21,soil_moisture_monitoring,0.182
PEP-B3-BIOT,pepper,blockchain_iot,2025-09-21,irrigation_maintenance,0.044
PEP-B3-BIOT,pepper,blockchain_iot,2025-09-21,irrigation_system_operation,0.008
PEP-B3-BIOT,pepper,blockchain_iot,2025-09-21,soil_moisture_monitoring,0.011
PEP-B3-BIOT,pepper,blockchain_iot,2025-09-21,system_administration,0.24
PEP-B3-TRAD,pepper,traditional,2025-09-21,irrigation_maintenance,0.243
PEP-B3-TRAD,pepper,traditional,2025-09-21,irrigation_system_operation,0.114
PEP-B3-TRAD,pepper,traditional,2025-09-21,soil_moisture_monitoring,0.201
TOM-B1-BIOT,tomato,blockchain_iot,2025-09-21,irrigation_maintenance,0.08
TOM-B1-BIOT,tomato,blockchain_iot,2025-09-21,irrigation_system_operation,0.013
TOM-B1-BIOT,tomato,blockchain_iot,2025-09-21,soil_moisture_monitoring,0.011
TOM-B1-BIOT,tomato,blockchain_iot,2025-09-21,system_administration,0.587
TOM-B1-TRAD,tomato,traditional,2025-09-21,irrigation_maintenance,0.435
TOM-B1-TRAD,tomato,traditional,2025-09-21,irrigation_system_operation,0.19
TOM-B1-TRAD,tomato,traditional,2025-09-21,soil_moisture_monitoring,0.174
TOM-B2-BIOT,tomato,blockchain_iot,2025-09-21,irrigation_maintenance,0.06
TOM-B2-BIOT,tomato,blockchain_iot,2025-09-21,irrigation_system_operation,0.012
TOM-B2-BIOT,tomato,blockchain_iot,2025-09-21,soil_moisture_monitoring,0.013
TOM-B2-BIOT,tomato,blockchain_iot,2025-09-21,system_administration,0.529
TOM-B2-TRAD,tomato,traditional,2025-09-21,irrigation_maintenance,0.48
TOM-B2-TRAD,tomato,traditional,2025-09-21,irrigation_system_operation,0.157
TOM-B2-TRAD,tomato,traditional,2025-09-21,soil_moisture_monitoring,0.25
TOM-B3-BIOT,tomato,blockchain_iot,2025-09-21,irrigation_maintenance,0.076
TOM-B3-BIOT,tomato,blockchain_iot,2025-09-21,irrigation_system_operation,0.013
TOM-B3-BIOT,tomato,blockchain_iot,2025-09-21,soil_moisture_monitoring,0.017
TOM-B3-BIOT,tomato,blockchain_iot,2025-09-21,system_administration,0.518
TOM-B3-TRAD,tomato,traditional,2025-09-21,irrigation_maintenance,0.343
TOM-B3-TRAD,tomato,traditional,2025-09-21,irrigation_system_operation,0.127
TOM-B3-TRAD,tomato,traditional,2025-09-21,soil_moisture_monitoring,0.344
PEP-B1-BIOT,pepper,blockchain_iot,2025-09-22,crop_health_monitoring,0.07
PEP-B1-BIOT,pepper,blockchain_iot,2025-09-22,irrigation_system_operation,0.008
PEP-B1-BIOT,pepper,blockchain_iot,2025-09-22,soil_moisture_monitoring,0.011
PEP-B1-BIOT,pepper,blockchain_iot,2025-09-22,weather_data_monitoring,0.008
PEP-B1-TRAD,pepper,traditional,2025-09-22,crop_health_monitoring,0.216
PEP-B1-TRAD,pepper,traditional,2025-09-22,irrigation_system_operation,0.101
PEP-B1-TRAD,pepper,traditional,2025-09-22,soil_moisture_monitoring,0.13
PEP-B1-TRAD,pepper,traditional,2025-09-22,weather_data_monitoring,0.136
PEP-B2-BIOT,pepper,blockchain_iot,2025-09-22,crop_health_monitoring,0.033
PEP-B2-BIOT,pepper,blockchain_iot,2025-09-22,irrigation_system_operation,0.007
PEP-B2-BIOT,pepper,blockchain_iot,2025-09-22,soil_moisture_monitoring,0.01
PEP-B2-BIOT,pepper,blockchain_iot,2025-09-22,weather_data_monitoring,0.005
PEP-B2-TRAD,pepper,traditional,2025-09-22,crop_health_monitoring,0.264
PEP-B2-TRAD,pepper,traditional,2025-09-22,irrigation_system_operation,0.114
PEP-B2-TRAD,pepper,traditional,2025-09-22,soil_moisture_monitoring,0.15
PEP-B2-TRAD,pepper,traditional,2025-09-22,weather_data_monitoring,0.14
PEP-B3-BIOT,pepper,blockchain_iot,2025-09-22,crop_health_monitoring,0.064
PEP-B3-BIOT,pepper,blockchain_iot,2025-09-22,irrigation_system_operation,0.008
PEP-B3-BIOT,pepper,blockchain_iot,2025-09-22,soil_moisture_monitoring,0.01
PEP-B3-BIOT,pepper,blockchain_iot,2025-09-22,weather_data_monitoring,0.007
PEP-B3-TRAD,pepper,traditional,2025-09-22,crop_health_monitoring,0.294
PEP-B3-TRAD,pepper,traditional,2025-09-22,irrigation_system_operation,0.126
PEP-B3-TRAD,pepper,traditional,2025-09-22,soil_moisture_monitoring,0.141
PEP-B3-TRAD,pepper,traditional,2025-09-22,weather_data_monitoring,0.17
TOM-B1-BIOT,tomato,blockchain_iot,2025-09-22,crop_health_monitoring,0.077
TOM-B1-BIOT,tomato,blockchain_iot,2025-09-22,irrigation_system_operation,0.012
TOM-B1-BIOT,tomato,blockchain_iot,2025-09-22,soil_moisture_monitoring,0.017
TOM-B1-BIOT,tomato,blockchain_iot,2025-09-22,weather_data_monitoring,0.015
TOM-B1-TRAD,tomato,traditional,2025-09-22,crop_health_monitoring,0.486
TOM-B1-TRAD,tomato,traditional,2025-09-22,irrigation_system_operation,0.183
TOM-B1-TRAD,tomato,traditional,2025-09-22,soil_moisture_monitoring,0.26
TOM-B1-TRAD,tomato,traditional,2025-09-22,weather_data_monitoring,0.155
TOM-B2-BIOT,tomato,blockchain_iot,2025-09-22,crop_health_monitoring,0.091
TOM-B2-BIOT,tomato,blockchain_iot,2025-09-22,irrigation_system_operation,0.017
TOM-B2-BIOT,tomato,blockchain_iot,2025-09-22,soil_moisture_monitoring,0.011
TOM-B2-BIOT,tomato,blockchain_iot,2025-09-22,weather_data_monitoring,0.016
TOM-B2-TRAD,tomato,traditional,2025-09-22,crop_health_monitoring,0.486
TOM-B2-TRAD,tomato,traditional,2025-09-22,irrigation_system_operation,0.131
TOM-B2-TRAD,tomato,traditional,2025-09-22,soil_moisture_monitoring,0.267
TOM-B2-TRAD,tomato,traditional,2025-09-22,weather_data_monitoring,0.212
TOM-B3-BIOT,tomato,blockchain_iot,2025-09-22,crop_health_monitoring,0.081
TOM-B3-BIOT,tomato,blockchain_iot,2025-09-22,irrigation_system_operation,0.017
TOM-B3-BIOT,tomato,blockchain_iot,2025-09-22,soil_moisture_monitoring,0.012
TOM-B3-BIOT,tomato,blockchain_iot,2025-09-22,weather_data_monitoring,0.015
TOM-B3-TRAD,tomato,traditional,2025-09-22,crop_health_monitoring,0.413
TOM-B3-TRAD,tomato,traditional,2025-09-22,irrigation_system_operation,0.23
TOM-B3-TRAD,tomato,traditional,2025-09-22,soil_moisture_monitoring,0.238
TOM-B3-TRAD,tomato,traditional,2025-09-22,weather_data_monitoring,0.196
PEP-B1-BIOT,pepper,blockchain_iot,2025-09-23,irrigation_system_operation,0.012
PEP-B1-BIOT,pepper,blockchain_iot,2025-09-23,soil_moisture_monitoring,0.006
PEP-B1-TRAD,pepper,traditional,2025-09-23,irrigation_system_operation,0.086
PEP-B1-TRAD,pepper,traditional,2025-09-23,soil_moisture_monitoring,0.185
PEP-B2-BIOT,pepper,blockchain_iot,2025-09-23,irrigation_system_operation,0.008
PEP-B2-BIOT,pepper,blockchain_iot,2025-09-23,soil_moisture_monitoring,0.01
PEP-B2-TRAD,pepper,traditional,2025-09-23,irrigation_system_operation,0.107
PEP-B2-TRAD,pepper,traditional,2025-09-23,soil_moisture_monitoring,0.194
PEP-B3-BIOT,pepper,blockchain_iot,2025-09-23,irrigation_system_operation,0.007
PEP-B3-BIOT,pepper,blockchain_iot,2025-09-23,soil_moisture_monitoring,0.009
PEP-B3-TRAD,pepper,traditional,2025-09-23,irrigation_system_operation,0.066
PEP-B3-TRAD,pepper,traditional,2025-09-23,soil_moisture_monitoring,0.109
TOM-B1-BIOT,tomato,blockchain_iot,2025-09-23,irrigation_system_operation,0.01
TOM-B1-BIOT,tomato,blockchain_iot,2025-09-23,soil_moisture_monitoring,0.016
TOM-B1-TRAD,tomato,traditional,2025-09-23,irrigation_system_operation,0.186
TOM-B1-TRAD,tomato,traditional,2025-09-23,soil_moisture_monitoring,0.33
TOM-B2-BIOT,tomato,blockchain_iot,2025-09-23,irrigation_system_operation,0.015
TOM-B2-BIOT,tomato,blockchain_iot,2025-09-23,soil_moisture_monitoring,0.017
TOM-B2-TRAD,tomato,traditional,2025-09-23,irrigation_system_operation,0.162
TOM-B2-TRAD,tomato,traditional,2025-09-23,soil_moisture_monitoring,0.184
TOM-B3-BIOT,tomato,blockchain_iot,2025-09-23,irrigation_system_operation,0.011
TOM-B3-BIOT,tomato,blockchain_iot,2025-09-23,soil_moisture_monitoring,0.017
TOM-B3-TRAD,tomato,traditional,2025-09-23,irrigation_system_operation,0.162
TOM-B3-TRAD,tomato,traditional,2025-09-23,soil_moisture_monitoring,0.237
PEP-B1-BIOT,pepper,blockchain_iot,2025-09-24,crop_health_monitoring,0.046
PEP-B1-BIOT,pepper,blockchain_iot,2025-09-24,irrigation_maintenance,0.041
PEP-B1-BIOT,pepper,blockchain_iot,2025-09-24,irrigation_system_operation,0.006
PEP-B1-BIOT,pepper,blockchain_iot,2025-09-24,soil_moisture_monitoring,0.013
PEP-B1-BIOT,pepper,blockchain_iot,2025-09-24,system_administration,0.331
PEP-B1-BIOT,pepper,blockchain_iot,2025-09-24,weather_data_monitoring,0.008
PEP-B1-TRAD,pepper,traditional,2025-09-24,crop_health_monitoring,0.251
PEP-B1-TRAD,pepper,traditional,2025-09-24,irrigation_maintenance,0.237
PEP-B1-TRAD,pepper,traditional,2025-09-24,irrigation_system_operation,0.128
PEP-B1-TRAD,pepper,traditional,2025-09-24,soil_moisture_monitoring,0.146
PEP-B1-TRAD,pepper,traditional,2025-09-24,weather_data_monitoring,0.116
PEP-B2-BIOT,pepper,blockchain_iot,2025-09-24,crop_health_monitoring,0.071
PEP-B2-BIOT,pepper,blockchain_iot,2025-09-24,irrigation_maintenance,0.027
PEP-B2-BIOT,pepper,blockchain_iot,2025-09-24,irrigation_system_operation,0.009
PEP-B2-BIOT,pepper,blockchain_iot,2025-09-24,soil_moisture_monitoring,0.009
PEP-B2-BIOT,pepper,blockchain_iot,2025-09-24,system_administration,0.258
PEP-B2-BIOT,pepper,blockchain_iot,2025-09-24,weather_data_monitoring,0.009
PEP-B2-TRAD,pepper,traditional,2025-09-24,crop_health_monitoring,0.258
PEP-B2-TRAD,pepper,traditional,2025-09-24,irrigation_maintenance,0.181
PEP-B2-TRAD,pepper,traditional,2025-09-24,irrigation_system_operation,0.118
PEP-B2-TRAD,pepper,traditional,2025-09-24,soil_moisture_monitoring,0.128
PEP-B2-TRAD,pepper,traditional,2025-09-24,weather_data_monitoring,0.136
PEP-B3-BIOT,pepper,blockchain_iot,2025-09-24,crop_health_monitoring,0.059
PEP-B3-BIOT,pepper,blockchain_iot,2025-09-24,irrigation_maintenance,0.05
PEP-B3-BIOT,pepper,blockchain_iot,2025-09-24,irrigation_system_operation,0.009
PEP-B3-BIOT,pepper,blockchain_iot,2025-09-24,soil_moisture_monitoring,0.012
PEP-B3-BIOT,pepper,blockchain_iot,2025-09-24,system_administration,0.327
PEP-B3-BIOT,pepper,blockchain_iot,2025-09-24,weather_data_monitoring,0.01
PEP-B3-TRAD,pepper,traditional,2025-09-24,crop_health_monitoring,0.284
PEP-B3-TRAD,pepper,traditional,2025-09-24,irrigation_maintenance,0.253
PEP-B3-TRAD,pepper,traditional,2025-09-24,irrigation_system_operation,0.117
PEP-B3-TRAD,pepper,traditional,2025-09-24,soil_moisture_monitoring,0.142
PEP-B3-TRAD,pepper,traditional,2025-09-24,weather_data_monitoring,0.138
TOM-B1-BIOT,tomato,blockchain_iot,2025-09-24,crop_health_monitoring,0.093
TOM-B1-BIOT,tomato,blockchain_iot,2025-09-24,irrigation_maintenance,0.074
TOM-B1-BIOT,tomato,blockchain_iot,2025-09-24,irrigation_system_operation,0.017
TOM-B1-BIOT,tomato,blockchain_iot,2025-09-24,soil_moisture_monitoring,0.008
TOM-B1-BIOT,tomato,blockchain_iot,2025-09-24,system_administration,0.657
TOM-B1-BIOT,tomato,blockchain_iot,2025-09-24,weather_data_monitoring,0.014
TOM-B1-TRAD,tomato,traditional,2025-09-24,crop_health_monitoring,0.319
TOM-B1-TRAD,tomato,traditional,2025-09-24,irrigation_maintenance,0.377
TOM-B1-TRAD,tomato,traditional,2025-09-24,irrigation_system_operation,0.186
TOM-B1-TRAD,tomato,traditional,2025-09-24,soil_moisture_monitoring,0.344
TOM-B1-TRAD,tomato,traditional,2025-09-24,weather_data_monitoring,0.23
TOM-B2-BIOT,tomato,blockchain_iot,2025-09-24,crop_health_monitoring,0.085
TOM-B2-BIOT,tomato,blockchain_iot,2025-09-24,irrigation_maintenance,0.064
TOM-B2-BIOT,tomato,blockchain_iot,2025-09-24,irrigation_system_operation,0.014
TOM-B2-BIOT,tomato,blockchain_iot,2025-09-24,soil_moisture_monitoring,0.015
TOM-B2-BIOT,tomato,blockchain_iot,2025-09-24,system_administration,0.537
TOM-B2-BIOT,tomato,blockchain_iot,2025-09-24,weather_data_monitoring,0.009
TOM-B2-TRAD,tomato,traditional,2025-09-24,crop_health_monitoring,0.499
TOM-B2-TRAD,tomato,traditional,2025-09-24,irrigation_maintenance,0.394
TOM-B2-TRAD,tomato,traditional,2025-09-24,irrigation_system_operation,0.25
TOM-B2-TRAD,tomato,traditional,2025-09-24,soil_moisture_monitoring,0.229
TOM-B2-TRAD,tomato,traditional,2025-09-24,weather_data_monitoring,0.165
TOM-B3-BIOT,tomato,blockchain_iot,2025-09-24,crop_health_monitoring,0.111
TOM-B3-BIOT,tomato,blockchain_iot,2025-09-24,irrigation_maintenance,0.074
TOM-B3-BIOT,tomato,blockchain_iot,2025-09-24,irrigation_system_operation,0.015
TOM-B3-BIOT,tomato,blockchain_iot,2025-09-24,soil_moisture_monitoring,0.006
TOM-B3-BIOT,tomato,blockchain_iot,2025-09-24,system_administration,0.656
TOM-B3-BIOT,tomato,blockchain_iot,2025-09-24,weather_data_monitoring,0.016
TOM-B3-TRAD,tomato,traditional,2025-09-24,crop_health_monitoring,0.499
TOM-B3-TRAD,tomato,traditional,2025-09-24,irrigation_maintenance,0.497
TOM-B3-TRAD,tomato,traditional,2025-09-24,irrigation_system_operation,0.172
TOM-B3-TRAD,tomato,traditional,2025-09-24,soil_moisture_monitoring,0.293
TOM-B3-TRAD,tomato,traditional,2025-09-24,weather_data_monitoring,0.143
PEP-B1-BIOT,pepper,blockchain_iot,2025-09-25,irrigation_system_operation,0.007
PEP-B1-BIOT,pepper,blockchain_iot,2025-09-25,soil_moisture_monitoring,0.012
PEP-B1-TRAD,pepper,traditional,2025-09-25,irrigation_system_operation,0.092
PEP-B1-TRAD,pepper,traditional,2025-09-25,soil_moisture_monitoring,0.151
PEP-B2-BIOT,pepper,blockchain_iot,2025-09-25,irrigation_system_operation,0.01
PEP-B2-BIOT,pepper,blockchain_iot,2025-09-25,soil_moisture_monitoring,0.009
PEP-B2-TRAD,pepper,traditional,2025-09-25,irrigation_system_operation,0.13
PEP-B2-TRAD,pepper,traditional,2025-09-25,soil_moisture_monitoring,0.147
PEP-B3-BIOT,pepper,blockchain_iot,2025-09-25,irrigation_system_operation,0.008
PEP-B3-BIOT,pepper,blockchain_iot,2025-09-25,soil_moisture_monitoring,0.008
PEP-B3-TRAD,pepper,traditional,2025-09-25,irrigation_system_operation,0.138
PEP-B3-TRAD,pepper,traditional,2025-09-25,soil_moisture_monitoring,0.161
TOM-B1-BIOT,tomato,blockchain_iot,2025-09-25,irrigation_system_operation,0.011
TOM-B1-BIOT,tomato,blockchain_iot,2025-09-25,soil_moisture_monitoring,0.016
TOM-B1-TRAD,tomato,traditional,2025-09-25,irrigation_system_operation,0.197
TOM-B1-TRAD,tomato,traditional,2025-09-25,soil_moisture_monitoring,0.276
TOM-B2-BIOT,tomato,blockchain_iot,2025-09-25,irrigation_system_operation,0.013
TOM-B2-BIOT,tomato,blockchain_iot,2025-09-25,soil_moisture_monitoring,0.017
TOM-B2-TRAD,tomato,traditional,2025-09-25,irrigation_system_operation,0.161
TOM-B2-TRAD,tomato,traditional,2025-09-25,soil_moisture_monitoring,0.215
TOM-B3-BIOT,tomato,blockchain_iot,2025-09-25,irrigation_system_operation,0.016
TOM-B3-BIOT,tomato,blockchain_iot,2025-09-25,soil_moisture_monitoring,0.016
TOM-B3-TRAD,tomato,traditional,2025-09-25,irrigation_system_operation,0.158
TOM-B3-TRAD,tomato,traditional,2025-09-25,soil_moisture_monitoring,0.267
PEP-B1-BIOT,pepper,blockchain_iot,2025-09-26,certification,0.076
PEP-B1-BIOT,pepper,blockchain_iot,2025-09-26,crop_health_monitoring,0.056
PEP-B1-BIOT,pepper,blockchain_iot,2025-09-26,irrigation_system_operation,0.009
PEP-B1-BIOT,pepper,blockchain_iot,2025-09-26,record_keeping,0.031
PEP-B1-BIOT,pepper,blockchain_iot,2025-09-26,reporting,0.036
PEP-B1-BIOT,pepper,blockchain_iot,2025-09-26,soil_moisture_monitoring,0.007
PEP-B1-BIOT,pepper,blockchain_iot,2025-09-26,weather_data_monitoring,0.009
PEP-B1-TRAD,pepper,traditional,2025-09-26,certification,0.337
PEP-B1-TRAD,pepper,traditional,2025-09-26,crop_health_monitoring,0.187
PEP-B1-TRAD,pepper,traditional,2025-09-26,irrigation_system_operation,0.095
PEP-B1-TRAD,pepper,traditional,2025-09-26,record_keeping,0.375
PEP-B1-TRAD,pepper,traditional,2025-09-26,reporting,0.089
PEP-B1-TRAD,pepper,traditional,2025-09-26,soil_moisture_monitoring,0.175
PEP-B1-TRAD,pepper,traditional,2025-09-26,troubleshooting,0.116
PEP-B1-TRAD,pepper,traditional,2025-09-26,weather_data_monitoring,0.149
PEP-B2-BIOT,pepper,blockchain_iot,2025-09-26,certification,0.044
PEP-B2-BIOT,pepper,blockchain_iot,2025-09-26,crop_health_monitoring,0.065
PEP-B2-BIOT,pepper,blockchain_iot,2025-09-26,irrigation_system_operation,0.009
PEP-B2-BIOT,pepper,blockchain_iot,2025-09-26,record_keeping,0.028
PEP-B2-BIOT,pepper,blockchain_iot,2025-09-26,reporting,0.028
PEP-B2-BIOT,pepper,blockchain_iot,2025-09-26,soil_moisture_monitoring,0.007
PEP-B2-BIOT,pepper,blockchain_iot,2025-09-26,weather_data_monitoring,0.011
PEP-B2-TRAD,pepper,traditional,2025-09-26,certification,0.295
PEP-B2-TRAD,pepper,traditional,2025-09-26,crop_health_monitoring,0.254
PEP-B2-TRAD,pepper,traditional,2025-09-26,irrigation_system_operation,0.119
PEP-B2-TRAD,pepper,traditional,2025-09-26,record_keeping,0.465
PEP-B2-TRAD,pepper,traditional,2025-09-26,reporting,0.174
PEP-B2-TRAD,pepper,traditional,2025-09-26,soil_moisture_monitoring,0.162
PEP-B2-TRAD,pepper,traditional,2025-09-26,troubleshooting,0.172
PEP-B2-TRAD,pepper,traditional,2025-09-26,weather_data_monitoring,0.135
PEP-B3-BIOT,pepper,blockchain_iot,2025-09-26,certification,0.05
PEP-B3-BIOT,pepper,blockchain_iot,2025-09-26,crop_health_monitoring,0.048
PEP-B3-BIOT,pepper,blockchain_iot,2025-09-26,irrigation_system_operation,0.01
PEP-B3-BIOT,pepper,blockchain_iot,2025-09-26,record_keeping,0.028
PEP-B3-BIOT,pepper,blockchain_iot,2025-09-26,reporting,0.024
PEP-B3-BIOT,pepper,blockchain_iot,2025-09-26,soil_moisture_monitoring,0.008
PEP-B3-BIOT,pepper,blockchain_iot,2025-09-26,weather_data_monitoring,0.008
PEP-B3-TRAD,pepper,traditional,2025-09-26,certification,0.276
PEP-B3-TRAD,pepper,traditional,2025-09-26,crop_health_monitoring,0.272
PEP-B3-TRAD,pepper,traditional,2025-09-26,irrigation_system_operation,0.082
PEP-B3-TRAD,pepper,traditional,2025-09-26,record_keeping,0.346
PEP-B3-TRAD,pepper,traditional,2025-09-26,reporting,0.117
PEP-B3-TRAD,pepper,traditional,2025-09-26,soil_moisture_monitoring,0.191
PEP-B3-TRAD,pepper,traditional,2025-09-26,troubleshooting,0.17
PEP-B3-TRAD,pepper,traditional,2025-09-26,weather_data_monitoring,0.106
TOM-B1-BIOT,tomato,blockchain_iot,2025-09-26,certification,0.159
TOM-B1-BIOT,tomato,blockchain_iot,2025-09-26,crop_health_monitoring,0.086
TOM-B1-BIOT,tomato,blockchain_iot,2025-09-26,irrigation_system_operation,0.015
TOM-B1-BIOT,tomato,blockchain_iot,2025-09-26,record_keeping,0.053
TOM-B1-BIOT,tomato,blockchain_iot,2025-09-26,reporting,0.039
TOM-B1-BIOT,tomato,blockchain_iot,2025-09-26,soil_moisture_monitoring,0.013
TOM-B1-BIOT,tomato,blockchain_iot,2025-09-26,weather_data_monitoring,0.011
TOM-B1-TRAD,tomato,traditional,2025-09-26,certification,0.311
TOM-B1-TRAD,tomato,traditional,2025-09-26,crop_health_monitoring,0.359
TOM-B1-TRAD,tomato,traditional,2025-09-26,irrigation_system_operation,0.133
TOM-B1-TRAD,tomato,traditional,2025-09-26,record_keeping,0.549
TOM-B1-TRAD,tomato,traditional,2025-09-26,reporting,0.258
TOM-B1-TRAD,tomato,traditional,2025-09-26,soil_moisture_monitoring,0.243
TOM-B1-TRAD,tomato,traditional,2025-09-26,troubleshooting,0.205
TOM-B1-TRAD,tomato,traditional,2025-09-26,weather_data_monitoring,0.125
TOM-B2-BIOT,tomato,blockchain_iot,2025-09-26,certification,0.079
TOM-B2-BIOT,tomato,blockchain_iot,2025-09-26,crop_health_monitoring,0.112
TOM-B2-BIOT,tomato,blockchain_iot,2025-09-26,irrigation_system_operation,0.01
TOM-B2-BIOT,tomato,blockchain_iot,2025-09-26,record_keeping,0.058
TOM-B2-BIOT,tomato,blockchain_iot,2025-09-26,reporting,0.051
TOM-B2-BIOT,tomato,blockchain_iot,2025-09-26,soil_moisture_monitoring,0.014
TOM-B2-BIOT,tomato,blockchain_iot,2025-09-26,weather_data_monitoring,0.017
TOM-B2-TRAD,tomato,traditional,2025-09-26,certification,0.357
TOM-B2-TRAD,tomato,traditional,2025-09-26,crop_health_monitoring,0.454
TOM-B2-TRAD,tomato,traditional,2025-09-26,irrigation_system_operation,0.147
TOM-B2-TRAD,tomato,traditional,2025-09-26,record_keeping,0.738
TOM-B2-TRAD,tomato,traditional,2025-09-26,reporting,0.28
TOM-B2-TRAD,tomato,traditional,2025-09-26,soil_moisture_monitoring,0.273
TOM-B2-TRAD,tomato,traditional,2025-09-26,troubleshooting,0.216
TOM-B2-TRAD,tomato,traditional,2025-09-26,weather_data_monitoring,0.201
TOM-B3-BIOT,tomato,blockchain_iot,2025-09-26,certification,0.065
TOM-B3-BIOT,tomato,blockchain_iot,2025-09-26,crop_health_monitoring,0.094
TOM-B3-BIOT,tomato,blockchain_iot,2025-09-26,irrigation_system_operation,0.011
TOM-B3-BIOT,tomato,blockchain_iot,2025-09-26,record_keeping,0.054
TOM-B3-BIOT,tomato,blockchain_iot,2025-09-26,reporting,0.048
TOM-B3-BIOT,tomato,blockchain_iot,2025-09-26,soil_moisture_monitoring,0.018
TOM-B3-BIOT,tomato,blockchain_iot,2025-09-26,weather_data_monitoring,0.021
TOM-B3-TRAD,tomato,traditional,2025-09-26,certification,0.581
TOM-B3-TRAD,tomato,traditional,2025-09-26,crop_health_monitoring,0.309
TOM-B3-TRAD,tomato,traditional,2025-09-26,irrigation_system_operation,0.188
TOM-B3-TRAD,tomato,traditional,2025-09-26,record_keeping,0.938
TOM-B3-TRAD,tomato,traditional,2025-09-26,reporting,0.232
TOM-B3-TRAD,tomato,traditional,2025-09-26,soil_moisture_monitoring,0.209
TOM-B3-TRAD,tomato,traditional,2025-09-26,troubleshooting,0.271
TOM-B3-TRAD,tomato,traditional,2025-09-26,weather_data_monitoring,0.139
PEP-B1-BIOT,pepper,blockchain_iot,2025-09-27,irrigation_maintenance,0.036
PEP-B1-BIOT,pepper,blockchain_iot,2025-09-27,irrigation_system_operation,0.008
PEP-B1-BIOT,pepper,blockchain_iot,2025-09-27,soil_moisture_monitoring,0.007
PEP-B1-BIOT,pepper,blockchain_iot,2025-09-27,system_administration,0.396
PEP-B1-TRAD,pepper,traditional,2025-09-27,irrigation_maintenance,0.239
PEP-B1-TRAD,pepper,traditional,2025-09-27,irrigation_system_operation,0.096
PEP-B1-TRAD,pepper,traditional,2025-09-27,soil_moisture_monitoring,0.135
PEP-B2-BIOT,pepper,blockchain_iot,2025-09-27,irrigation_maintenance,0.048
PEP-B2-BIOT,pepper,blockchain_iot,2025-09-27,irrigation_system_operation,0.011
PEP-B2-BIOT,pepper,blockchain_iot,2025-09-27,soil_moisture_monitoring,0.01
PEP-B2-BIOT,pepper,blockchain_iot,2025-09-27,system_administration,0.311
PEP-B2-TRAD,pepper,traditional,2025-09-27,irrigation_maintenance,0.307
PEP-B2-TRAD,pepper,traditional,2025-09-27,irrigation_system_operation,0.127
PEP-B2-TRAD,pepper,traditional,2025-09-27,soil_moisture_monitoring,0.145
PEP-B3-BIOT,pepper,blockchain_iot,2025-09-27,irrigation_maintenance,0.044
PEP-B3-BIOT,pepper,blockchain_iot,2025-09-27,irrigation_system_operation,0.009
PEP-B3-BIOT,pepper,blockchain_iot,2025-09-27,soil_moisture_monitoring,0.007
PEP-B3-BIOT,pepper,blockchain_iot,2025-09-27,system_administration,0.329
PEP-B3-TRAD,pepper,traditional,2025-09-27,irrigation_maintenance,0.256
PEP-B3-TRAD,pepper,traditional,2025-09-27,irrigation_system_operation,0.081
PEP-B3-TRAD,pepper,traditional,2025-09-27,soil_moisture_monitoring,0.161
TOM-B1-BIOT,tomato,blockchain_iot,2025-09-27,irrigation_maintenance,0.067
TOM-B1-BIOT,tomato,blockchain_iot,2025-09-27,irrigation_system_operation,0.016
TOM-B1-BIOT,tomato,blockchain_iot,2025-09-27,soil_moisture_monitoring,0.015
TOM-B1-BIOT,tomato,blockchain_iot,2025-09-27,system_administration,0.454
TOM-B1-TRAD,tomato,traditional,2025-09-27,irrigation_maintenance,0.49
TOM-B1-TRAD,tomato,traditional,2025-09-27,irrigation_system_operation,0.209
TOM-B1-TRAD,tomato,traditional,2025-09-27,soil_moisture_monitoring,0.189
TOM-B2-BIOT,tomato,blockchain_iot,2025-09-27,irrigation_maintenance,0.057
TOM-B2-BIOT,tomato,blockchain_iot,2025-09-27,irrigation_system_operation,0.012
TOM-B2-BIOT,tomato,blockchain_iot,2025-09-27,soil_moisture_monitoring,0.015
TOM-B2-BIOT,tomato,blockchain_iot,2025-09-27,system_administration,0.605
TOM-B2-TRAD,tomato,traditional,2025-09-27,irrigation_maintenance,0.446
TOM-B2-TRAD,tomato,traditional,2025-09-27,irrigation_system_operation,0.124
TOM-B2-TRAD,tomato,traditional,2025-09-27,soil_moisture_monitoring,0.349
TOM-B3-BIOT,tomato,blockchain_iot,2025-09-27,irrigation_maintenance,0.05
TOM-B3-BIOT,tomato,blockchain_iot,2025-09-27,irrigation_system_operation,0.013
TOM-B3-BIOT,tomato,blockchain_iot,2025-09-27,soil_moisture_monitoring,0.018
TOM-B3-BIOT,tomato,blockchain_iot,2025-09-27,system_administration,0.533
TOM-B3-TRAD,tomato,traditional,2025-09-27,irrigation_maintenance,0.374
TOM-B3-TRAD,tomato,traditional,2025-09-27,irrigation_system_operation,0.205
TOM-B3-TRAD,tomato,traditional,2025-09-27,soil_moisture_monitoring,0.288
PEP-B1-BIOT,pepper,blockchain_iot,2025-09-28,crop_health_monitoring,0.054
PEP-B1-BIOT,pepper,blockchain_iot,2025-09-28,irrigation_system_operation,0.006
PEP-B1-BIOT,pepper,blockchain_iot,2025-09-28,soil_moisture_monitoring,0.011
PEP-B1-BIOT,pepper,blockchain_iot,2025-09-28,weather_data_monitoring,0.007
PEP-B1-TRAD,pepper,traditional,2025-09-28,crop_health_monitoring,0.253
PEP-B1-TRAD,pepper,traditional,2025-09-28,irrigation_system_operation,0.113
PEP-B1-TRAD,pepper,traditional,2025-09-28,soil_moisture_monitoring,0.124
PEP-B1-TRAD,pepper,traditional,2025-09-28,weather_data_monitoring,0.125
PEP-B2-BIOT,pepper,blockchain_iot,2025-09-28,crop_health_monitoring,0.062
PEP-B2-BIOT,pepper,blockchain_iot,2025-09-28,irrigation_system_operation,0.009
PEP-B2-BIOT,pepper,blockchain_iot,2025-09-28,soil_moisture_monitoring,0.007
PEP-B2-BIOT,pepper,blockchain_iot,2025-09-28,weather_data_monitoring,0.01
PEP-B2-TRAD,pepper,traditional,2025-09-28,crop_health_monitoring,0.194
PEP-B2-TRAD,pepper,traditional,2025-09-28,irrigation_system_operation,0.05
PEP-B2-TRAD,pepper,traditional,2025-09-28,soil_moisture_monitoring,0.119
PEP-B2-TRAD,pepper,traditional,2025-09-28,weather_data_monitoring,0.113
PEP-B3-BIOT,pepper,blockchain_iot,2025-09-28,crop_health_monitoring,0.055
PEP-B3-BIOT,pepper,blockchain_iot,2025-09-28,irrigation_system_operation,0.007
PEP-B3-BIOT,pepper,blockchain_iot,2025-09-28,soil_moisture_monitoring,0.007
PEP-B3-BIOT,pepper,blockchain_iot,2025-09-28,weather_data_monitoring,0.008
PEP-B3-TRAD,pepper,traditional,2025-09-28,crop_health_monitoring,0.25
PEP-B3-TRAD,pepper,traditional,2025-09-28,irrigation_system_operation,0.138
PEP-B3-TRAD,pepper,traditional,2025-09-28,soil_moisture_monitoring,0.195
PEP-B3-TRAD,pepper,traditional,2025-09-28,weather_data_monitoring,0.147
TOM-B1-BIOT,tomato,blockchain_iot,2025-09-28,crop_health_monitoring,0.077
TOM-B1-BIOT,tomato,blockchain_iot,2025-09-28,irrigation_system_operation,0.015
TOM-B1-BIOT,tomato,blockchain_iot,2025-09-28,soil_moisture_monitoring,0.016
TOM-B1-BIOT,tomato,blockchain_iot,2025-09-28,weather_data_monitoring,0.015
TOM-B1-TRAD,tomato,traditional,2025-09-28,crop_health_monitoring,0.407
TOM-B1-TRAD,tomato,traditional,2025-09-28,irrigation_system_operation,0.171
TOM-B1-TRAD,tomato,traditional,2025-09-28,soil_moisture_monitoring,0.164
TOM-B1-TRAD,tomato,traditional,2025-09-28,weather_data_monitoring,0.2
TOM-B2-BIOT,tomato,blockchain_iot,2025-09-28,crop_health_monitoring,0.094
TOM-B2-BIOT,tomato,blockchain_iot,2025-09-28,irrigation_system_operation,0.016
TOM-B2-BIOT,tomato,blockchain_iot,2025-09-28,soil_moisture_monitoring,0.013
TOM-B2-BIOT,tomato,blockchain_iot,2025-09-28,weather_data_monitoring,0.019
TOM-B2-TRAD,tomato,traditional,2025-09-28,crop_health_monitoring,0.43
TOM-B2-TRAD,tomato,traditional,2025-09-28,irrigation_system_operation,0.159
TOM-B2-TRAD,tomato,traditional,2025-09-28,soil_moisture_monitoring,0.21
TOM-B2-TRAD,tomato,traditional,2025-09-28,weather_data_monitoring,0.213
TOM-B3-BIOT,tomato,blockchain_iot,2025-09-28,crop_health_monitoring,0.088
TOM-B3-BIOT,tomato,blockchain_iot,2025-09-28,irrigation_system_operation,0.013
TOM-B3-BIOT,tomato,blockchain_iot,2025-09-28,soil_moisture_monitoring,0.017
TOM-B3-BIOT,tomato,blockchain_iot,2025-09-28,weather_data_monitoring,0.013
TOM-B3-TRAD,tomato,traditional,2025-09-28,crop_health_monitoring,0.385
TOM-B3-TRAD,tomato,traditional,2025-09-28,irrigation_system_operation,0.172
TOM-B3-TRAD,tomato,traditional,2025-09-28,soil_moisture_monitoring,0.242
TOM-B3-TRAD,tomato,traditional,2025-09-28,weather_data_monitoring,0.166
PEP-B1-BIOT,pepper,blockchain_iot,2025-09-29,irrigation_system_operation,0.007
PEP-B1-BIOT,pepper,blockchain_iot,2025-09-29,soil_moisture_monitoring,0.006
PEP-B1-TRAD,pepper,traditional,2025-09-29,irrigation_system_operation,0.083
PEP-B1-TRAD,pepper,traditional,2025-09-29,soil_moisture_monitoring,0.148
PEP-B2-BIOT,pepper,blockchain_iot,2025-09-29,irrigation_system_operation,0.006
PEP-B2-BIOT,pepper,blockchain_iot,2025-09-29,soil_moisture_monitoring,0.008
PEP-B2-TRAD,pepper,traditional,2025-09-29,irrigation_system_operation,0.108
PEP-B2-TRAD,pepper,traditional,2025-09-29,soil_moisture_monitoring,0.171
PEP-B3-BIOT,pepper,blockchain_iot,2025-09-29,irrigation_system_operation,0.011
PEP-B3-BIOT,pepper,blockchain_iot,2025-09-29,soil_moisture_monitoring,0.007
PEP-B3-TRAD,pepper,traditional,2025-09-29,irrigation_system_operation,0.08
PEP-B3-TRAD,pepper,traditional,2025-09-29,soil_moisture_monitoring,0.161
TOM-B1-BIOT,tomato,blockchain_iot,2025-09-29,irrigation_system_operation,0.011
TOM-B1-BIOT,tomato,blockchain_iot,2025-09-29,soil_moisture_monitoring,0.017
TOM-B1-TRAD,tomato,traditional,2025-09-29,irrigation_system_operation,0.18
TOM-B1-TRAD,tomato,traditional,2025-09-29,soil_moisture_monitoring,0.176
TOM-B2-BIOT,tomato,blockchain_iot,2025-09-29,irrigation_system_operation,0.017
TOM-B2-BIOT,tomato,blockchain_iot,2025-09-29,soil_moisture_monitoring,0.016
TOM-B2-TRAD,tomato,traditional,2025-09-29,irrigation_system_operation,0.202
TOM-B2-TRAD,tomato,traditional,2025-09-29,soil_moisture_monitoring,0.347
TOM-B3-BIOT,tomato,blockchain_iot,2025-09-29,irrigation_system_operation,0.016
TOM-B3-BIOT,tomato,blockchain_iot,2025-09-29,soil_moisture_monitoring,0.015
TOM-B3-TRAD,tomato,traditional,2025-09-29,irrigation_system_operation,0.202
TOM-B3-TRAD,tomato,traditional,2025-09-29,soil_moisture_monitoring,0.289
PEP-B1-BIOT,pepper,blockchain_iot,2025-09-30,crop_health_monitoring,0.044
PEP-B1-BIOT,pepper,blockchain_iot,2025-09-30,irrigation_maintenance,0.035
PEP-B1-BIOT,pepper,blockchain_iot,2025-09-30,irrigation_system_operation,0.009
PEP-B1-BIOT,pepper,blockchain_iot,2025-09-30,soil_moisture_monitoring,0.005
PEP-B1-BIOT,pepper,blockchain_iot,2025-09-30,system_administration,0.367
PEP-B1-BIOT,pepper,blockchain_iot,2025-09-30,weather_data_monitoring,0.006
PEP-B1-TRAD,pepper,traditional,2025-09-30,crop_health_monitoring,0.249
PEP-B1-TRAD,pepper,traditional,2025-09-30,irrigation_maintenance,0.147
PEP-B1-TRAD,pepper,traditional,2025-09-30,irrigation_system_operation,0.079
PEP-B1-TRAD,pepper,traditional,2025-09-30,soil_moisture_monitoring,0.191
PEP-B1-TRAD,pepper,traditional,2025-09-30,weather_data_monitoring,0.18
PEP-B2-BIOT,pepper,blockchain_iot,2025-09-30,crop_health_monitoring,0.055
PEP-B2-BIOT,pepper,blockchain_iot,2025-09-30,irrigation_maintenance,0.037
PEP-B2-BIOT,pepper,blockchain_iot,2025-09-30,irrigation_system_operation,0.009
PEP-B2-BIOT,pepper,blockchain_iot,2025-09-30,soil_moisture_monitoring,0.006
PEP-B2-BIOT,pepper,blockchain_iot,2025-09-30,system_administration,0.313
PEP-B2-BIOT,pepper,blockchain_iot,2025-09-30,weather_data_monitoring,0.007
PEP-B2-TRAD,pepper,traditional,2025-09-30,crop_health_monitoring,0.196
PEP-B2-TRAD,pepper,traditional,2025-09-30,irrigation_maintenance,0.207
PEP-B2-TRAD,pepper,traditional,2025-09-30,irrigation_system_operation,0.101
PEP-B2-TRAD,pepper,traditional,2025-09-30,soil_moisture_monitoring,0.188
PEP-B2-TRAD,pepper,traditional,2025-09-30,weather_data_monitoring,0.167
PEP-B3-BIOT,pepper,blockchain_iot,2025-09-30,crop_health_monitoring,0.03
PEP-B3-BIOT,pepper,blockchain_iot,2025-09-30,irrigation_maintenance,0.028
PEP-B3-BIOT,pepper,blockchain_iot,2025-09-30,irrigation_system_operation,0.006
PEP-B3-BIOT,pepper,blockchain_iot,2025-09-30,soil_moisture_monitoring,0.008
PEP-B3-BIOT,pepper,blockchain_iot,2025-09-30,system_administration,0.315
PEP-B3-BIOT,pepper,blockchain_iot,2025-09-30,weather_data_monitoring,0.007
PEP-B3-TRAD,pepper,traditional,2025-09-30,crop_health_monitoring,0.172
PEP-B3-TRAD,pepper,traditional,2025-09-30,irrigation_maintenance,0.375
PEP-B3-TRAD,pepper,traditional,2025-09-30,irrigation_system_operation,0.08
PEP-B3-TRAD,pepper,traditional,2025-09-30,soil_moisture_monitoring,0.133
PEP-B3-TRAD,pepper,traditional,2025-09-30,weather_data_monitoring,0.115
TOM-B1-BIOT,tomato,blockchain_iot,2025-09-30,crop_health_monitoring,0.119
TOM-B1-BIOT,tomato,blockchain_iot,2025-09-30,irrigation_maintenance,0.052
TOM-B1-BIOT,tomato,blockchain_iot,2025-09-30,irrigation_system_operation,0.015
TOM-B1-BIOT,tomato,blockchain_iot,2025-09-30,soil_moisture_monitoring,0.01
TOM-B1-BIOT,tomato,blockchain_iot,2025-09-30,system_administration,0.712
TOM-B1-BIOT,tomato,blockchain_iot,2025-09-30,weather_data_monitoring,0.015
TOM-B1-TRAD,tomato,traditional,2025-09-30,crop_health_monitoring,0.49
TOM-B1-TRAD,tomato,traditional,2025-09-30,irrigation_maintenance,0.405
TOM-B1-TRAD,tomato,traditional,2025-09-30,irrigation_system_operation,0.267
TOM-B1-TRAD,tomato,traditional,2025-09-30,soil_moisture_monitoring,0.258
TOM-B1-TRAD,tomato,traditional,2025-09-30,weather_data_monitoring,0.247
TOM-B2-BIOT,tomato,blockchain_iot,2025-09-30,crop_health_monitoring,0.105
TOM-B2-BIOT,tomato,blockchain_iot,2025-09-30,irrigation_maintenance,0.055
TOM-B2-BIOT,tomato,blockchain_iot,2025-09-30,irrigation_system_operation,0.012
TOM-B2-BIOT,tomato,blockchain_iot,2025-09-30,soil_moisture_monitoring,0.014
TOM-B2-BIOT,tomato,blockchain_iot,2025-09-30,system_administration,0.389
TOM-B2-BIOT,tomato,blockchain_iot,2025-09-30,weather_data_monitoring,0.012
TOM-B2-TRAD,tomato,traditional,2025-09-30,crop_health_monitoring,0.429
TOM-B2-TRAD,tomato,traditional,2025-09-30,irrigation_maintenance,0.419
TOM-B2-TRAD,tomato,traditional,2025-09-30,irrigation_system_operation,0.233
TOM-B2-TRAD,tomato,traditional,2025-09-30,soil_moisture_monitoring,0.253
TOM-B2-TRAD,tomato,traditional,2025-09-30,weather_data_monitoring,0.184
TOM-B3-BIOT,tomato,blockchain_iot,2025-09-30,crop_health_monitoring,0.08
TOM-B3-BIOT,tomato,blockchain_iot,2025-09-30,irrigation_maintenance,0.049
TOM-B3-BIOT,tomato,blockchain_iot,2025-09-30,irrigation_system_operation,0.016
TOM-B3-BIOT,tomato,blockchain_iot,2025-09-30,soil_moisture_monitoring,0.013
TOM-B3-BIOT,tomato,blockchain_iot,2025-09-30,system_administration,0.343
TOM-B3-BIOT,tomato,blockchain_iot,2025-09-30,weather_data_monitoring,0.018
TOM-B3-TRAD,tomato,traditional,2025-09-30,crop_health_monitoring,0.495
TOM-B3-TRAD,tomato,traditional,2025-09-30,irrigation_maintenance,0.353
TOM-B3-TRAD,tomato,traditional,2025-09-30,irrigation_system_operation,0.148
TOM-B3-TRAD,tomato,traditional,2025-09-30,soil_moisture_monitoring,0.256
TOM-B3-TRAD,tomato,traditional,2025-09-30,weather_data_monitoring,0.246
